N,true_gamma,sim,prs_r2,wg_power,wg_gamma,wg_pval,pc_power,pc_gamma,pc_pval,cd_power,cd_gamma,cd_pval
5000,-0.1,0,0.0016295310498199759,0,0.007520534720040738,0.4486830648239263,0,0.001092165141302283,0.8331816992880656,0,0.003509833172000469,0.8040581185788525
5000,-0.1,1,0.0006176548382203753,0,-0.014551377768468016,0.15080727086458226,0,-0.0012950971098317117,0.12584079630838407,0,0.003939091910235135,0.7819976716886232
5000,-0.1,2,0.002641446170180826,0,-0.008980971410942217,0.3635614696385602,0,0.0002674358860882954,0.38812645184326655,0,-0.0025916536829496345,0.8554221259358107
5000,-0.1,3,0.0020596170279185504,0,0.008587987608206778,0.38547924703562475,0,0.0009234793647594573,0.23105592037141176,0,0.01775687169609908,0.2030956519559968
5000,-0.1,4,0.0004942403165613406,1,0.02371694431121836,0.017405473557606885,0,0.0018023168675633196,0.2550188151837429,0,0.019872191927444022,0.15803735011540332
5000,-0.1,5,0.0010497329326211865,0,0.002611548100270686,0.7906538553052324,0,-0.00040672035584348734,0.1812369202303552,0,-0.004786642260869597,0.7305710067303961
5000,-0.1,6,0.0009107716001451649,0,0.005523241445945024,0.5868969474856072,0,0.001027946159566277,0.2624687775430241,0,0.013798134696103956,0.3273175199459406
5000,-0.1,7,0.0015118207837930163,0,0.0007229536542632635,0.9429371829519373,0,-6.959109279615068e-05,0.9536011758472319,0,-0.0012153221122719465,0.9330402529218537
5000,-0.1,8,0.0003217450138523429,0,0.004509465068434197,0.6493585783532525,0,0.0002526177039700688,0.9348138821372389,0,-0.007959265919693318,0.571315745706627
5000,-0.1,9,0.0017484728600084443,1,0.020975591239196484,0.032573716042309596,0,0.001723928903273175,0.8768292628518614,0,0.02210645864289933,0.11714388188999507
5000,-0.1,10,0.0007407274695575354,0,-0.006773348326588379,0.49476214466746615,0,-0.00039924572501885285,0.8142452423231,0,-0.019064776826992688,0.17796874421477046
5000,-0.1,11,0.001036111117766736,0,0.010520199384974841,0.2747783324217031,0,0.0006357231264570959,0.44388004304206563,0,0.011074534392023595,0.4144092019791129
5000,-0.1,12,0.0019455822644127952,0,-0.005481532258342479,0.5819331173458626,0,-0.0009051806316108059,0.5616631712044391,0,-0.015293855514846867,0.27793313437305656
5000,-0.1,13,0.0035823353481402014,0,0.003930606172016416,0.6773972495904732,0,0.000658493100309983,0.8884711367416206,0,0.001237512181718687,0.9275270825161893
5000,-0.1,14,0.0014990509108731365,0,-0.01053092126437494,0.2804738727914985,0,-0.00021264998806825198,0.8141284732021363,0,-0.010526053966528361,0.45840997186814025
5000,-0.1,15,0.002658217856273001,0,0.010194487961999166,0.30473438616614645,0,0.0006338503923578819,0.5126525587514421,0,0.012413672670756729,0.38489413368543024
5000,-0.1,16,0.0029696347095258474,0,0.0033921550010760247,0.7449055073779938,0,-0.0005589175797717933,0.5893055564920636,0,0.022532189075969898,0.10950045003177167
5000,-0.1,17,0.001091423270451842,1,0.02329973866983308,0.022290898241725518,0,0.0020062453472568945,0.8349945636727721,0,0.016145437730294192,0.2566513475962133
5000,-0.1,18,0.0015788021904292525,0,-0.004200592009823284,0.680678316393246,0,-0.0003760268254866587,0.6857130258635457,0,-0.02178642800095179,0.12857725458684083
5000,-0.1,19,0.001398726534035157,0,-0.0016527434465732913,0.8670858346979006,0,-0.0001907395019606446,0.49963492223925643,0,0.013832174258084189,0.3265661321511576
5000,-0.1,20,0.0037952356062380763,0,-0.008234181606132703,0.4068835899880503,0,-0.000759222867708274,0.3509268298606051,0,-0.013685877401547638,0.3379078966389224
5000,-0.1,21,0.0022961638479174094,0,-0.010117026196984794,0.2959967066618642,0,-0.0005522718462046706,0.7055997220121477,0,-0.009188280373045764,0.5133466037981317
5000,-0.1,22,0.003164196767059469,0,0.004021197448191091,0.6937469094017512,0,-0.0004825980119304298,0.9658043152084342,0,0.012765601781514955,0.368336232365737
5000,-0.1,23,0.001248807351409195,0,0.010197866608485371,0.3091344459661944,1,0.000560740487679491,0.034405069888757356,0,0.02029933711948352,0.15113019201916641
5000,-0.1,24,0.0009403213477495329,0,0.0028126632125653143,0.7850470544654005,0,-0.0002710480252894955,0.7384228333939039,0,0.0059280188653707076,0.6700950329425759
5000,-0.1,25,3.755660860455169e-05,0,0.003937852314596701,0.6820993005335823,0,0.0008044580525836334,0.8795341183337307,0,0.02569405245521492,0.05845381956917372
5000,-0.1,26,0.0044619710360225525,1,0.02102132359139111,0.03535589251670436,0,0.0022668532902900265,0.4346171715034335,0,0.012408388757533109,0.3767610058509929
5000,-0.1,27,0.0034591893471598895,0,-4.854380242327698e-05,0.996142979804709,0,-0.0001257494773158208,0.582957963957033,0,0.005513750059488033,0.6940645946318796
5000,-0.1,28,0.000604167500984953,0,-0.0038756784292672585,0.6969361084248691,0,-3.079038300874061e-05,0.8868503774233343,0,0.009744617988113592,0.4893551446701707
5000,-0.1,29,0.0009421744541310041,0,0.005283652919072718,0.6028899058827726,0,0.0008943819402753059,0.7182147269759709,0,-0.012833169487687986,0.3686206256266956
5000,-0.1,30,0.0009332720946869632,0,-0.007764502985548156,0.43193904830443897,0,-0.0005746454790929746,0.0921436572877099,0,-0.005144179623579787,0.7057145708548673
5000,-0.1,31,0.0011519446969595652,0,0.006041487840592691,0.5437946174247588,0,0.0002019055361638263,0.1275158166847098,0,0.014348842755454564,0.3152076635717157
5000,-0.1,32,0.0005711534685326733,0,0.010267989092259873,0.3065257537145243,0,0.0007055266112579141,0.278047149828758,0,0.013948501490632169,0.3276825679378357
5000,-0.1,33,0.0036028970060241012,0,0.0002323647015687975,0.9820563485485404,0,-0.00017909722759203067,0.7199426567027997,0,4.9068674895614694e-05,0.9972619003801968
5000,-0.1,34,0.0033867392059669676,0,-0.005660683120397729,0.5650573462280014,0,-0.000992675954276155,0.3707643859098282,0,-0.005296522305270419,0.7099019255825084
5000,-0.1,35,0.0036137813203306205,0,0.0073514533799880506,0.4437221606621945,0,0.0011383041008908822,0.4254552258155616,1,0.03145533322790207,0.02149471790354494
5000,-0.1,36,0.0021016841872916075,0,0.0003547245132574633,0.9724804428234631,0,0.00014107884615713377,0.6268265630761873,0,0.011544194469028345,0.42306162987401696
5000,-0.1,37,0.0024405090017865397,0,-0.004276130633602572,0.6724276268519935,0,-0.00024977682956267376,0.32609291241014393,0,-0.00756826698957283,0.5966192074628296
5000,-0.1,38,0.00015542360356725167,0,-0.0049340860426672975,0.6020568898529239,0,-0.00027956198308106176,0.8157271548481628,0,-0.018111724990545818,0.18514426493011243
5000,-0.1,39,0.0007494952685547497,0,-0.0052586075994284645,0.6071502743692662,0,-0.0006884315972220909,0.5193099146027769,0,-0.0027332568227260634,0.8457153679544096
5000,-0.1,40,0.0019705895747987633,0,0.007146302402325754,0.46210777255557167,0,0.0002460588938762322,0.5893015618178656,0,0.009655572914390797,0.4946916517462593
5000,-0.1,41,0.0006408812211127783,0,-0.009641143209062062,0.32681722132020063,0,-0.0006464574198442129,0.6623951729051856,0,-0.02192454154928981,0.11538461669275564
5000,-0.1,42,0.004586512871929098,0,0.010125932058859474,0.3230742066152271,0,0.0006321911277130954,0.19645458696042195,0,0.011743856109699092,0.40552197901526843
5000,-0.1,43,0.002261057379508981,0,-0.00023191484094210735,0.9817557984603302,0,0.0006244540484945853,0.1901728314050647,0,0.005278438864912098,0.716263929418608
5000,-0.1,44,0.001000179796315389,0,-0.00590434933279051,0.5592940697370605,0,-0.001019957015760807,0.7130137096269586,0,-0.016795299717302162,0.24192668583352095
5000,-0.1,45,0.0010822575759456927,0,-0.0011506404528405078,0.908358532503642,0,-0.00036557176833276533,0.677240365859161,0,-0.007139844166490896,0.6208553255294874
5000,-0.1,46,0.0037216951773006057,0,-0.011051501115397593,0.25300282462063084,0,-0.0013550199997030752,0.22348447334599408,0,-0.027043202330595966,0.053645324153307986
5000,-0.1,47,0.0014388009876875225,0,0.008291391740076788,0.3972331101583493,0,-0.00019111161727571377,0.12013297497553288,0,0.003042794127821071,0.8297000939308189
5000,-0.1,48,0.00011603050693675372,0,0.0016334013846085339,0.8689443702908503,0,0.0005903373527924138,0.24378376296667637,0,0.00759771796053123,0.5875908914531208
5000,-0.1,49,0.0015629296915524282,0,0.010157273567821007,0.3048792798387682,1,0.00010092691704083139,0.04781299171993969,0,0.0054425584711529085,0.7010111138017932
5000,-0.1,50,0.0021069456410828876,0,0.00017297222444430382,0.9862468462808036,1,-0.0004034943594028476,0.025684394150911283,0,0.010326664760253602,0.4674003378776962
5000,-0.1,51,0.0018315202881541916,0,0.017117878049252383,0.08273416505305223,0,0.0007941705471255109,0.23467357776436182,0,0.008688515946307327,0.53605149651626
5000,-0.1,52,0.003438764679279035,0,-0.006581234997863255,0.5244641974989899,0,-0.0009958536003715065,0.16283440374191016,0,-0.009511842447281411,0.516279325401406
5000,-0.1,53,0.004263631125081843,0,0.006341114051800445,0.5238593128676852,0,0.0010994549530792006,0.42927498525293095,0,-0.0034017042666422033,0.809883213408144
5000,-0.1,54,0.004883088034078236,0,-0.00628663956576406,0.5112475816086696,0,-0.0015937391275591263,0.303886400749795,0,-0.009489279292758057,0.49510010739271115
5000,-0.1,55,0.00015950482576478428,1,0.01991165113077699,0.04146732457001375,0,0.0008333047423755394,0.9200323511003365,0,0.02448282497960047,0.08090258569431472
5000,-0.1,56,0.0036316503998815508,0,-0.008791602428607867,0.36928002314958674,0,-0.0006692855729014709,0.7993178095865209,0,-0.010509693786144537,0.44984418617136623
5000,-0.1,57,0.0010485312049358514,0,-0.004717992989112043,0.6265710951042821,0,-0.00017959162621678705,0.3687757555460911,0,-0.012064847603068236,0.3853235721658429
5000,-0.1,58,0.003925623114422135,0,-0.012922642552573804,0.18147138796143794,0,-0.0011230647361349893,0.32422954545472904,0,-0.020578985415373882,0.13309173836008376
5000,-0.1,59,0.0013236221026314329,0,-0.012590601481996144,0.20342020139448252,0,-0.0008246669450152253,0.6353226602345128,0,-0.011052459865738697,0.43489892763278526
5000,-0.1,60,0.0020906596383775187,0,-0.007298775309925814,0.4565746156626128,0,-0.00014188398076400865,0.29941172631414026,0,-0.007218942120110577,0.6097299526713478
5000,-0.1,61,0.0035142862661365283,0,-0.005388430673041528,0.5929127601486557,0,-0.0008796929753837858,0.6646104852039803,0,0.005270347157807,0.7146440361374807
5000,-0.1,62,0.0003979464602842089,0,0.018757201760255287,0.07495368630072956,0,0.0016561863829403277,0.9523270835207065,0,0.01142760919601454,0.4207377820206023
5000,-0.1,63,0.0020675346596858778,0,-0.008805956376349806,0.39063416392644346,0,-0.0007239054725782103,0.7990215477689633,0,-0.005690372750212889,0.6926614871175096
5000,-0.1,64,0.003185535940507101,0,-0.002808884955736837,0.7819817926228929,0,0.00035748332376432705,0.06006645981342007,0,0.00453235820313431,0.7554116393119672
5000,-0.1,65,0.001181777826238766,0,0.0031029339620413524,0.7561516339137335,0,-9.453276867361945e-06,0.7725077560877229,0,0.0006285638990257605,0.9647281890824362
5000,-0.1,66,0.002740242861051573,1,0.022777123042532745,0.022514754200957277,0,0.0025639409011237774,0.18680444938449092,0,0.019234655989361096,0.16966893250278134
5000,-0.1,67,0.0030994508608538185,0,0.002496594933460993,0.8020460829851441,0,-0.0002981194760651904,0.3900667814176333,0,0.005048013365677451,0.7225518604649612
5000,-0.1,68,0.0005037251063765951,0,-0.014135829060661673,0.15739952147542877,0,-0.0012716235704701548,0.3078161670309941,0,-0.011028591854555542,0.433995792204543
5000,-0.1,69,0.0009253092591114612,0,-0.0013683030668041264,0.8899828303711992,0,0.0006586854590660982,0.11624771515085763,0,0.001287682290118147,0.9274025412264006
5000,-0.1,70,0.001041144510494011,1,-0.02861006185459219,0.0037683653222829816,1,-0.002635580551278629,0.02605005619234424,0,-0.026402817835936558,0.0611789065314538
5000,-0.1,71,0.000273153331602586,0,-0.008496480483923959,0.40677411595894974,0,-0.0009105367987446537,0.11377014973489608,0,-0.008593244623272413,0.5359545107241404
5000,-0.1,72,0.00035160429169754794,0,-0.015130480549289376,0.13473241226952443,0,-0.0011135541538318601,0.44221396675791524,0,-0.003306910618804814,0.8176457005309019
5000,-0.1,73,0.0032177510296287986,0,0.007929313158951479,0.43449180749399896,0,0.00044590255731075747,0.8930808613255419,0,0.0005398275792464578,0.9698557711796405
5000,-0.1,74,0.0009578169910608994,0,-0.00026487714543979796,0.9796800162108135,0,-0.0005891516069613901,0.31237714926771587,0,-0.015108576285110996,0.29694840137959777
5000,-0.1,75,0.0009917246780168807,0,-0.01362077216509123,0.17306234246870053,1,-0.001547559418382168,0.025548762438635353,0,-0.01479164207997315,0.2850553454088175
5000,-0.1,76,0.0025271908592417987,0,0.0037881882632223715,0.7083878933281821,0,-0.00033654643962692505,0.9685307799826578,0,0.016905134961285897,0.23410076774600122
5000,-0.1,77,0.0010737535161710542,0,0.009989003358346418,0.318681818086509,0,0.000136961495978179,0.6952257357147511,0,0.009870764026036788,0.4854287824394461
5000,-0.1,78,0.004702954997028937,0,0.0064103655748901445,0.5330871364025089,0,0.0016680413892789722,0.19329996313359654,0,-0.0013201168812175612,0.9271171606529439
5000,-0.1,79,0.0006338379672318049,0,-0.00025875276571383707,0.979493197657266,0,0.0001517363310981754,0.7454054644059065,0,-0.0006920986596154356,0.9609026196643105
5000,-0.1,80,0.0010789216077143036,0,-0.017011769779924812,0.08915804692812423,0,-0.001436299704185855,0.3958063387738544,0,-0.0070550326847515065,0.6184196705052805
5000,-0.1,81,0.0011090414543968557,0,0.00016453238482204337,0.9869282313955225,0,-0.0005755037888319574,0.7827704393128081,0,-0.010745352289924043,0.45608177250349136
5000,-0.1,82,0.0017894799953701026,0,-0.0019708236133894027,0.8377491319934929,0,-0.00015902281976999877,0.3314543077105976,0,-0.008296671066471594,0.5459486015880468
5000,-0.1,83,0.0022678364542799813,0,0.018341894741307575,0.06354835562448333,1,0.000959565872099676,0.04423103459789146,0,0.01366351005889158,0.3365779141074834
5000,-0.1,84,0.0005893188017813454,0,-0.005602125364905075,0.5652924111657638,0,0.0009122647508105811,0.6517491162690752,0,-0.011124938587980691,0.42127142208926505
5000,-0.1,85,2.0294175533011245e-05,0,0.005050065305396551,0.6212008156430786,0,0.00016461893950733237,0.8615807108360987,0,-0.019560431158077658,0.17464396053392967
5000,-0.1,86,0.002735308972258381,0,-0.018456802210051068,0.06417744430512573,1,-0.0013224234796989334,0.007687967467062462,0,-0.0082788250188284,0.555030332103606
5000,-0.1,87,0.0016043776391687088,0,-0.0020388219295255387,0.8443760610425697,1,0.000253853082035465,0.048958066545719325,0,-0.0017315708536490642,0.9038975379698301
5000,-0.1,88,0.00022417944529093547,0,-0.00986117739990877,0.3290168693123485,1,-0.00041334668936143093,0.04376210898708699,0,0.008107589308972936,0.5690249596388288
5000,-0.1,89,0.002298635613031548,0,0.010812648204352293,0.28051377033263886,0,-0.0001342148270321619,0.5984140228804873,0,-0.0006099187266509196,0.9650193411716173
5000,-0.1,90,0.0020355163009203175,0,0.0028689349009224253,0.7763275372019992,0,-0.0010216262882423467,0.09691167249545818,0,-0.0063387600108781444,0.6530362553175812
5000,-0.1,91,0.0017884727059561813,0,0.015168363324725254,0.1360269487867333,0,0.0010761364708059655,0.797396888902039,0,0.019514151942815597,0.17190709879455987
5000,-0.1,92,0.002716140108697554,0,-0.0076503182181742405,0.43676418859579846,0,-0.0006704300961785061,0.6233157899173897,0,-0.027165682315368277,0.05527063934630009
5000,-0.1,93,0.001541498572684707,0,0.004316000988393668,0.665981028409047,0,0.0004074757084376775,0.4214205964199085,0,0.0023721354056747317,0.8679423090608434
5000,-0.1,94,0.0021322053560548144,0,0.01599259322855101,0.12045430073780007,0,0.0013488768110176347,0.9322453777701653,0,0.02538770377741433,0.0783641610704229
5000,-0.1,95,0.004106927299202445,0,-0.003209058987522603,0.7485935536677382,0,-0.00025772786867421803,0.9369210189395345,0,-0.002694370927044322,0.8478813772959171
5000,-0.1,96,0.001442901067898336,0,-0.00332879893275119,0.7377740599338678,0,0.00015079233877140282,0.49561008600618783,0,-0.0142393965508366,0.31228929662962834
5000,-0.1,97,0.0017774528709766898,0,-0.004024216508203785,0.6892093556573002,0,0.0003126034274526375,0.8728747135337818,0,-0.011195632131624816,0.42722546045281495
5000,-0.1,98,0.002068437355663821,0,0.006948785324681764,0.4895998009839172,0,0.000746903919458947,0.5620935028554218,0,-0.011645879568228485,0.42139392910593665
5000,-0.1,99,0.0005492235024080722,0,0.009957416531845068,0.31154702169310655,0,0.0012212059415165838,0.5136023208022855,0,0.01220192870737763,0.3771433475867546
5000,-0.1,100,0.0015473437677108591,0,0.008861630563915484,0.3645756651129647,0,-8.315941894300683e-05,0.17513692195609343,0,0.0011053299972983818,0.9352590821439888
5000,-0.1,101,0.0017419898263464901,0,0.0073137491626260485,0.4548628033752564,0,0.00014493826744558017,0.6206583674437176,0,0.005184173948503574,0.7092252960273913
5000,-0.1,102,0.0033238789407372916,0,-0.016329400764234,0.10624817595923776,1,-0.0007887674054387201,0.0465655461303115,0,-0.027086886940910455,0.05697086099533617
5000,-0.1,103,0.0029497200366902883,0,-0.003107448275032703,0.7619037334721583,0,-6.244456076998457e-05,0.26375653251916,0,-0.0012265753887494187,0.9305932941233437
5000,-0.1,104,0.00013864140170642293,0,0.013846425317505621,0.16465528336381355,0,0.0009391632642119493,0.5558907007218856,0,0.014077908999585186,0.32597288662398727
5000,-0.1,105,0.0009098837046139046,0,0.008961882542576013,0.3781338874228861,1,0.0005469482507579961,0.0009454797219792255,0,-0.006139308789487084,0.6651995409535407
5000,-0.1,106,0.0007511183965187294,1,0.03157458356237045,0.0018716968226178917,0,0.002749138133141403,0.44780556444869024,1,0.03219739707630797,0.022643384358682402
5000,-0.1,107,0.0009792205665277737,0,-0.0031240479117109303,0.7523501585718266,0,-0.0003835680385626746,0.36156226451921936,0,-0.012559540345568372,0.3674612285497382
5000,-0.1,108,0.0005642994651348199,0,-0.008784945122248918,0.3759320194518343,0,-0.0005462080585833722,0.9237625175103661,0,-0.005166621064642363,0.7162199653278567
5000,-0.1,109,0.0012401341539464426,0,0.008860522211802183,0.3958117213944722,0,0.0006235365751264425,0.3627133775350543,0,0.009357856148840897,0.5110110931178868
5000,-0.1,110,0.0018503864259009721,0,0.008647423636642,0.3926912256076357,0,0.001866159760065107,0.13411679576067348,0,0.0049406960559539755,0.7265277140195509
5000,-0.1,111,0.004071589392224235,0,-0.003202568077850295,0.7434412461832722,0,-0.0005371892819931688,0.4086431994329309,0,-0.007657637979569441,0.5801508577340986
5000,-0.1,112,0.00132582287051369,0,0.011110563322072232,0.2693085723618267,0,0.0009449804088385302,0.5075610289150496,0,-0.015862569478936578,0.25737217986875693
5000,-0.1,113,0.0010954089211436993,0,0.0061700157555952565,0.5357442778074915,0,0.0009987027939956023,0.9083169638363824,0,-0.006893873072187043,0.6247835955959687
5000,-0.1,114,0.0016067429793577496,0,0.004401378853051133,0.6535651905245297,0,0.0002042955276667602,0.07268291648476677,0,-0.017119492106831218,0.21835831372718625
5000,-0.1,115,0.0011119001240556304,0,0.014321236599612732,0.15542388600425616,0,0.0013978847264903534,0.201659736840196,1,0.028348840459758582,0.042100938405044586
5000,-0.1,116,0.0003444446150984258,0,0.0061737961084434596,0.5346540811621074,0,0.001424823254316793,0.6397263142667177,0,-0.0017363141079674597,0.9020434542138669
5000,-0.1,117,0.0009251272957642355,0,-0.003030860624369462,0.7592522105298037,0,0.0004172121980763183,0.41145261685414924,0,0.002888181516171694,0.8365208151740005
5000,-0.1,118,0.0014362928508393218,0,-0.01271449409667615,0.19825686329716666,0,-0.0016461224154181479,0.19475969466464693,0,-0.005521723042886891,0.6957104952751807
5000,-0.1,119,0.0012976452263707833,0,-0.004798136062695541,0.6322163438747509,0,-0.0009591651878215586,0.8421647756959827,0,0.020525229503527698,0.14607098523418072
5000,-0.1,120,0.0015442029667370129,0,-0.01570799449877936,0.10773120066562011,0,-0.0013445656430197688,0.281690985916913,0,-0.0030885615611968144,0.8222882638769758
5000,-0.1,121,0.0015438778559117023,0,0.008336051435828756,0.400237572290877,0,0.0009415675600849393,0.9015364933261123,0,0.013195044571593758,0.35000880769239384
5000,-0.1,122,0.002725123543520406,1,0.022728147082008154,0.02809607816568103,0,0.0018081309063498789,0.5460661168823402,0,0.016671363233976413,0.2489236028325132
5000,-0.1,123,0.00030557557493802887,1,-0.022037763435899957,0.030695543572921927,0,-0.0016096115495450186,0.10590743130573266,0,-0.02597525076756898,0.0708677821075089
5000,-0.1,124,0.0025319396850241307,0,0.005341105287965688,0.5921118552178068,0,0.0013788975978859138,0.5328036372636455,0,0.018037785721534482,0.1955994801794142
5000,-0.1,125,0.003984103882157015,0,0.006204909833826561,0.5208936915658149,0,0.00046763145857872256,0.2617808704324316,0,0.010400659213088439,0.45434422241893146
5000,-0.1,126,0.0025468865559140526,0,-0.0013857128846685544,0.8886621249041375,0,-0.0005820379051560886,0.7277329186586972,0,0.014546999063834687,0.30536738320363627
5000,-0.1,127,0.0029446617054242384,0,-0.012952198769099364,0.1786703916340618,0,-0.0013178750646053203,0.7490214524215524,0,-0.02105299114096816,0.12784842597481985
5000,-0.1,128,0.00043897685077774095,0,0.0027998651895379213,0.7757366220473613,0,0.0006111692510650442,0.9444408236564188,0,-0.003946892655050525,0.777802254123104
5000,-0.1,129,0.001630864781765188,0,0.006092304301231781,0.5478101941818272,0,0.0006646963214751906,0.340787928981362,0,0.012219744217180457,0.39768201549709203
5000,-0.1,130,0.003570348949617826,0,-0.006634138308666641,0.5092946561850252,0,-0.0012200898838734533,0.27871058483231625,0,-0.006148622433301516,0.664536499555361
5000,-0.1,131,6.618223647934592e-05,0,0.0039927082521729424,0.697812162571736,0,-0.0003849923342021778,0.8383546384765282,0,0.0232320791388432,0.0990569562507541
5000,-0.1,132,0.001272318114816634,0,-0.006879861760833298,0.4929046159266379,0,-0.0007257820397848909,0.3908904935345413,0,0.0009955362796797299,0.9452052701101343
5000,-0.1,133,0.001070704550516735,0,-0.01153073311956945,0.2449547477415216,0,-0.0022772933597665773,0.10351371844474899,0,-0.020042880285981668,0.1566299579967879
5000,-0.1,134,0.0010402658670111084,0,0.014242821103351427,0.15034161486575903,0,0.001380765877250932,0.1165602843553849,0,0.004281042203318546,0.7609954638629249
5000,-0.1,135,0.0013624647673899624,0,-0.012011420036493872,0.23186617705311877,0,-0.0012185163752376146,0.16225820023384196,0,0.004591887845707248,0.7431867263626399
5000,-0.1,136,0.00414423124065184,0,0.015195941730435104,0.12126428947092995,0,0.0017687304129211249,0.3600727585771599,0,-0.0018185085127768556,0.8943509928748676
5000,-0.1,137,0.0014628051112560072,0,0.005529402398594209,0.5836127349151354,0,0.0004047281524194302,0.7645114715660635,0,0.005721558347773038,0.6848540153545419
5000,-0.1,138,0.0032346823008279745,0,-0.006216550790392414,0.5327823493703623,0,-0.0005346693411004431,0.0995722727529964,0,0.0002492094327888458,0.9855765643852465
5000,-0.1,139,0.0020829882669539425,0,0.005487990544294838,0.5933803411909306,0,4.364290788628909e-05,0.5911014475370666,0,0.008441651530972406,0.5694636903267116
5000,-0.1,140,0.001493070249333466,0,-0.007275875084695383,0.46496108885514387,0,0.00010615373603337653,0.768438166824778,0,-0.007972141575482821,0.5667245958630631
5000,-0.1,141,0.0002984819864231858,0,-0.009888388680755991,0.3106427328448629,0,-0.0006782849023040698,0.4812481001373128,0,0.0032402548746516217,0.8124702100988812
5000,-0.1,142,0.0014324139221828889,0,0.014886075117023613,0.13928681843969365,0,0.002799742984074867,0.0645922449314501,0,0.01249735360560551,0.3868052759980204
5000,-0.1,143,0.0016379344774231281,0,-0.006596565374552705,0.5067152483147984,0,-0.0009750853611044017,0.7343682505618832,0,0.006950956415588671,0.6237648852566351
5000,-0.1,144,0.0017293882519820174,0,0.0018476879415994284,0.8551815420942009,0,0.0008366049739795986,0.30430989230642624,0,0.0023014476153427168,0.8716646240953044
5000,-0.1,145,0.0010707520598339847,0,0.01762565939127167,0.08107748554893118,0,0.000969149133494803,0.09525062875329449,0,0.008993390215026292,0.5198284609619133
5000,-0.1,146,0.003192195421983674,0,0.005420804928595351,0.5867460448795851,0,0.00011750228239056167,0.09730772532131315,0,-0.001989273225716033,0.8894299027139019
5000,-0.1,147,0.0019919528044019703,0,0.0063904632662175305,0.5251278955150454,0,0.00013375630231625966,0.900582704516366,0,0.01714631519981219,0.21948453378944338
5000,-0.1,148,0.00074295015020128,0,0.015280041889762765,0.12857923279989222,0,0.001988496747765845,0.644739259623619,0,0.01978766074659935,0.17387836599040274
5000,-0.1,149,0.0008469430386265605,0,-0.015240719156780772,0.13799000135289616,0,-0.001379334861996398,0.6178545277544074,0,-0.019880324122832096,0.16382232518759346
5000,-0.1,150,0.0014522259143570399,0,-0.0066189328482711505,0.49671085029353124,0,-0.000457172399670539,0.8166544542350228,0,-0.005910726723749069,0.6758161746159681
5000,-0.1,151,0.002693363218546108,1,0.020766564274573057,0.04153260857723165,0,0.0017122251130283947,0.80145040195003,0,0.013577958878877939,0.34565924314699314
5000,-0.1,152,0.0028939989905708762,0,-0.004334324285764118,0.6712387942615718,0,-0.0010828204977667642,0.11927599260855337,0,-0.0009147475591945887,0.9485419596771668
5000,-0.1,153,0.0008703256929083662,0,-0.0067017513854792776,0.5083459565351276,0,-0.0006028914838288336,0.948019222724417,0,0.005448586288348012,0.6997420601420672
5000,-0.1,154,0.001266806227446665,0,0.005021931024067428,0.6208365678544225,0,0.00029538374222518737,0.6258871115614999,0,0.01066407774176648,0.4603839826664121
5000,-0.1,155,0.0010852131190250119,0,-0.0142413441411931,0.17630319050587523,0,-0.0015288478275216643,0.9295725007303653,0,-0.009800767658779228,0.5101106053595964
5000,-0.1,156,0.0032819905602652862,0,-0.0009162621053834686,0.9253126158533476,0,-0.0007863745997130996,0.5578065319287531,0,-0.0244452125320858,0.0730521721626677
5000,-0.1,157,0.002635337239434926,0,-0.006164762691922957,0.5493344327802598,0,-0.0009260364329550433,0.23495872346715474,0,-0.023675289985144503,0.09789692260165798
5000,-0.1,158,0.00035305840614760714,0,0.018215609971302397,0.0680210375988126,0,0.0013856535102714667,0.6736477044878901,0,0.011424781062314152,0.4262923526618507
5000,-0.1,159,0.0005691853891015942,0,0.003561476752606052,0.7227950490473642,0,0.000945247318574605,0.06491382289254677,0,-0.003671245863152637,0.802243490174657
5000,-0.1,160,0.0013746043390220801,0,-0.010392439629017269,0.307680662126097,1,-0.000767872567002522,0.016763029606592816,0,-0.02016476387381621,0.15684025990322395
5000,-0.1,161,0.002553877137076904,0,0.012247592093917285,0.2113900361836652,0,0.0003628779257288879,0.4391330588390365,0,-0.0017698943237275874,0.8996578563403952
5000,-0.1,162,0.0019743771291281403,0,0.018181904270088617,0.06650381016710856,0,0.0013026468604420552,0.18220926266965176,0,0.017982396013409688,0.19520738244239405
5000,-0.1,163,0.0038392661357592108,0,-0.007095333678478534,0.500302305453954,0,-0.0008882222984211284,0.7147995586200406,0,0.0083523544074908,0.5598896410612602
5000,-0.1,164,0.0012286047954204575,0,-0.01753283356947688,0.08826705963550271,0,-0.0010056139045468919,0.42686178453203993,0,-0.013837726747148378,0.33909751546468725
5000,-0.1,165,0.0014620422816601663,0,0.005494971457182312,0.5884541303879223,0,-0.0005629265246425994,0.4867088571284508,0,0.01733876720740489,0.22814780231356432
5000,-0.1,166,0.003549060570413452,0,0.004357936682426569,0.6527595354027833,0,0.0009190739670246982,0.1397192916451726,0,-0.013140692275735371,0.3404676058705366
5000,-0.1,167,0.0009645892601348942,0,0.004048277287394904,0.6823686505401996,1,-4.1121645944415525e-05,0.021074103955111778,0,0.004181628027886296,0.7707271958291917
5000,-0.1,168,0.002197168592937451,0,-0.019370710417999978,0.054536682848921006,0,-0.0013181466145698025,0.4107608016044215,0,-0.013746921272363112,0.33191849234409454
5000,-0.1,169,0.002464036748105931,0,-0.001968558849025583,0.8429375278974309,0,0.0005575766113839086,0.24625761412158165,0,-0.010074603834006343,0.4771774341787234
5000,-0.1,170,0.0029720835477691342,0,0.005978796092003878,0.5595600826423084,0,0.0006181391784886703,0.34974312704700594,0,0.00617119533441534,0.6604664640311257
5000,-0.1,171,0.0011955160434650282,0,-0.003816125673764109,0.7024175221334431,0,0.00021360208306162265,0.6581719848302293,0,-0.014682389065772546,0.3011514490375154
5000,-0.1,172,0.0007027110837812747,0,-0.007604676217659163,0.45989845670564844,0,-0.0006238603165354931,0.9363182182417348,0,0.004029941165057164,0.7788686796539002
5000,-0.1,173,0.00306857329759357,0,0.0019968978446700514,0.8434885799662937,0,0.0008364729403949966,0.301459049114032,0,-0.008194688157370393,0.5583198455184492
5000,-0.1,174,0.002960554578936607,0,-0.004723460063019646,0.6301633910776508,0,7.440745616133472e-05,0.36716478425381993,0,0.0004502126573306432,0.9737522226675094
5000,-0.1,175,0.000875529365308968,0,0.014809795380057268,0.13397523106126175,0,0.001156958367009255,0.35910200832362826,0,0.02256283027136567,0.10666979844887882
5000,-0.1,176,0.0009096614095733511,0,-0.003567317033370719,0.7260273243920309,0,0.0002010575940796584,0.45085252432096956,0,0.0016300950295307474,0.9093027233348392
5000,-0.1,177,0.0006831729913982,1,-0.018955027257912975,0.04607793142053142,0,-0.0011902872326751048,0.238229800244514,0,-0.01922286561153467,0.16643871553494424
5000,-0.1,178,0.0009618283670051296,1,-0.02458058944556313,0.013242173121026615,0,-0.002016022685669532,0.2142823639416762,0,-0.025456814599586212,0.07073521933270453
5000,-0.1,179,0.0011200087472711536,0,0.014595875648462037,0.15098726666228116,0,0.001870241174691107,0.08768343796397748,1,0.03710009710714119,0.009044467542258043
5000,-0.1,180,0.004058294127874811,0,-0.012695409986827215,0.20056544752871291,0,-0.0014005192319447581,0.7436099307259195,0,-0.002218797009214981,0.8735562198364922
5000,-0.1,181,0.001574419506896741,0,-0.007482384281314248,0.43872442111180865,1,-0.00035943407032007285,0.004469579200582552,0,-0.01849658180227799,0.17372242921333764
5000,-0.1,182,0.0011353407219459035,0,0.01244850204166984,0.2178058161021243,0,0.0011098015086149604,0.11086208419162924,0,0.009606675151637364,0.5051779137835366
5000,-0.1,183,0.0022082758653044956,0,-0.0007887888876201149,0.9368606519852193,1,0.00034704141038778373,0.010951200703207209,0,-0.004843871197829966,0.7279666540507685
5000,-0.1,184,0.0036548996802662913,0,-0.005963861083555457,0.5372780879816104,0,-0.00027713744745924105,0.20439515547250287,0,0.009917157498478373,0.47369289151312977
5000,-0.1,185,0.0014549308601322591,0,-0.0021103635090994636,0.8314182978202498,0,-0.0010498763798907102,0.3536112651545582,0,0.0020802739366125632,0.8835332937500163
5000,-0.1,186,0.0005228049082145051,0,0.012373396846121893,0.21450125877474074,0,0.001123106480330621,0.5044757398257943,0,0.0008659014842892446,0.9519161097741285
5000,-0.1,187,0.00040499723054937146,0,0.011936044913672408,0.2266383627578438,0,0.0012771727273712837,0.4446637400239073,0,0.016578454860929008,0.2350296771842348
5000,-0.1,188,8.020343589473324e-05,0,0.00047783113883328836,0.9629146922992063,0,-0.0003020264509191091,0.49129809369425337,0,-0.012910299268651134,0.36381298779756066
5000,-0.1,189,0.0019889823784780725,0,-2.4031343096572733e-05,0.9980582248501932,0,0.0007356847419882859,0.7687024667973045,0,0.0012186201942189986,0.9305058770109353
5000,-0.1,190,0.00039200415262680057,0,-0.002533670001049341,0.8007787827801636,0,-0.0003938881404888717,0.07918603602512087,0,-0.005868327225617741,0.6762180325781195
5000,-0.1,191,0.0002915909356099109,0,0.000983775401405255,0.9217878687186827,0,-0.000815922825767923,0.28850184394741407,0,0.015495771834253356,0.2650397684934441
5000,-0.1,192,0.0027496389886577464,0,0.008534799555581132,0.37679276833367326,0,0.0014173238704969868,0.8943536588285067,0,-0.004684744018350879,0.7354538469998787
5000,-0.1,193,0.0017001985491104168,0,-0.011820762485278496,0.2432030933658448,0,-0.001924653507412612,0.6705105045123172,1,-0.029061794403873725,0.039467990009337824
5000,-0.1,194,0.001183381329642027,0,-0.0029892248751389136,0.7653231852106152,0,0.00016253820101822683,0.7997794071896116,0,0.011739761251602823,0.4124420013622019
5000,-0.1,195,0.0018305280061320776,0,0.0016965533511593134,0.864115670992499,0,-0.0004072673567276498,0.3767034549699786,0,0.0022911192760244146,0.8707033142942026
5000,-0.1,196,0.001555792358895902,0,0.005634265383502557,0.5744727361204995,0,0.000492578081411346,0.6385045322535534,0,0.00765860191941476,0.5922903928085586
5000,-0.1,197,0.004135712983386646,0,-0.007305421659716778,0.45974787441775,0,0.0004892559037483655,0.26219157783857583,0,-0.018688984987066542,0.1808874154198128
5000,-0.1,198,0.0017603410189265668,0,-0.0014923958500070145,0.8830656053999769,0,-0.0006276568559226973,0.47407224954876503,0,0.0050789940404106695,0.7153225362823306
5000,-0.1,199,0.004502086608103159,0,-0.0044352216650453075,0.6705020092852867,0,-4.156211360449404e-05,0.9327740989086062,0,0.0009265076412382184,0.9490739606197738
5000,-0.05,0,0.0015258023605827353,0,-0.0004640542003254578,0.9629975019601555,0,0.0010208763110454856,0.14524460937137051,0,0.011063136857349007,0.4295386039912571
5000,-0.05,1,0.0019184488934252332,1,0.020238942022395026,0.04467121187623103,0,0.001562389550369494,0.5911948932188843,0,0.026729990320034022,0.0578669239752893
5000,-0.05,2,0.0016507822959638053,0,0.004246501029658884,0.6653895466488889,0,-0.0006527660791997476,0.5998113082234844,0,0.0025794018773971387,0.8511544646032252
5000,-0.05,3,0.002386057507467504,0,-0.008391606160214348,0.39535865993112707,0,-0.0012046551835575312,0.8569593627118625,0,-0.004746396667680366,0.7277538812436122
5000,-0.05,4,0.0022659819849956886,1,-0.02114297782487557,0.03451648354427153,0,-0.0018914703888072925,0.1900912939769066,0,-0.015472980760244724,0.27488362761783514
5000,-0.05,5,0.0025591278141828006,0,-0.01423701434266336,0.16735352308679652,0,-0.0011475206866503947,0.3980304925227357,1,-0.03232528687276974,0.022854252933381048
5000,-0.05,6,0.002018049589516114,0,-5.6226696145612225e-05,0.9954389386294954,0,-0.0002557197233838313,0.18306709980550395,0,-0.005913136166167772,0.6665898213101242
5000,-0.05,7,0.0013298258292632396,0,0.011574523642617135,0.2364781785230469,0,0.0014811447684079857,0.49377046406108105,0,0.01119747989986029,0.422772154724706
5000,-0.05,8,0.0010589558762102358,0,-0.002955499920348403,0.7658618441915047,0,-0.0001258697514750643,0.6695515906873892,0,0.006967539257991642,0.6216525389813226
5000,-0.05,9,0.001770791447689619,0,0.009959516671676445,0.33316135855147566,0,0.0011053047778114135,0.41524366324013817,0,-0.00210028856415578,0.8852736125145517
5000,-0.05,10,0.001725532317373305,0,-0.0018852256724479406,0.85071430596299,0,-0.0008228618904765642,0.8799858688196387,0,0.0013770612915833076,0.9221760785383402
5000,-0.05,11,0.002198961909162842,0,-0.014760802372086306,0.14905087273025647,0,-0.0014865500158093231,0.2691119085578423,0,-0.017314103539237034,0.2185695972707261
5000,-0.05,12,0.0014732643629850122,0,0.008491475395373966,0.39643327259936123,0,0.0001114087040119827,0.8778717170290059,0,0.01363575668054384,0.3218164563690285
5000,-0.05,13,0.0015964861608318032,0,-0.008338219879772756,0.400219088221198,0,-0.00020891515315759067,0.9288570832489678,0,-0.014686920675389785,0.28944385490551944
5000,-0.05,14,0.0012920109721358364,0,-0.007819692882500721,0.4183035393283313,0,-0.00028468562204419384,0.07168116876534159,0,-0.007811551351137281,0.5761061245387231
5000,-0.05,15,0.0017125166501330922,0,0.013005879090625614,0.20049534459768167,0,0.0010245126261488183,0.926583420432175,0,0.012891539488953194,0.36762010840106085
5000,-0.05,16,0.0014484494389338588,0,0.003685595793073961,0.7195574782327442,0,0.0003834255262596782,0.9117852121833726,0,0.02537961462886252,0.06508283942460363
5000,-0.05,17,0.002437565455582718,0,0.004862550273771037,0.6278634357260691,0,0.0002971320101561121,0.3175765863565341,0,0.003967719126815406,0.7765186974629554
5000,-0.05,18,0.004010014328926276,0,-0.013845466899056275,0.16830457475872881,0,-0.0007912112471236884,0.8264996990612479,0,-0.01218153176137192,0.3829988766081859
5000,-0.05,19,0.001346326115894556,0,-0.012727734484745174,0.18310453516230715,0,-0.0018896305693339676,0.331703370613772,0,-0.009594680043872263,0.47802837289765243
5000,-0.05,20,0.002430653458767109,0,-0.00769888661089899,0.4362699344583446,0,-0.00046264127367620666,0.3948506283777218,0,-0.009921278920798915,0.47257150955517946
5000,-0.05,21,0.0014860387888830874,0,-0.00033825700034050606,0.9731734708499111,0,9.347467781754915e-05,0.8127599503915486,0,0.008074848120483943,0.5753492061609813
5000,-0.05,22,4.436352336969617e-06,0,-0.01048844179969479,0.2950692447236771,0,-0.0016115047652526656,0.5214545954615915,0,-0.008984195492787204,0.5218969861104341
5000,-0.05,23,0.001086669716782996,0,-0.003118702218274364,0.7549955325723395,0,-0.000872068121648333,0.6300766375357949,0,0.012055027522803128,0.39429598116739306
5000,-0.05,24,0.0026165695384918097,0,0.004270370851240324,0.6598055201671049,0,0.0014174427115946336,0.473868788676873,0,0.000983908876814564,0.9442071029326262
5000,-0.05,25,0.002993291128890893,0,-0.009848010256104581,0.3158020574146517,0,-0.00046488472063900744,0.1950451977281824,0,-0.016944671809429015,0.2194671162217785
5000,-0.05,26,0.0014952753240413646,0,-0.0006740644161472541,0.9453617782171855,0,-0.0005405786473121574,0.8167101439736163,0,0.004953823332766841,0.7195202875989315
5000,-0.05,27,0.002783138038017128,0,-0.001679834973990634,0.8620629436926041,0,-0.00030194999311258076,0.7744823315713564,0,-0.012840507851389273,0.35459123853791186
5000,-0.05,28,0.001695243081895515,0,-0.007591633033603572,0.44478480117769237,0,-0.000530127608764003,0.18862983164934222,0,-0.010487325500845886,0.453519988674174
5000,-0.05,29,0.0012473816577232356,0,-0.001196621314255181,0.9047530658265801,0,0.0002563184070888102,0.5574356083506542,0,-0.01757222787116639,0.21459168972321865
5000,-0.05,30,0.0003708824735074029,0,-0.004149342596834458,0.6818030363923753,0,-0.00017970092974115394,0.9543452753436367,0,-0.004239495155696683,0.7577243732633276
5000,-0.05,31,0.0009687478573410489,0,0.011388626384348786,0.24488256242424924,0,0.002127404763262053,0.16800762566529115,0,0.018596043147434276,0.18403958287199945
5000,-0.05,32,0.0010395378220146626,0,-0.0033433756145459345,0.7410713769062891,0,-0.0006224733262432896,0.15367883323482956,0,-0.018416122422812296,0.19811916397288096
5000,-0.05,33,0.0019826765103735547,0,-0.007444991951400909,0.4597027207830944,0,-0.00045374272238611396,0.6994701491464582,0,-0.018859319807747382,0.1817973222287879
5000,-0.05,34,0.002597281326763718,1,0.022300446993824503,0.030090266088163994,0,0.001373113677606684,0.5471759075454178,0,0.016414197354451904,0.25345646033895475
5000,-0.05,35,0.002353734012335477,0,-7.545180465609363e-05,0.9939885823535342,0,-2.113293113637882e-05,0.8078207389619705,0,-0.004090857312136871,0.7685238463324386
5000,-0.05,36,0.0003673165070675017,0,0.0018509818048921389,0.8529509439954628,0,-5.369209553116832e-05,0.29753458661300813,0,-0.004638135603739408,0.7431006210569715
5000,-0.05,37,0.002754712627311725,0,0.0028474101319417014,0.7734741373256041,0,-6.615609247979114e-05,0.3249510637640961,0,0.013870843777156618,0.3214647933606924
5000,-0.05,38,0.00277007661115069,0,-0.006970894228772326,0.48171162048391825,0,-0.0003647262576111334,0.2633844838213375,0,0.003952191506961472,0.7772096096572285
5000,-0.05,39,0.0023289179031122653,0,-0.01112867687738261,0.25451768321508866,0,-0.0010414495493444673,0.7225799148647583,0,-0.003987131654033301,0.7754094705761766
5000,-0.05,40,0.004386747123061351,0,0.0031919201275590857,0.7430246517082969,0,0.0005021700756349237,0.7710448516024092,0,0.005681914714361816,0.6826547401033825
5000,-0.05,41,0.0011288207973380216,0,-0.01638543775670506,0.0989853669659824,0,-0.0014679436834176725,0.7298996933358912,0,-0.014707216747622784,0.30919867647481425
5000,-0.05,42,0.00019673568989398446,0,-0.005478064691590475,0.5990733896072016,0,0.0006380310795773658,0.28625622601095424,0,-0.006952683086814498,0.6259946235667827
5000,-0.05,43,0.001048479755242439,0,-0.01676657874403884,0.07723190190740327,0,-0.0007236207073652468,0.5616003905991795,1,-0.03242110645918007,0.02039430843931407
5000,-0.05,44,0.0009162538510579857,0,0.01214963140993038,0.2219529881977322,0,0.0005161323032094672,0.13268641462814923,1,0.027712832461244584,0.0489061553971085
5000,-0.05,45,0.0012031613111263568,0,-0.009839862921775397,0.28858851143303343,0,-0.0010942549448233157,0.8108076827311421,0,-0.010415685233859273,0.4335084744908677
5000,-0.05,46,0.004434106496865453,0,-0.0009131304816742613,0.9272718738492567,0,0.000555618411378762,0.9521548184583757,0,-0.0038326141498698785,0.7855337469542206
5000,-0.05,47,0.0005564634006320684,0,-0.011888236470761534,0.24054315183900127,0,-0.0012798648695775757,0.2270979013913872,0,-0.015110731412088697,0.29228718934642495
5000,-0.05,48,0.004384401129379275,0,-0.01842836024432544,0.06995850614705254,1,-0.0014022101712114338,0.04328243173370083,0,-0.02668372375016887,0.06315172927046575
5000,-0.05,49,0.001650321463535171,0,0.0025808143854569635,0.7999868291682977,0,0.000609942236496986,0.2838890916106709,0,0.009528770786195885,0.5083826074290373
5000,-0.05,50,0.0011205333941338336,0,-0.011181393068648574,0.25654372120663926,0,-0.001142652044376902,0.5343260203516064,0,-0.008521507413694888,0.541281417050935
5000,-0.05,51,0.0037250380657551066,0,-0.00893248183960117,0.37529978625242655,0,-0.00037842051142152576,0.887676351403662,0,0.0005348447581573507,0.9695661201429866
5000,-0.05,52,0.00027485271053817237,0,-0.007548838352710889,0.4538288075200164,0,-0.0003063761224624666,0.17002753650721047,0,0.013388036236750842,0.3574063791070844
5000,-0.05,53,0.001805607174676117,0,-0.01326353984695071,0.19402208680073754,0,-0.0016552990126407548,0.552715458512351,0,-0.014771909221966004,0.30554489867598683
5000,-0.05,54,0.0012458899272032899,0,-0.0033099979151392494,0.7424366276956372,0,0.00036526809684283575,0.42224648559442857,0,-0.02200922108429787,0.126917900409374
5000,-0.05,55,0.0014689687617943563,0,-0.0018954072278926034,0.8518120619268383,0,-0.000566223432520774,0.6209357777913759,0,-0.004783337147087965,0.7409537197304217
5000,-0.05,56,0.0013621952272433713,0,0.01949249061783934,0.05053673026436344,1,0.0015502065598854739,0.032997997789185995,0,0.02375508723838826,0.09494385974253686
5000,-0.05,57,0.0016044569728350052,0,-0.0012501472313939882,0.903000574909544,0,-7.641451148473973e-05,0.5015030394598202,0,0.017918414003158713,0.20631237173081093
5000,-0.05,58,0.0005374271297394926,0,-0.010446161751956229,0.28824054436272106,0,-0.0005391539364633883,0.960884905125129,0,-0.012899645702537136,0.35892899393081423
5000,-0.05,59,0.00044637470181188615,0,0.007938055650584941,0.4276147506935345,0,0.00045501624217646295,0.08173644716235429,0,0.022778633647679892,0.10862664314741352
5000,-0.05,60,0.00012340303047673914,0,0.0037242314792363955,0.6993610539633932,0,5.782401639302279e-05,0.9826846662063712,0,0.005716321895058892,0.6769491768251634
5000,-0.05,61,0.0009436025585735441,0,0.006844607452432858,0.491289798769027,0,0.0002648371791043023,0.8834662227521194,0,-0.005569079555786617,0.6839986807164438
5000,-0.05,62,6.3985579722914425e-06,0,-0.008266878065323374,0.41217984628322035,0,-0.00021474293490491477,0.9473249611546695,0,-0.02108310773120628,0.14095744554317993
5000,-0.05,63,0.0016202365898427976,0,0.0030979882555964115,0.7442636009536899,0,0.00048664739882294086,0.2445589597312844,0,0.016226422762054358,0.24511301226072305
5000,-0.05,64,0.001790357092860517,0,0.0017496680453056843,0.8598687313601135,0,-0.00021093813930492958,0.11662738095782788,0,0.003339606475523129,0.8111570702027955
5000,-0.05,65,0.0028028433169899605,0,0.001485307843989525,0.8833973850623975,0,-0.0005253226482451351,0.5697700946065463,0,0.005232162508970644,0.7100467901793486
5000,-0.05,66,0.001223770210466151,0,0.0001697016604004357,0.9860077440958006,0,0.0007988304855360743,0.23587178054428648,0,-0.001430823148059898,0.9161555897892906
5000,-0.05,67,0.0018515337842618096,0,-0.0030806653289226988,0.7573396686885654,0,-4.485047101853642e-06,0.4190061179060942,0,-0.012159101052497437,0.38440062665565655
5000,-0.05,68,0.003372836997055029,0,-0.0014542969381195476,0.882643138478254,0,-0.000498655419823909,0.4000253224732353,0,-0.003876301127115381,0.7793873585344417
5000,-0.05,69,0.005834280284467655,0,0.0020373974209756604,0.8300812911218312,0,-0.00022276237152205888,0.8551887346720517,0,-0.00359816237373768,0.7900947250978771
5000,-0.05,70,9.936223211517117e-05,0,0.0019730915542252696,0.8443575011723381,1,0.00030322369057091814,0.04374673954782482,0,-0.001631580032775132,0.9091414266394939
5000,-0.05,71,0.0013921228420947062,0,-0.004473517398455008,0.6462460234926788,0,-2.0891761466595802e-06,0.5442156914601193,0,-0.00016747540997690599,0.990467920566774
5000,-0.05,72,0.00111948524866283,1,-0.021952575717008795,0.031120612599135736,0,-0.0022691696652209154,0.0744472572225211,0,-0.008861666325001898,0.5399424572179851
5000,-0.05,73,0.00462331908331712,0,0.012352099887374686,0.2279448841134922,0,0.000957624485180568,0.4360450513617724,0,0.022212347824855525,0.12356461930798264
5000,-0.05,74,1.1523752296961023e-06,0,0.012544673092023815,0.2157359285079868,0,0.0011804340887864742,0.3249518649751171,0,0.00465133792875137,0.7388658025077246
5000,-0.05,75,0.0009705933179816147,0,-0.0009315061834460387,0.9250579515441213,0,0.0003783298911760536,0.927160061477838,0,-0.003412915326447335,0.8065304354187075
5000,-0.05,76,0.0004524981036530806,0,-0.0037599044712677745,0.6947447046410504,1,0.0004467905259212595,0.021996435403786818,0,-0.0066629763573210305,0.6316982700356407
5000,-0.05,77,0.0014493326181397653,0,0.004653393941018486,0.6393085596108287,0,0.0006258229013842265,0.8845140061542295,0,0.012453567230872924,0.3807125077129434
5000,-0.05,78,0.0027814840189492604,0,-0.012184684363740166,0.2135114486579512,0,-0.000933759426862278,0.14101291138596772,0,-0.026479306700614443,0.05255552827492651
5000,-0.05,79,0.001269542186298582,0,0.006908110884864713,0.49664746750777633,0,0.0004934736613073723,0.3287957563574502,1,0.029426688981552138,0.04066871453192901
5000,-0.05,80,0.0002394392863524815,0,-0.00995682171224578,0.3161819084185013,0,-0.0010126088637834397,0.06452974839145242,0,-0.008862961498512045,0.525436067400426
5000,-0.05,81,0.0016045879990988841,0,0.013623915976794819,0.17638633386628497,0,0.0013211549212718543,0.7286498107019177,0,0.01475999674025251,0.2973753514786886
5000,-0.05,82,0.0033069699303811865,0,0.0011746832717736081,0.9098334525769962,0,0.0005580675271718423,0.3422299516924088,0,0.007557057232706886,0.6034535100583752
5000,-0.05,83,0.004117344391912489,0,0.008933115526644202,0.3704595541723924,1,0.0009844171451818253,0.006193438286202335,0,0.024094297022126766,0.08687888326946909
5000,-0.05,84,0.0009715284554221619,0,-0.0009654541437757909,0.9232527767257811,0,0.0006522703401568334,0.22009985524347508,0,-0.010561254780571246,0.4615325235223823
5000,-0.05,85,0.0017369191662799698,0,-0.003095314236452911,0.7600561749769178,1,-0.0006763722508902562,0.04501708377810687,0,0.005367442383887245,0.7050746484050209
5000,-0.05,86,0.0011940791810754936,0,0.00880185319615226,0.388302430887826,0,9.521418173420237e-05,0.6702901848672247,0,0.020177295229655688,0.15020086000761626
5000,-0.05,87,0.004445751748429313,0,-0.006998209760578996,0.47750652542707195,0,-0.00042163226639476716,0.17749860164409115,0,-0.004003419540601852,0.7774166521890717
5000,-0.05,88,0.0009863138507182872,0,0.0020346416580888723,0.8398941994945989,0,-3.914388142653565e-05,0.17882607728977273,0,-0.01991689725508241,0.15617629523350782
5000,-0.05,89,0.001550009661767026,0,-0.015270924263970196,0.12419402600998908,0,-0.0018476472364680574,0.10177310478798862,1,-0.03474305110830077,0.01185620631785715
5000,-0.05,90,0.0042561873475045735,0,-0.002966934306688746,0.7744334872162976,0,-0.00046254576386899185,0.07390467382164956,0,0.004045886883368133,0.7827627017928861
5000,-0.05,91,0.0017569572507334127,1,0.02119711283219873,0.041809190443069515,0,0.0017479658065876057,0.775796067691857,1,0.0294111070413208,0.039005688792792426
5000,-0.05,92,0.002042317996016768,0,-0.005688348331045734,0.5609784033989399,0,-0.0007405441065003587,0.9920410976150063,0,0.0029866933814853176,0.8302684213978487
5000,-0.05,93,0.0014488097070752316,0,0.011474128877758616,0.2433105588628176,1,0.0010314006386041845,0.01959312125356194,0,0.006106690998119221,0.6605784639442063
5000,-0.05,94,0.0017279377507848379,0,3.9454578086222086e-05,0.9968106453904484,1,0.0004931698368667691,0.016185235944858434,0,-0.00844028370518159,0.538047111751359
5000,-0.05,95,0.002655995153991901,0,0.014199291633082652,0.14186524840705966,0,0.0014926563752517127,0.3687842114023203,0,0.012567196885286427,0.36225849197302473
5000,-0.05,96,0.003360701885992798,0,-0.000283868921409119,0.9772788467253601,0,0.00015281327222762446,0.8569805520950455,0,-0.009864352253608287,0.487686555460651
5000,-0.05,97,0.00038154235375526126,0,0.007156356188600224,0.48687029956151895,0,-9.057796097112511e-05,0.32142934021667546,0,0.0037954050479641526,0.7906600421578944
5000,-0.05,98,0.0015397945899454828,0,-0.007709458183262147,0.4492186307092002,1,-0.0005317126442252682,0.008251465060185592,0,-0.015358016418097375,0.2803581114953251
5000,-0.05,99,0.002440573506082314,0,0.00181610418343828,0.8550492442930686,0,-0.00038789584309656904,0.6706907298025755,0,-0.005746090100975664,0.6879033745331906
5000,-0.05,100,0.0023691905982805707,0,0.010891213520826462,0.27916108560445013,0,0.0009822456130082707,0.6627634783261431,0,-0.003683161669532178,0.7950770303483368
5000,-0.05,101,0.0023957441742002844,0,-0.001256076030365992,0.9002238336604995,0,0.0008130233698736066,0.33137734259737983,0,-0.00865455247098132,0.537242777851
5000,-0.05,102,0.0024649704774115633,0,0.000542043338199344,0.9572694949072743,0,0.0001105999814788002,0.9094030677410849,0,0.005036229482349466,0.7221189950476548
5000,-0.05,103,0.0010262283012386817,0,-0.008503216555338663,0.3952050684077869,0,-0.0010128346569033973,0.3546884001821001,0,-0.01824167339668771,0.208649140627445
5000,-0.05,104,0.0017744946377126628,0,-0.009229474161269867,0.3647375575616322,0,-0.0007905031626088356,0.8215193060880546,0,-0.025075609464530853,0.07902714114539304
5000,-0.05,105,0.0006266388998942254,0,-0.004117492743638103,0.6900800967707461,0,-0.0010192860044058456,0.5128454138911601,0,-0.009685348149924316,0.498069147730418
5000,-0.05,106,0.0033099667008648116,0,-0.00865866409203635,0.38266262587892985,0,-0.0005633583979899194,0.7967825897812826,0,0.003785519831140942,0.7848406172416723
5000,-0.05,107,0.004021642438797443,0,-0.0054799370500905374,0.5819793802894355,0,-0.0009436332009382101,0.4776281638767744,0,-0.0051769580995593,0.7113152463473417
5000,-0.05,108,0.00032829894416115256,0,-0.002553453474713535,0.7994508243763376,0,-0.0004318641620143589,0.4666073599333358,0,-0.0028501676638966055,0.8444849557837095
5000,-0.05,109,0.0018691431141381746,0,0.008136254309726367,0.4297439157287718,0,0.0005170034732207868,0.6832484524772122,0,-0.0017791469785245905,0.9042870174260952
5000,-0.05,110,0.002491943360778678,0,0.0069062809336824385,0.4798898986134562,0,0.0005161782542677505,0.5122961502159277,0,0.010466931415756695,0.44987027048442796
5000,-0.05,111,0.0022225210267023017,0,-0.0018051536031839647,0.8563564167700013,0,0.0005627561297596477,0.7958256157905161,0,0.005364290392194944,0.699769566586642
5000,-0.05,112,0.004081330835961306,0,-0.001279696973100267,0.8986132537223157,0,-0.0005474207024855047,0.5576713084240708,0,-0.01775497956168417,0.21271865413920485
5000,-0.05,113,0.0005173811258312675,0,-0.0011665456363578334,0.9060950538810222,0,0.00020496478127256018,0.6987366240461619,0,-0.0010592949850381631,0.9398972650958819
5000,-0.05,114,0.0019874177442795946,0,0.015405753443881096,0.11267033429888688,0,0.001491349569506837,0.4502190715181791,0,-0.0005895762890462501,0.9660441231820955
5000,-0.05,115,0.0024438544828588628,0,-0.01463277152108885,0.1334056381350936,0,-0.0007652971673753896,0.6638406852317434,0,-0.005997488733446274,0.6683574681987057
5000,-0.05,116,0.002463819676674722,0,-0.010060415907861726,0.311849287106276,1,-0.0009590409919492685,0.013407823873837654,0,-0.002567444936589538,0.8567248435263872
5000,-0.05,117,0.0008402949378241938,0,0.002406966511601159,0.8098446957959055,0,0.0002534215494124837,0.8641937091815914,0,-0.007646264439350188,0.5770699029865127
5000,-0.05,118,0.0011569768746879869,0,0.00793494407218704,0.42883242233510244,0,0.0016543920467994352,0.4060529092153381,0,0.017281765096476144,0.21566417748893593
5000,-0.05,119,0.004169586735444416,0,-0.012100370044251678,0.22060736046721544,0,-0.0008477223859539877,0.42793967064456684,0,-0.017080118848215933,0.21951432534785967
5000,-0.05,120,0.0028238913024951676,0,-0.008805814314581405,0.3740512874804126,0,-0.0009642480794631228,0.49283543994480217,0,-0.007339726942653764,0.5885228835229702
5000,-0.05,121,0.0032418386139292234,0,-0.005682071353544236,0.5738037401278981,0,-0.0011574865262895492,0.4290828218968774,0,-0.005642620098580737,0.6900784918262495
5000,-0.05,122,0.0022080701492271544,0,0.0043985978831239236,0.6581312278371639,0,0.0008868524494341349,0.17714396942233201,0,0.00039067768395711997,0.9779747607582585
5000,-0.05,123,0.006008045145037893,0,0.001099209711880504,0.9112566171772893,0,-0.001031431276942921,0.8984160333780478,0,-0.009589355759686415,0.5033409899346606
5000,-0.05,124,0.0005443915448295697,0,-0.002425856328848134,0.8129625817974703,0,2.3180291150131953e-05,0.7612646367437148,0,0.010619407877185228,0.4595844855987661
5000,-0.05,125,0.001800444326536178,0,0.01451065316991937,0.1514741956395983,0,0.0007257183973963388,0.08455452623246451,0,0.002148464367165301,0.881571348026615
5000,-0.05,126,0.0020801210048938304,0,0.003518131283765498,0.7318176368560141,0,0.00013181353705466094,0.19914985044249223,0,-0.007804988395635496,0.5928693556192639
5000,-0.05,127,0.002032548468179629,0,-0.000601872162438225,0.9516145034118093,0,3.190196118605897e-05,0.610319868048464,0,-0.009702358783944133,0.48702612252394184
5000,-0.05,128,0.0015948805567167288,0,-0.0005758112325546902,0.953096137811543,0,1.14080459245053e-05,0.9458175716658972,0,-0.011058670405854898,0.42773377605133167
5000,-0.05,129,0.0023047033878033896,0,-0.008782889989527306,0.3714929944760551,0,-0.001039737506838196,0.7541726842445273,0,-0.007920908717525627,0.5710375867177016
5000,-0.05,130,0.0003313346411446999,1,0.023628009765312652,0.02129785044724197,0,0.002201209141871735,0.5314719553261018,0,0.023311864639546837,0.10378197132111253
5000,-0.05,131,0.0025089995597210517,0,-0.01831993785960825,0.06489261966629033,0,-0.0013264921583867938,0.18491376941822324,0,0.0020734319342622133,0.8826036117238685
5000,-0.05,132,0.004339108958304447,1,0.01933817230838351,0.0439718818829096,0,0.0006287075175783274,0.6891244160724047,0,0.024806589871179688,0.06531839745883156
5000,-0.05,133,0.003332670204041162,0,-0.01149854760676727,0.24697880663211033,0,-0.0013111510696916363,0.21204703992557727,0,-0.015693565568704868,0.26966532643219737
5000,-0.05,134,0.001458805692513359,0,0.0036586077260289795,0.7197488067623918,0,0.0007741090681389132,0.6577635223613774,0,0.02754387092984303,0.05486594010954299
5000,-0.05,135,2.598223811328045e-05,0,-0.0024775741455633524,0.7990256591249285,0,0.0003161673868513919,0.3567834461947228,0,-0.007050142423878953,0.6173767282169443
5000,-0.05,136,0.001776610154908127,0,0.017671561384873802,0.08739611092906374,0,0.0006422887387757762,0.11708017022951345,0,0.009195806815584127,0.5211508416501962
5000,-0.05,137,0.0025152086961185392,0,-0.010025677000550431,0.305803551954819,0,-0.0008974602811594745,0.35028524626125246,0,-0.013165889024012136,0.349734020320702
5000,-0.05,138,0.0032384084023466663,0,-0.0014959125791776393,0.8786352079259949,0,-0.00031692617750294044,0.5719767118660486,0,-0.01585526313688837,0.2603449116971639
5000,-0.05,139,0.001788141580109481,0,-0.007658840922118129,0.4495015527680475,0,-0.0009520427046852921,0.9088637326500086,0,-0.010854122624599616,0.4452477447369574
5000,-0.05,140,0.004815025393342412,0,0.01624327487760683,0.10130255505474285,0,0.0018556660756455991,0.7598316088815003,0,0.019594525088327416,0.1619466409129401
5000,-0.05,141,0.0007378243810949703,0,0.003937986774386584,0.6862397753197849,0,0.0011554354929404144,0.055352127353911595,0,0.004877331673381889,0.7226479591396963
5000,-0.05,142,0.0016737836555631785,0,0.009845838403838111,0.32249692560404175,0,0.0007428797975987732,0.7914229434903561,0,0.02015455541253223,0.15159688902074675
5000,-0.05,143,0.0004708477699251433,0,-0.0041434526821005485,0.679730737819305,0,-0.0007498052259204545,0.799614930127116,0,-0.0014891331250672679,0.9161537623936846
5000,-0.05,144,0.00022699216167647033,0,-0.004143907397368087,0.6774978786831438,0,-0.000979744504575804,0.7527746516166337,0,-0.003411372293578043,0.8075784017545837
5000,-0.05,145,0.0017585250707390055,0,-0.00392874019449819,0.6942592060844858,0,-0.0001505349648839088,0.4243096003463005,0,0.0009834273244900818,0.9455383781780566
5000,-0.05,146,0.0019385399242379828,0,-0.001614911663769428,0.870876450679525,0,0.00031541910770169473,0.10353600087880688,0,0.008224206069301488,0.561737859397561
5000,-0.05,147,0.0007221919452220342,0,0.015240186270334004,0.11732705049915013,0,0.0011128968590500472,0.37942579507770613,1,0.03864583470684431,0.005619364559569343
5000,-0.05,148,0.000941335501206981,0,0.007190249102803212,0.47716715432571577,0,0.0003062684581184401,0.8926581009449731,0,0.0028840633719756283,0.835391418817413
5000,-0.05,149,0.001648920927036116,0,0.0027009638086706814,0.784695414624471,0,0.0010237645948911647,0.601573460509942,0,0.015411841052333678,0.2710633396569984
5000,-0.05,150,0.0010109841450518407,0,0.008302154447641924,0.42271284094823736,0,0.00040314328777075575,0.17080278341985689,0,0.025781784146948594,0.07117518000300191
5000,-0.05,151,0.00225508076728681,0,-0.01047079766362903,0.288719068305507,0,-0.0005332134390263628,0.9238736596662369,0,0.0041203577781332565,0.7638513790611734
5000,-0.05,152,0.0015742468153858357,0,-0.0014295494464129938,0.8877764532724782,0,-0.0002106809586252502,0.4383480087613284,0,0.006639354506227789,0.6378587199164082
5000,-0.05,153,0.0007108385743603419,0,0.009923604743620803,0.32299030698666964,0,0.0013395888118903968,0.9984585853506464,0,0.002783328772742069,0.8426671509213501
5000,-0.05,154,0.001044739037126935,0,-0.006300914337148573,0.5228133996648797,0,-0.000469297631777903,0.42038618792617233,0,-0.00016260823741842375,0.9909420969509475
5000,-0.05,155,0.003913546663868491,0,-0.004070565779051902,0.6912506516708088,0,-2.2743545597973758e-05,0.1279548320531464,0,0.013328118610939698,0.3572701044077037
5000,-0.05,156,0.002803372786543259,0,-2.483329547231126e-05,0.9980300864233498,0,0.0007440210530376479,0.7057737090322176,0,-0.008435289792625759,0.5525748011609086
5000,-0.05,157,0.0012062744747897832,0,0.0029251376186848156,0.7703629136102532,0,-0.00021019761951821016,0.11862623300236474,0,0.001162773986472178,0.9362430137672627
5000,-0.05,158,7.08898421605663e-05,0,-0.0014241969491522472,0.8876900916472883,0,-0.0005460534960461403,0.9937427550793615,0,0.005035721838616633,0.719500124037431
5000,-0.05,159,0.0026771614458119663,1,-0.026173284361002122,0.006989460095486772,0,-0.0019147697285553315,0.20595123288823813,0,-0.009557869158416561,0.49252356959707566
5000,-0.05,160,0.004634914880674568,0,-0.008063952810560018,0.43107588455937673,0,-0.0002579332505612997,0.5382333462173878,0,-0.01978162329179405,0.16597535322363174
5000,-0.05,161,0.0019151088842151302,0,0.0017751477649057196,0.8544536452017879,0,-0.0008519706499114824,0.8883753800294192,0,0.0027868569880166523,0.8430361644412441
5000,-0.05,162,0.0011604198615204743,0,0.00022884846770334982,0.981887071422048,0,0.0010165630763854683,0.06865137670338872,0,0.00019364338987502144,0.989200882268505
5000,-0.05,163,0.0028193076757183607,0,-0.0017856488699185867,0.8560548444552408,0,-0.0012680294053628613,0.608880665604382,0,-0.0015735735588146976,0.9116255197337845
5000,-0.05,164,0.004142512355917476,0,0.01153500540606852,0.260224012634247,0,0.001247327091230269,0.7506238129832792,0,0.006591065162291961,0.6476917359582369
5000,-0.05,165,0.003173530919703953,0,0.006324348502162671,0.5359855834832565,1,-5.778226236004117e-05,0.03583308797260076,0,0.02621930887479963,0.061175087278525116
5000,-0.05,166,0.0014074944093529027,0,-0.01457292683644345,0.15409561289142806,0,-0.0013295806782549116,0.9136879780484728,0,-0.01842833997611982,0.19236392438375316
5000,-0.05,167,0.002449911599901791,0,0.010640800786361175,0.2799226136665674,1,0.0011690417138265359,0.041435059110674466,1,0.03019954170298925,0.030535696447785553
5000,-0.05,168,0.001203111756333434,0,0.011578363545522349,0.250077147118442,0,0.0010538067094690096,0.477330943155964,0,0.022816596064523288,0.10958893991782542
5000,-0.05,169,0.0029372807748046423,0,0.009397358539718806,0.34258482024279824,1,0.001016888191601648,0.043961634917576986,0,0.015470952116452458,0.2726166466005426
5000,-0.05,170,0.0004226206136286364,0,-0.006693305012319194,0.5097637782917925,0,0.0007276173991121771,0.5495212759120054,0,0.011833477872419357,0.41590328426546863
5000,-0.05,171,0.007092339117901493,0,0.005981533859568034,0.5516798997989553,0,0.0006683372394501037,0.44473441946432324,0,0.0067174674745117575,0.6336743890152663
5000,-0.05,172,0.002181743577365255,1,0.025642551152841524,0.010535743483403786,0,0.002856754742773475,0.2617632948034654,1,0.02884613641105691,0.04114050308694113
5000,-0.05,173,0.001390928599537397,0,0.003982279305263398,0.698269383394875,0,-4.811914603689136e-05,0.9162914708762038,0,-0.0013128954262748085,0.9256113587252841
5000,-0.05,174,0.0016858235510127232,0,-0.011191571089691888,0.26870542265590686,0,-0.00039354253242304406,0.9934790903584358,0,0.005211724369775504,0.7080920379535758
5000,-0.05,175,0.002402555614796019,0,-0.011963328968014135,0.24035142828586942,0,-0.0014404644583605117,0.9643897933285073,0,-0.016442900319392682,0.24283278576677328
5000,-0.05,176,0.0009542686012353312,0,0.00966565268475152,0.3228381243015145,0,0.0010548877354161692,0.13841692573180864,0,0.008693565934315913,0.535191825938127
5000,-0.05,177,0.001428064457738791,0,-0.0001360057190252736,0.988919832375575,0,-0.0008635398752404376,0.7847023821946608,0,-0.0034576411785544633,0.8057766154120437
5000,-0.05,178,0.004014269908941217,0,0.010776752278165207,0.28010570155030506,0,0.0015851470082247513,0.830851665479964,0,0.013683502413547825,0.33009272910183474
5000,-0.05,179,0.0009612105890911993,0,-0.0029395888154084195,0.7649727430717823,0,0.0005623488741385301,0.3279919537461432,0,-0.008363015577393051,0.5556918622635115
5000,-0.05,180,0.0033528547448395847,0,0.0005130598851951834,0.9596287277759706,0,-0.0007710849888955958,0.956713102294853,0,-4.8460887815582505e-05,0.9973284850165353
5000,-0.05,181,0.0005732551007055226,1,0.025332522522928752,0.011879762472519905,0,0.0018195257259766597,0.2735575553710601,0,0.012995864934975378,0.3623120948612413
5000,-0.05,182,0.0023930407852170246,0,-0.006734411224593303,0.49299442278365424,0,0.00028607501677234675,0.6799862240549952,0,-0.0059611284613305246,0.6768264932782282
5000,-0.05,183,0.0010367480328046883,0,0.015383745311366454,0.11418793696450498,0,0.0004899013641671045,0.6710113332802945,0,0.021105033876261368,0.12421698010641755
5000,-0.05,184,0.0008062819897708894,0,-0.013264676319866359,0.17164244050129376,1,-0.0010207534113836178,0.04346873328713674,0,-0.021602183933731346,0.12181152356564269
5000,-0.05,185,0.00040787866338416176,0,0.0027770948232376646,0.7716206888483834,0,0.0003259232235531048,0.979212511663843,0,0.003556847755292001,0.7967177004274965
5000,-0.05,186,0.0008998509064276575,0,0.017495896427588364,0.07801377661739282,0,0.0018447271027390013,0.3704109506759583,0,0.014024194251666944,0.3139496032385467
5000,-0.05,187,0.0008272131713407411,0,0.0061532312364798985,0.5339614088416176,0,0.0015707236489639492,0.7640385045706257,0,0.005848693490484347,0.6774506537433291
5000,-0.05,188,0.0015181090674276192,1,0.022593157161425292,0.024555216933856483,0,0.002100270633992997,0.7863361541185844,0,0.023977323146720776,0.08890902364311865
5000,-0.05,189,0.00029456107263644047,0,0.0006668774890549738,0.9475368675466802,0,0.0005779509829900319,0.7190957101072877,0,0.01025353446898839,0.48436113889977306
5000,-0.05,190,0.0032933005203787382,0,0.00028179550117269107,0.9772411464779178,0,0.000911379786235489,0.1287290036013693,0,0.016491481269394002,0.24377861811010618
5000,-0.05,191,0.0019340271198183367,0,0.007637539506698815,0.44273949215208186,0,0.0006458881126069751,0.22531055422986346,0,0.011842527834984766,0.41006137160297473
5000,-0.05,192,0.00030966608694916293,0,0.003204510961972854,0.7525202048429827,0,0.00017446265680284642,0.1916317844997366,0,-0.008211489380191794,0.5604336339339331
5000,-0.05,193,0.0017722446620036891,0,0.0001668340208253597,0.9869293919613445,0,0.0005768288311691135,0.8932892384392208,0,-0.005701304659643077,0.6908967731862627
5000,-0.05,194,0.002144637345703551,0,-0.003896336353233059,0.6950747066970653,0,-0.0005307411194781604,0.844427037380485,0,0.01752278379568184,0.21746603626756167
5000,-0.05,195,0.0020973824332771967,0,-0.004929613126421353,0.6246929479987178,0,-0.0003921800860668643,0.39896197445032566,0,-0.012353767715648306,0.384008593709503
5000,-0.05,196,0.0023285462617903432,0,0.0033978251235481,0.7342946437274818,0,-6.97500012953819e-05,0.12396535731113667,0,8.370593785669801e-05,0.9952567258175243
5000,-0.05,197,0.0029446477260900127,0,-0.004952526268025606,0.6233430024186106,0,0.0002575354831949867,0.9178549056409601,0,0.00788350179487124,0.5755748121879924
5000,-0.05,198,0.003928886061448476,0,-0.007807417633928091,0.4300951570668219,0,-0.000608795364139831,0.5259730789374218,0,-0.014868196885878492,0.2946746406818812
5000,-0.05,199,0.0016703905388394669,0,-0.004238854285524419,0.6753335656872939,0,-0.0011953313875071188,0.36028477402361236,0,-0.014034749903538432,0.31990870744916206
5000,-0.03,0,0.002270237732116646,0,-0.019339737429269973,0.056998496598532504,0,-0.0013550732291824853,0.27653201311849607,0,-0.023494823938803488,0.10006462995376814
5000,-0.03,1,0.002581447342198454,0,-0.000644751898244934,0.9488105274491736,0,-0.0008429904879832507,0.1777005514838298,0,0.005896709766009709,0.6825313768293514
5000,-0.03,2,0.000537259449494623,0,0.012414715533691473,0.21138270395963743,0,0.0007536059847578369,0.8008401772822438,0,0.006971522534902,0.6251419882769214
5000,-0.03,3,0.0016616757275612385,0,-0.014866506954178047,0.12652085071516922,0,-0.0011109372453758084,0.817893149734531,1,-0.03188667862980056,0.024011961361952147
5000,-0.03,4,0.002667460280713427,0,0.013920919867513745,0.16644179368250991,0,0.0015567838772341381,0.26199220286697633,0,0.014483653260037015,0.30874869962659973
5000,-0.03,5,0.0017939743531148016,0,0.017665585055144355,0.0773043186594994,0,0.0006643910427086357,0.647047188584482,0,0.014805557192657571,0.2957533517133132
5000,-0.03,6,0.0008550167740079222,0,0.010524434524040598,0.28727665513054806,0,0.000509244495048082,0.5559576408098038,0,0.010531627635538648,0.45129460535695975
5000,-0.03,7,0.00018640442898880914,0,-0.003174228964916789,0.7558367620504907,0,3.704570119580799e-05,0.7352565519952436,0,0.0016268439126226218,0.9093326338786889
5000,-0.03,8,2.9762549758950542e-06,0,0.000702099563389113,0.9456463421381863,0,0.00020233012735453008,0.7645195451490905,0,-0.008009067756424633,0.5845899165864057
5000,-0.03,9,0.0022459858622494886,0,-0.011598904879369395,0.24304345222763798,0,-0.0006024574384919177,0.15472448704359854,0,-0.008457090778298555,0.5509369166799215
5000,-0.03,10,0.0038173201271551557,1,-0.026229754328718956,0.008255133654236276,0,-0.002210534390992714,0.7015102704303935,0,-0.01739242993287014,0.21649010008332495
5000,-0.03,11,0.0029755675743502025,0,0.0033836384623391526,0.7351569625373504,0,0.0005478313780806161,0.4821305630758519,0,-0.0009803747686285137,0.9438674240939589
5000,-0.03,12,0.0005596147090688219,0,-0.0051340909414679765,0.6052269704259811,0,-0.0006696698281055831,0.5186882373555475,0,-0.008210412804468405,0.5591683276353774
5000,-0.03,13,0.0017581110707590845,0,0.0026441660732381255,0.7953998266774629,0,0.0005704131109362065,0.7129516920589843,0,-0.01044798151470722,0.47194180561207866
5000,-0.03,14,0.00138407637902634,0,0.0008718161512643735,0.9315569255585507,0,-8.652807387838294e-05,0.8828936109157599,0,-0.0009783191509266298,0.9440986816227117
5000,-0.03,15,0.0008207390580267983,0,-0.0022971520555892582,0.824046964936125,0,0.0005442459943364457,0.7100043130138921,0,-0.0016314775764798518,0.9078602652453076
5000,-0.03,16,0.0006037906187070964,0,-0.0015618567331341618,0.876002331554907,0,-0.0003527293440950447,0.3071811623309053,0,0.0013218170251838093,0.9250042124863768
5000,-0.03,17,0.0013776748006622888,0,-0.011648830992623697,0.23364269686789266,0,-0.0009831872442358175,0.8759919930358065,0,-0.0007370238069076118,0.957698628856221
5000,-0.03,18,0.0014731800448253502,0,0.005114797630957344,0.6039463089952065,0,0.0003069108801068821,0.8671008899779435,0,0.011208233644974896,0.42362066017067224
5000,-0.03,19,0.001074250610921626,1,0.027153209981230688,0.004075165887672095,0,0.0026773210681533084,0.557884508913169,1,0.029807216335777036,0.03108314566775257
5000,-0.03,20,0.0006730713806928355,0,0.012137147580452048,0.24372464007518588,0,0.0006629399060459313,0.2319969507398847,0,0.02169462530415583,0.12463293776301809
5000,-0.03,21,0.001685363915643286,0,0.0031405503277151295,0.7545749585032976,0,0.0005370765587108617,0.7291578122520355,0,0.003165998840314441,0.8217040163959707
5000,-0.03,22,0.002011474990678606,0,-0.001470558686780134,0.8827718437112217,0,-0.0008668200045848888,0.6534516706074579,0,0.004154086769490601,0.7684318613070835
5000,-0.03,23,0.0030302209520016114,0,-0.005353914934567353,0.5811717515991546,0,-0.00011946497211070006,0.304504018219385,0,-0.0038735258784608254,0.7816518837393475
5000,-0.03,24,0.0018275883095515313,0,0.009628062652639116,0.3293276049776285,0,0.001064632999388854,0.18894732286161786,0,0.022876114994718585,0.09989455138183576
5000,-0.03,25,0.00036160074575747835,0,-0.009652761423845302,0.32876429238652327,0,-0.0008248770507091574,0.8689462591868369,0,-0.0012052864232864509,0.9318872923579831
5000,-0.03,26,0.0009317005978465399,0,0.018205645951578746,0.06861326670806582,1,0.00130495762874898,0.02978419057633208,0,0.017059760527030166,0.2304571849512959
5000,-0.03,27,0.002011324403267521,0,0.003509845688305339,0.7286910469856185,0,0.000452050790018113,0.8929277096100608,1,0.02817502376060678,0.04879223837035619
5000,-0.03,28,0.00034722493338573224,0,0.005735282943359621,0.5543608779330349,0,0.0009611444183862658,0.4383424396506155,0,-0.003541662328214565,0.800901168199486
5000,-0.03,29,0.002057175605450585,0,-0.0010136843437044312,0.9222593383404485,0,-0.0008520610638777493,0.5804268795105575,0,-0.010267879298137349,0.4702974168533419
5000,-0.03,30,0.00022207731888405146,0,0.0013517131473141254,0.8960045432716413,0,0.0012566950728910794,0.1276070532143686,0,0.008970055974462801,0.5313554853660108
5000,-0.03,31,0.002312947980079304,0,0.005074867376464967,0.6071003323183446,0,0.0011463777351190165,0.9324190719338055,0,0.0010445992758524592,0.9406211191898822
5000,-0.03,32,0.00028020930800067847,0,0.004342142845212199,0.6654590567637544,0,0.000887649644246338,0.9890486630703322,0,0.020987375956550897,0.14066421022416445
5000,-0.03,33,0.001994769209978572,0,0.0035395230825236287,0.7269189246443701,0,0.0007349651973693564,0.35723201288593565,0,0.016246344553813415,0.24319933034837452
5000,-0.03,34,0.0024247511111485324,0,-0.0008424360649492086,0.9312261233802599,0,0.0001350410768436832,0.1805907986314339,0,-0.00136464649278606,0.9217589874928759
5000,-0.03,35,0.002175139802404944,0,-0.00882422636151068,0.3842768577802278,0,-0.001027300957312443,0.3024679703614013,0,0.0010659149331909068,0.9408921542496368
5000,-0.03,36,0.0007562277537270077,0,-0.013902335128406546,0.1654118385897881,0,-0.0011366481403646239,0.935981694582301,0,-0.015026978856979255,0.29020503017351695
5000,-0.03,37,0.0015198227308986952,0,-0.004326180030859122,0.6726291133691499,0,-0.00030874681136778154,0.11342563464876776,0,0.022181956139466594,0.12150988546440812
5000,-0.03,38,0.0007340912352761111,0,0.0035207325346845574,0.7211430543946444,0,8.515606459806428e-05,0.7934664447412055,0,0.021270657846979988,0.12676098186092527
5000,-0.03,39,0.000709923838416757,0,0.0023136174369498596,0.812500037374815,0,-0.0002644733916589874,0.6769450365191316,0,0.000629105021557217,0.9644602929137253
5000,-0.03,40,0.0029290615066147226,0,0.008185639377759133,0.40553424735920407,0,-4.023158782445384e-05,0.7139754615273172,0,0.005499117351989498,0.6971435855062232
5000,-0.03,41,0.0009262387860650268,0,0.00616641251591488,0.5412331508452255,0,0.00029832389551827696,0.9367572578316784,0,0.01387717460095804,0.33311061551652066
5000,-0.03,42,4.1627406381784445e-05,0,-0.006587838884146852,0.5112029147908443,0,-0.0002203680985965226,0.904447471386592,0,-0.013717980656140084,0.3320323854134585
5000,-0.03,43,0.001299727897099595,0,0.011051009818127022,0.2701425075721494,1,0.0013790215746638543,0.023837696670843678,0,-0.004138963025162555,0.7673418782151106
5000,-0.03,44,0.0015676495194409683,0,-0.013831692584621504,0.17783523965316864,0,-0.0005515798578571254,0.7961025818308488,1,-0.02901577309602016,0.041239877430041434
5000,-0.03,45,0.0014927436017837515,0,-0.005976803826652487,0.5642506157787868,0,0.00011411415604121821,0.07190665646949423,0,-0.005183074103395213,0.7144125217505528
5000,-0.03,46,0.0034807448432456,0,-0.0013462300874150773,0.8882485487355887,0,-0.0001538623342494544,0.060668454309666386,0,0.007049417184771322,0.6050853135129646
5000,-0.03,47,0.0030071160584199644,0,0.009695691199414182,0.333010874565445,0,0.0008495268096251958,0.27897989809976,0,0.019046770221518048,0.19117274807287668
5000,-0.03,48,0.000870309168528455,0,-0.006911669717604312,0.47420133495433503,0,-0.0012498956226367505,0.11583829002447477,0,-0.007151003571449928,0.6107308560900153
5000,-0.03,49,0.0025908392323982263,0,0.004433051725776253,0.6655488824677954,0,0.0007382397526871673,0.3360495310497411,0,0.002633920736932989,0.8508037328178912
5000,-0.03,50,0.0033520633023079918,0,-0.018576319024795757,0.05933562332701665,0,-0.0007940566665468026,0.8358676567161494,1,-0.04042881204218641,0.003306755404317119
5000,-0.03,51,0.001238854456014319,0,-0.0016141305706539495,0.8714736606851337,0,-0.00032140855157705727,0.4104391316865794,0,-0.002803899761605216,0.8423725791005447
5000,-0.03,52,0.001428520157563526,0,0.0010856181178507517,0.9134729299856685,0,0.00028782273562034954,0.7297315010127856,0,-0.0068515553188866485,0.6266361096828521
5000,-0.03,53,0.003304854771723883,0,0.015568901123730624,0.1228452932779604,0,0.0017411612122397826,0.3876823897171253,0,0.009312954256951736,0.5147527230689354
5000,-0.03,54,0.0017545238813495541,0,0.000680725431321993,0.9459015801252062,0,-0.0006405979525640559,0.7087520062053894,0,-0.012036720419478852,0.3959032065029543
5000,-0.03,55,0.0011883666867201616,0,-0.013098705575281682,0.20426622066462308,0,-0.0008188151935907476,0.5643003589545519,0,-0.020669736031097178,0.15625386660327323
5000,-0.03,56,0.00046563030865529476,0,0.01648554847159818,0.0958457590241856,0,0.0015200797815714676,0.6756426356648305,0,0.012666049629623515,0.3699508832104492
5000,-0.03,57,0.0029431648464099433,1,0.02199978110912626,0.02470981851189606,0,0.001896150392293239,0.7257336437415473,0,0.021390250239215328,0.1252928509023581
5000,-0.03,58,0.0018871321435181977,0,0.004025002041312259,0.6796937677705379,0,0.0003323316311815132,0.7856611626709129,0,0.012737096994725992,0.3547161711618756
5000,-0.03,59,0.0010470795231482999,0,-0.010343886855016589,0.2851841105969389,0,-0.0014450327722079423,0.7417625389437311,0,-0.01662957593596879,0.2222071242184446
5000,-0.03,60,0.001092761081174421,0,0.003696479682181672,0.7142157565755651,0,-0.00036910366630244276,0.7674563439918352,0,0.014313776998168607,0.32439252077772907
5000,-0.03,61,0.003510206903688878,0,-0.008654744664290608,0.3870755274041573,0,-0.0015008463567016356,0.788391492129622,0,-0.00959476787423292,0.49455790506250963
5000,-0.03,62,0.0012330926034825442,0,0.005305235798380983,0.6047243415190466,0,0.0018643036673362695,0.323324483796267,0,-0.008328220508417469,0.5592701341627329
5000,-0.03,63,0.0024743704463168563,0,-0.015287985731976782,0.13892315852685472,0,-0.0012885418602831017,0.785360268368696,0,-0.01108335113994325,0.4425850224363377
5000,-0.03,64,0.0024425848179868872,0,0.01206040475987121,0.23286970285815145,0,0.0010224633007277007,0.10810669137949336,0,0.0010475444751337749,0.9412986853253307
5000,-0.03,65,0.0020942076737443752,0,-0.009967178485914776,0.32539493626628313,0,-0.0005389721585192386,0.5513530078427196,0,0.00021146315843966965,0.9882743386682549
5000,-0.03,66,0.003215558319404881,0,-0.008164552209563261,0.4086746574022665,0,-0.0012494216132604122,0.7598652429914262,0,0.008318419538678859,0.5553610378169651
5000,-0.03,67,0.00041075804712705844,0,0.0009134210300578739,0.9284537943822216,0,0.0008926704488157051,0.21620232095359238,0,0.0035174961222266578,0.8055790020879521
5000,-0.03,68,0.0004965505922954653,0,-0.001498283559406521,0.8852552294150885,0,0.00036281834383926424,0.43192503359102163,0,-0.006089155674736707,0.671309228283332
5000,-0.03,69,0.00211387404813101,0,-0.0005171372078066404,0.9600228007752906,0,-0.001461763138145043,0.629431010921646,0,0.0005862622653668502,0.967999870958953
5000,-0.03,70,0.0021538997857541414,0,0.006623180929097979,0.49450024182189745,0,0.00024546067243047976,0.5541885971183753,0,0.022422729467839502,0.11117722590110105
5000,-0.03,71,0.0012303234747657555,0,-0.005327929209779099,0.6007880907071168,0,-1.9124836004719358e-05,0.8779416460063341,0,-0.00839075578003438,0.5522272531067101
5000,-0.03,72,0.00011639212875859319,0,0.016590492496745383,0.08314888587241225,1,0.0008554820284080127,0.04971852529334697,0,0.02063604190776307,0.13110024836245276
5000,-0.03,73,0.0014935605123251215,1,-0.024679589350191124,0.013409606444794395,0,-0.002330756364312411,0.8904386690278927,0,-0.01944777389874246,0.1661956773906903
5000,-0.03,74,0.000718137815527718,0,0.0074275410636455135,0.44682898895666245,0,0.000370155072470714,0.31067203119675835,0,0.007472742832708797,0.5822459383765457
5000,-0.03,75,0.0016717645737896194,0,0.009699513916089397,0.3418367885117424,0,0.0018214657869545185,0.534611369693103,1,0.028552868398183454,0.04591603492251056
5000,-0.03,76,0.0007291827686209012,1,0.02456125256543172,0.0162598023075669,0,0.002361035940962166,0.34621563719182324,1,0.039104773873928425,0.005879351197071717
5000,-0.03,77,0.0014994886145475801,0,0.00382332528222338,0.7038423754561681,0,-0.00041813203560590656,0.25539880322809116,0,-0.000778260062804628,0.955788275445062
5000,-0.03,78,0.0016585517152462187,0,0.019707035341017375,0.05159172910367002,0,0.0017474122525030355,0.15997108964903206,0,0.023235214752719363,0.1017385836904418
5000,-0.03,79,0.0011298314826877647,0,-0.00853599144227091,0.4100809819401511,0,-0.00079010872023587,0.5518235621616983,0,-0.02492863199502971,0.09038667869674669
5000,-0.03,80,0.0017690363693984724,0,-0.007757308052445087,0.4415014845886299,0,-0.0003193864166219141,0.9516896877192933,0,0.007703581738570817,0.5905834330125168
5000,-0.03,81,0.0015550113158236407,0,-0.013474252980973371,0.16919586738580897,0,-0.0007754146723533801,0.46421856555533103,1,-0.03045863046008159,0.02830731088086403
5000,-0.03,82,0.0011785890889292516,0,0.01089112983881738,0.26511722674331584,0,0.0006869063267760282,0.319639150301685,0,0.018686194691792692,0.18625529796582976
5000,-0.03,83,0.002896137827231597,0,0.011882076835092941,0.23592648967339386,0,0.0008023130419701709,0.7454922705400904,0,0.015457252511432464,0.2716419638085537
5000,-0.03,84,0.0045246236333477095,1,-0.02241837002953734,0.031621315554213804,0,-0.0018723693550284169,0.5661526607184388,0,-0.01430654911348966,0.3182179823569825
5000,-0.03,85,0.0012442868922187772,1,0.020778358749905294,0.038616978282930974,0,0.0019873994549200035,0.5694354395723165,0,0.007245392789535064,0.6130403801572537
5000,-0.03,86,0.0009394207229849701,0,0.006428268841731925,0.5093449660431593,0,-0.0007728426540766082,0.6746851142988296,0,0.008749214166194345,0.5280604628258228
5000,-0.03,87,0.0020367338429029204,0,-0.014424738083913879,0.14054160355389875,1,-0.0005753442426660364,0.000135866924872885,0,-0.02129400649296878,0.12770325502952373
5000,-0.03,88,0.0009986888694090246,0,0.00012318055418466742,0.98997144064083,0,-0.00021915237302594137,0.6094096509776634,0,-0.0002109718058167496,0.9879332162358111
5000,-0.03,89,0.00044228014100217004,0,0.005866579210938518,0.5501110613377914,0,0.0003785231662989235,0.7435186516856137,0,0.0011548723043158394,0.9347137573283113
5000,-0.03,90,0.003086626922513277,0,-0.000480847143691834,0.9606851032541556,0,0.0006466694739612547,0.7704142092182766,0,-0.015986205859311153,0.2515244616670888
5000,-0.03,91,0.002764450422991026,0,-0.00010563431613979605,0.9917033416017359,0,0.00044819744038698724,0.39383157034491323,0,0.0018212459088233239,0.8980841109223364
5000,-0.03,92,0.00011341369346206096,0,-0.015457591875302979,0.12720738292329717,0,-0.0009802232718641982,0.9268455289870837,0,-0.017173504317896535,0.22365928699462959
5000,-0.03,93,0.0033028412213519476,0,-4.8609738795659004e-05,0.9960813675499408,0,0.000332508914528239,0.08357224474987024,0,-0.00599736616016665,0.6652053492410765
5000,-0.03,94,0.0007655788415890158,0,0.001449957208849439,0.8857905302890986,0,-0.00042110408114994847,0.2640848884494864,0,0.01554574948651635,0.27727392422769226
5000,-0.03,95,0.005857310357470387,0,0.0001981791850051845,0.9841748850872861,0,0.0002568137544830695,0.8832218479564592,0,-0.016229177411405192,0.2488278598321005
5000,-0.03,96,0.002926976200811971,0,-0.015330617219367777,0.13410261989805927,0,-0.00046738768180986913,0.6706522782128419,0,-0.024392783211134486,0.08475682498190709
5000,-0.03,97,0.0006564626280702159,0,0.018736746739521533,0.05243280702687914,0,0.00118574502158966,0.4424635012778495,0,0.009327100958153261,0.5017400055972676
5000,-0.03,98,0.003751352150479703,0,0.010016753873277407,0.31064230982962193,0,0.0003319186885408364,0.6792783620602757,0,0.0020224240918369505,0.886727180946336
5000,-0.03,99,0.0015626492242285046,0,-0.013927424317345264,0.1702558778236669,0,-0.0009159682085878541,0.07906240874105397,0,0.0015215525375331356,0.9136235537532021
5000,-0.03,100,0.00024910008122129123,0,0.0013968221235876582,0.8874247151935792,0,0.0007007481482785916,0.5240836574396603,0,0.0009921239529291689,0.9444509657479472
5000,-0.03,101,0.0019384995329476044,0,0.0013830923728824027,0.8903781221272604,0,-0.0006659087254924293,0.8192855824278041,0,-0.00785928686109656,0.5755491119453758
5000,-0.03,102,0.003191719880302539,0,-0.016870940540705384,0.08041776389756104,0,-0.002156604149842258,0.542778449800146,0,-0.0110563890558448,0.42662929123382654
5000,-0.03,103,0.004913721421726404,0,0.014366447466179183,0.1524825414625033,0,0.002025406647756932,0.7356918417310664,0,0.022861905159219827,0.10332010503361332
5000,-0.03,104,0.0017107689528613117,0,0.0016208974860663582,0.8702369642862376,0,-0.0007228604581516347,0.5950288957722734,0,-0.007531325216913959,0.5939584800018785
5000,-0.03,105,0.001555228031778685,0,-0.0029206776460359374,0.7752035001157633,1,-0.0008994320047017609,0.002299188362524074,0,-0.0009729188734327668,0.9448205597041701
5000,-0.03,106,0.00045625419082175967,0,-0.0013469695792924846,0.8904791289706608,1,-0.0009587377432620748,0.011669451838387745,0,0.00691227265843998,0.6163080525003187
5000,-0.03,107,0.001182145789540292,0,0.0032808344665391704,0.7380230629146523,0,0.0006125620649864126,0.8688308148866826,0,-0.013810596243200635,0.3129736432701663
5000,-0.03,108,0.0019355614210819572,0,-0.00965110511411361,0.331913248349197,0,-0.00040905622246677475,0.45086434753560245,0,0.0004845059537782084,0.9729488220331224
5000,-0.03,109,0.001311055021752011,0,0.0020694442715202344,0.8399705933691207,0,0.00021659442850584476,0.8570985705679672,0,0.005424095736069809,0.7087441410379145
5000,-0.03,110,0.0016186089391764505,1,-0.029773767476208114,0.003531205082382337,0,-0.0018928044120917395,0.9027737685716263,0,-0.023807387472728418,0.09277215915671802
5000,-0.03,111,0.0010636734178354357,0,0.007383569292205539,0.44907977627259454,0,0.0011619593155014728,0.3194975769455821,0,0.01733012702687603,0.213516620053336
5000,-0.03,112,0.001540976422358474,0,-0.016234070700687293,0.0996894125761086,0,-0.0010506221029289511,0.6024985156143877,0,-0.008727696193801326,0.5332685025645556
5000,-0.03,113,0.00018544555634003538,1,-0.023558080173559526,0.01610392839820404,0,-0.0018217014639209548,0.16440393226742311,0,-0.010993009426699162,0.4303138712777226
5000,-0.03,114,0.0025775537611701926,0,-0.006252939369188795,0.5384635266044451,0,0.0001598669485578639,0.26648432611311745,0,-0.008823887747344144,0.531318757872197
5000,-0.03,115,0.0021745880313459487,0,-0.009382273905400713,0.3330418475644511,0,7.538028046455545e-07,0.09836083600831413,0,-0.01812793996525852,0.18932117363558434
5000,-0.03,116,0.0030739252442617947,1,0.024041485138275885,0.014373254215117755,1,0.0016669207388587497,0.04997865859351336,1,0.02924720148540625,0.03282808722105408
5000,-0.03,117,1.7292775109244414e-05,0,-0.014629317845492859,0.14270162140616788,0,-0.0013739530293802407,0.8898005600146103,0,-0.025037166751752576,0.07443798739030749
5000,-0.03,118,0.0018590280040489742,0,-0.00537853691849092,0.598509817085398,0,0.0004613070907348356,0.5666944006783076,0,-0.006289527460285115,0.665190764319428
5000,-0.03,119,0.0014107604092002735,0,0.009375694459402204,0.3509473932118866,0,0.000793222143370106,0.16307507889087414,0,0.00796379785950397,0.5666142347623777
5000,-0.03,120,0.001330628498855665,0,-0.004311505155598603,0.6643133459644239,0,-0.0010218973879435548,0.657142657745536,0,-0.023415782990246787,0.09236043426525667
5000,-0.03,121,0.004496743820474243,0,0.0025519063433200742,0.7972600486041926,0,-0.0007017564675161107,0.7042739101290316,0,-0.01717394409834426,0.2186470088254987
5000,-0.03,122,0.0015886853599082194,0,0.0013526919306606588,0.8913510657581556,0,6.615989882269158e-05,0.5677382255984579,0,0.0019626496768796707,0.8869369179406887
5000,-0.03,123,0.0005334960430533141,0,0.0025616896767036122,0.7981314967527651,0,0.00030618383651664146,0.7685288771101704,0,-0.005645219367071165,0.6934653002403651
5000,-0.03,124,0.0011637298057817383,0,0.004666387349740932,0.6345506082611582,0,0.00028192403587345364,0.05137615546930352,0,0.002351917824674806,0.8645829938480437
5000,-0.03,125,0.0048257642942785535,0,0.009837545028765314,0.3076211646242104,0,0.0008553937483633695,0.985489257240873,0,0.014968790957393457,0.2732103574652243
5000,-0.03,126,0.0014857373895786111,0,-0.003591930618619609,0.7249855376279264,0,-0.0007991158346549467,0.6937369242881043,0,-0.002099776333006353,0.8823565641273219
5000,-0.03,127,0.0021328579080645573,0,-0.008536909783366464,0.38853167206137684,0,-0.001281014108233878,0.9612807404614802,0,-0.002390165294992211,0.8674525867169461
5000,-0.03,128,0.002533789141076346,0,-0.01713715002337489,0.08648362059166333,0,-0.001327776871915603,0.875963678672153,0,-0.023444207477112605,0.09543168149191791
5000,-0.03,129,0.0019369017798013357,0,0.0070145166590495495,0.47699975114994575,0,0.0007228863189555566,0.35466613955510895,0,-0.002671726089232448,0.8464093844180889
5000,-0.03,130,0.0016313874794763234,0,-0.009850349668224212,0.3093942669345936,0,-0.000989974146992805,0.7468739843641945,0,0.006813084993621815,0.6199877502232085
5000,-0.03,131,0.0027024224848843192,0,0.0075286453645715245,0.4562386948515741,0,0.0005270451977422455,0.9686696056095349,0,0.017811359688202806,0.2093239521886673
5000,-0.03,132,0.0021933290125135214,0,0.007825746852013753,0.4353664242422184,0,0.0006319867447291881,0.29058720649593184,0,0.005604708082345519,0.6920334168939078
5000,-0.03,133,0.003834291293816792,0,-0.0019175535452895399,0.849689925763602,0,4.6568193982494015e-06,0.9243775023666778,0,0.0064588336410409015,0.6453094855655326
5000,-0.03,134,0.004103179800938549,0,-0.00032017750709239113,0.9745384140462434,0,0.0002961963329131646,0.8044240767390578,0,-0.01064863129619682,0.45612714194025417
5000,-0.03,135,0.0020811343424813125,0,-0.000652047544390171,0.9462223370288256,0,-0.0008889595919041709,0.6209082221383229,0,-0.011883521999628324,0.396687355316812
5000,-0.03,136,0.00019870857398829856,0,-0.0006252804765403967,0.9497571776500208,0,-0.00019574901523208193,0.9030623073269259,1,0.03260896322365024,0.02017322087351831
5000,-0.03,137,0.0032997178939913607,0,-0.005816717649741775,0.5525778115885644,0,-0.000420342413856626,0.10922421430865636,0,-0.019182553291631477,0.1644272527592129
5000,-0.03,138,0.0033632241405495062,0,-0.009314152892726213,0.35398110340252964,0,4.807998272081009e-05,0.12369566834894075,0,-0.015343422132009395,0.27839831781781965
5000,-0.03,139,0.0013112889235480025,0,-0.001500997329994331,0.8797808934087592,0,-8.687571194576343e-06,0.3345449414691495,0,-0.004828274218259778,0.7328467761849127
5000,-0.03,140,0.0026072244519070725,0,0.008090851615391715,0.40744184638118264,0,0.0002803166562869345,0.1183764165036072,0,0.020557797064875656,0.15166795936852917
5000,-0.03,141,0.002437262677094666,0,0.002542252152838573,0.8043321099572609,0,-7.540829822420205e-05,0.17178719264818576,0,-0.011069032848879385,0.43795944373704476
5000,-0.03,142,0.002375419091020376,0,-0.0017441870887216222,0.8591799890225327,0,0.00014398558285934956,0.5478842979387988,0,-0.008215930442240768,0.5547277096853284
5000,-0.03,143,0.00045149819095978866,0,0.0036986533755710583,0.7079891045629593,0,0.00020922419292059108,0.14098010297670305,0,0.01104537811975722,0.4319433247503164
5000,-0.03,144,0.0007675462259571067,0,0.003973986081079227,0.6889127696308468,0,0.0006157272499734496,0.35070419477266146,0,-0.002951778723388106,0.8365119024380385
5000,-0.03,145,0.0014079703762354993,0,-0.006331895532270579,0.5150268872580459,0,0.00034004691474261286,0.8655157003263632,0,-0.0018244267228107428,0.893966933653221
5000,-0.03,146,0.00046837117476670835,0,0.00016851900237013513,0.9864386743788829,0,-0.00016662632594560716,0.5916075347039056,0,0.004372925724022833,0.7580276926197803
5000,-0.03,147,0.0006083073023985357,1,0.02246418670305169,0.023755247292813267,0,0.0022735966551489487,0.06616426983794965,0,0.013051569839280174,0.35208357907888777
5000,-0.03,148,0.00019680671742648755,0,0.012693305021807405,0.20540367947535956,0,0.0010897822475298663,0.7485342272851813,0,0.009810008769735317,0.4939241574445955
5000,-0.03,149,0.001975243814989387,0,0.00044251450117900495,0.963323631070836,0,0.0004738958825584538,0.39284290578057357,0,0.005408438582032071,0.6948941169767108
5000,-0.03,150,0.0006839984992037378,0,0.010482935826421368,0.27196610944937377,1,0.0011549017613063902,0.00273981186566008,0,0.008302458596836315,0.548186489825737
5000,-0.03,151,0.0011727983166223476,0,0.0007480269399018054,0.940327119811422,0,-0.00010162287785238361,0.8030065776240933,0,-0.007178799421004149,0.6055237618589051
5000,-0.03,152,0.0025408187422381137,0,-0.000998606075550928,0.9183754495739938,0,0.0008019943678806376,0.14716003822341694,0,-0.02209269605309838,0.10505678438660568
5000,-0.03,153,0.0031793844707511897,0,0.0007344791193907921,0.9404218822375634,0,-1.5835216927527167e-05,0.22551456643457268,0,0.02210529873160663,0.11253803606903245
5000,-0.03,154,0.0004841707963090227,0,0.01297724929371191,0.1984818519684425,0,0.0015383814151647332,0.3546966641211491,0,0.016824746105048312,0.23132743691401142
5000,-0.03,155,0.0021907203874611783,1,0.02065045629984009,0.041186888399459706,0,0.0015032410925201619,0.8702279989692272,0,0.015749189989727748,0.2656460328936186
5000,-0.03,156,0.0015959806348157578,0,0.007959113473462119,0.4402804606731908,0,0.0007593699408272111,0.7611439826194184,0,0.013621148645100743,0.3420350978432847
5000,-0.03,157,0.0020079532164784353,0,-0.006778488346017093,0.49294349138735494,0,-0.00016397110050809784,0.5190694588678189,0,0.0034739084132444547,0.8036021484041871
5000,-0.03,158,0.00028897130724935645,0,0.006297970151606426,0.5303843184214831,0,0.0021392754968106316,0.2224282016297221,0,-0.005652579825592023,0.6900306992992431
5000,-0.03,159,0.002191051576592021,0,0.016751200046769464,0.09767851234944296,0,0.0019679030794288324,0.5971438799020635,0,0.028096049333670943,0.055204596838917167
5000,-0.03,160,0.00039390209207045685,0,0.008272958420990406,0.41864757469275227,0,0.0012957097779888757,0.20107284398880187,0,0.005356910489939946,0.7061594469513214
5000,-0.03,161,0.003975708232496577,0,-0.014882153140983238,0.1325170011634256,1,-0.0006054882937915218,0.04428147514556169,0,-0.00900018496651596,0.523176365525537
5000,-0.03,162,0.0045431187599613695,0,0.003513806460151871,0.7224863405719519,0,0.0006199167043717454,0.7905665193984676,0,0.011619548320790827,0.3925389418136892
5000,-0.03,163,0.004518962800115642,0,-0.0005212016553382583,0.9580967225835064,0,-0.0004593428800284337,0.10712597058581996,0,-0.01048547205227928,0.4618504922509731
5000,-0.03,164,0.0005156731422428533,0,0.010073327377806323,0.3132007346730271,0,0.0010676413526530461,0.6488681542011744,0,0.015266291881927081,0.28326762680075307
5000,-0.03,165,0.004629790390277742,0,-0.007466568419714931,0.45595024638464676,0,-0.0013361715641669564,0.14957978659885596,0,-0.011021586246366268,0.4302234234598198
5000,-0.03,166,0.0007114530547501062,0,0.011247364179339803,0.2647368904894195,0,0.0008760361905170563,0.12076623641416906,0,-0.0015597918307866786,0.9121664191086041
5000,-0.03,167,0.00027138573522661734,0,0.011045485739737498,0.29254485150585857,0,0.00046272312708863303,0.3195969672122161,0,-0.0017932458657400493,0.9029343097721942
5000,-0.03,168,0.0060487342726127874,0,-0.014547395971318851,0.1563134631231592,0,-0.0002766297423992515,0.16414422415132424,0,-0.02186414570103918,0.1289180907456198
5000,-0.03,169,0.0026325481192958538,0,-0.0029175155561440022,0.7753945846298379,0,-0.00015185531687277775,0.5366839772788065,0,-0.0057727520117718,0.6903971692623846
5000,-0.03,170,0.0024567226797458704,0,-0.0013086291889882959,0.8950280000172894,0,-0.0004474371534168852,0.4253133183619906,0,-0.005556772061949146,0.6892143034073388
5000,-0.03,171,0.0023802185604060635,0,-0.001936270980013885,0.8460388341047957,0,-0.0007689070795042863,0.4989942489680025,0,0.01374123733261661,0.3294459222861402
5000,-0.03,172,0.002083586085537943,0,0.0008077519721088437,0.9384381155979462,0,-0.00036197692799085074,0.3577795817402376,0,0.002628771360683048,0.8562474968733067
5000,-0.03,173,0.0007250963257205731,0,0.005830059572487857,0.5603424489839631,0,0.00023408860918864286,0.6216503696139413,0,0.017064049884587904,0.2290445299493117
5000,-0.03,174,0.0015024560124908507,0,-0.00191561518063207,0.8413570308211133,0,-0.00037684179576881146,0.8204289766793535,0,-0.00959054774370106,0.4804635274697332
5000,-0.03,175,0.002350564498108348,0,-0.006270820458209567,0.523447851932608,0,-0.0005528100361639587,0.9784930996569785,0,-0.018615816022277396,0.18527020517627632
5000,-0.03,176,0.0012973750524555554,0,-0.0012658456714097356,0.8981267316604666,0,4.1257426377473904e-05,0.5463223464860123,0,-0.006696252511181888,0.6342721883736449
5000,-0.03,177,0.0025756181054406423,0,-0.008264005445702705,0.416958819487086,1,-0.0012068995223104694,0.029967822108246445,0,-0.020983905923392786,0.14163061028281132
5000,-0.03,178,0.0012245423170656501,0,0.01580373182715692,0.11725325453371216,0,0.00027141077616028007,0.2137102574727796,1,0.03299011623465633,0.01964672572617454
5000,-0.03,179,0.004590901599945639,0,0.013623447178816537,0.1768091083328883,0,4.475205121210045e-05,0.06021350135686809,1,0.03246731003500963,0.023124062891575748
5000,-0.03,180,0.0018593569158632385,0,0.0016507929034614438,0.8702839771172142,0,2.2735265239179204e-05,0.7682208446241803,0,0.0037393287971549073,0.7880292254560952
5000,-0.03,181,0.0015538770361082754,0,-0.006851820861185747,0.4897889626430111,0,-0.0005673374474133139,0.3745991627564992,0,-0.011127828882055633,0.4239352831423834
5000,-0.03,182,0.001339749816205541,0,-0.010516658527491153,0.30617179125931865,0,-0.0008788345984903896,0.28287921981369035,0,0.0007376206432842605,0.9591751270440099
5000,-0.03,183,0.0007585049499439875,0,0.006706047756576719,0.5153464080769696,0,0.00041568117440934037,0.9149359937352586,0,-0.000761166531610544,0.9584240708776002
5000,-0.03,184,0.00021786037946350874,0,0.01323774178448457,0.1847269553240182,0,0.00126010532011074,0.9576771532997557,0,0.023108890651777063,0.103274296099801
5000,-0.03,185,0.0005373469590729891,0,0.004070077980842045,0.6810475560242102,0,0.00013883611994424105,0.5472112260827917,0,-0.0007413231400919427,0.958327053594022
5000,-0.03,186,0.0002387029020617365,0,-0.007175921393132922,0.4672626746301648,0,-0.0004984791094620326,0.6133147744934679,0,0.0009047769369593785,0.9487311981692488
5000,-0.03,187,0.004172461299170262,0,-0.011435378445659889,0.264814182813354,0,-0.000518772520862618,0.48189617214709257,0,-0.0002750104730314352,0.9849752216649231
5000,-0.03,188,0.0013415772783198772,0,0.0036886174381182473,0.7085931356153868,0,-0.00013380733297253385,0.8169205998897276,0,-0.0013606160626399026,0.9222546970621566
5000,-0.03,189,0.0015454347707066199,0,0.003022072874111449,0.7666335819289579,0,0.00016124414813348725,0.3241774492293561,0,-0.0041950323495903484,0.7726371407411063
5000,-0.03,190,0.0046271489730948115,0,-0.0028469921073024833,0.7708132740791681,0,-0.0010590420232613534,0.1704015809120446,0,0.002492521514087591,0.8580953541867544
5000,-0.03,191,0.0009982351914361077,0,-0.004875190365090175,0.6304717044927164,0,-0.0007357122046213744,0.8210545261405062,0,-0.0008592720600467201,0.951868221064953
5000,-0.03,192,0.002643091405507236,0,0.006696598723470885,0.49863923602622484,0,0.0006364454410490527,0.4346727940033557,0,0.009899021406176895,0.47895324431420716
5000,-0.03,193,0.0032894174407471057,0,-0.006659391986957957,0.506953906363818,0,-0.001567578378053715,0.5476229363258331,0,-0.0009780988889598052,0.9449744302585485
5000,-0.03,194,0.0022081351180803285,0,-0.01560174607922228,0.11926570826588899,0,-0.0011828297713714821,0.9752628488478647,0,-0.02187825170986317,0.12624682474730814
5000,-0.03,195,0.00019517361764568035,0,-0.0029962642846237094,0.7601187550101686,0,-0.0005324330296784639,0.3449477784088939,0,-0.005840611752727391,0.6756190159686186
5000,-0.03,196,0.002089585223119347,1,0.021612131981695277,0.034295579153010215,0,0.0014063730041930787,0.9199670133751363,0,0.02608706404137247,0.07160766420646276
5000,-0.03,197,0.0012996270530338055,0,0.017585574095292895,0.0808768091530544,0,0.0015828566843737227,0.11335421955403946,1,0.033332584738627456,0.017287198036957475
5000,-0.03,198,0.0009227029896859673,0,-0.0005389612148658544,0.9579470242686587,0,-0.00041153153823407507,0.7665228219989892,0,-4.393291407362018e-05,0.9975368270587958
5000,-0.03,199,0.001882692753027604,0,-0.003266981205627674,0.743700847213449,0,-0.0009913085396226025,0.11431864185989882,0,0.01026591771502008,0.4555181778760432
5000,0.0,0,0.002830380709587135,0,0.003430637217654795,0.7309934359071706,0,0.0003325507012474276,0.26812594774816145,0,0.001418647682912983,0.9194171811801581
5000,0.0,1,0.0013871395946216036,0,0.006110376839434327,0.5398621636106777,0,0.0007907272624477823,0.6668200731216991,0,0.022383907380889936,0.10934814770730944
5000,0.0,2,0.002139316251228822,0,0.008796202936918527,0.3751867616479345,0,0.0012624690872032832,0.1231205216431771,0,0.005700695181951415,0.6880810135163384
5000,0.0,3,4.2535838937665274e-05,0,0.00013433901394683178,0.9888337840634207,0,-0.00016397934982543725,0.5143547460617661,0,0.0050247332991946924,0.7149336408169671
5000,0.0,4,0.0029679950002743046,0,0.006733414383861447,0.5051593753273029,0,0.000338053531750948,0.5533481199916905,0,-0.001021177470448856,0.9426880388215175
5000,0.0,5,0.0019049965431819644,0,-0.00042348715744181713,0.9649806469446386,0,-0.0007645597474126228,0.76619707190214,0,-0.009638571795301924,0.4836406897858134
5000,0.0,6,0.00359171580959483,0,-0.013300120251790653,0.18093750575216982,0,-0.0011075707652501016,0.4134918726066015,0,-0.012953432986924553,0.34992521636261353
5000,0.0,7,0.003341496201864228,0,-0.0032084593736068758,0.7471256499640146,0,-0.0008905898791301,0.3146839786148451,0,-0.007576354837584563,0.5899959905649583
5000,0.0,8,0.0028895469473760897,0,-0.012072948839241867,0.21902101361849374,0,-0.0013930225406544668,0.35176455109839844,0,-0.015902236299370757,0.2557520016924574
5000,0.0,9,0.0004857465270202419,0,0.003234031066847112,0.7499377241168933,0,0.00044865535687572554,0.7496404738459164,0,0.010984371501819053,0.43930270981825414
5000,0.0,10,0.0010769764138152732,0,-0.004363366098138929,0.6566757821913134,0,7.05198598779605e-05,0.6852996905340496,0,-0.012144554634108316,0.3847612867457223
5000,0.0,11,0.002941700313130239,0,0.0035735101852222644,0.7152348600754228,0,0.0010110860476794069,0.5878658615706295,0,0.01354978211171192,0.33452444382701485
5000,0.0,12,0.004012609795326772,0,-0.012682731250013202,0.19513571651295195,0,-0.0017760463693902127,0.08499199513667843,0,-0.02029292339327411,0.14784511011262713
5000,0.0,13,0.0003219212440648773,0,0.001321637272883711,0.8942367334588305,0,2.2837435328983794e-05,0.977482860787532,0,-0.017020468424244834,0.22884724292647785
5000,0.0,14,0.0001893570799515672,0,0.007382920444816709,0.44783216292836003,0,2.8453554574251403e-05,0.2787118810134521,0,0.006600670407635344,0.6380992209545254
5000,0.0,15,0.0020921648577152366,0,-0.007991439848516236,0.42005678564149096,0,-0.00015064080228934787,0.67702932661643,0,-0.019925435246715792,0.1598522379428372
5000,0.0,16,0.002403895078898103,0,-0.00038318165617060723,0.9686116133040547,0,0.00010218144235459981,0.8243347560378852,0,0.0018563466603373569,0.8946723018470579
5000,0.0,17,0.003528375836342044,0,0.008447996335691222,0.39903018086782194,0,0.0016002282720962145,0.25681898669755543,0,0.0020291256679116436,0.8867867853869313
5000,0.0,18,0.0016891405352395094,0,-0.01814329014943262,0.06541264172677197,0,-0.0014917251678730104,0.47206445807199326,1,-0.02852801284285379,0.041863144237184985
5000,0.0,19,0.0036042257582526833,0,-0.015039636153856915,0.138418164690701,0,-0.0015493436985551398,0.2818795903947846,0,-0.01949492741884584,0.17302078341317237
5000,0.0,20,0.0018743516361445188,0,-0.0104648999019341,0.3048342725460608,0,-0.000554899368691967,0.434038272720793,0,-0.015777235418003528,0.2641717506765746
5000,0.0,21,0.002364096114477997,0,-0.017392051610479742,0.07949303518749457,0,-0.0011749780731007105,0.12648463343880967,0,-0.01950723796091654,0.1620641759467391
5000,0.0,22,0.0023728848460868924,0,-0.0005871495679468002,0.9530056615548108,0,-0.00020074070409185926,0.9904451079078026,0,0.011781472531695088,0.40857712180297057
5000,0.0,23,0.001824246114716246,0,0.009130917130308907,0.36975867255794614,0,0.0014588255392701571,0.7024672265693771,0,0.014172711570355104,0.3216292593037844
5000,0.0,24,0.0029222330471862473,0,-0.000139954561282699,0.988851106368134,0,-2.8438554271137713e-05,0.13037840601801953,0,-0.009348024715504328,0.5118570922223554
5000,0.0,25,0.003327969907051271,0,-0.009665097477194923,0.3219333209486941,0,-0.0005196615928328831,0.10870436801356309,0,-0.02565934686506848,0.0651161471726703
5000,0.0,26,0.0019408533457141819,0,-0.017027782975234922,0.09475962165956044,0,-0.0009889627147386894,0.09538757357578453,1,-0.02970737991888668,0.0410578609445185
5000,0.0,27,0.0006293617817773674,0,-0.014205228158885625,0.15731789913067018,0,-0.001564083625887902,0.21935154236882293,0,-0.009847955714779269,0.49257443605109186
5000,0.0,28,0.002882788416933507,0,0.006221638595654291,0.5253139805336053,0,0.0006964359467182256,0.9698140374629852,0,-0.0056733075280707415,0.6796580274649899
5000,0.0,29,0.0009249150692961473,0,-0.005581099796911845,0.5725772666196978,0,-0.00012939048200171922,0.950465157684516,0,-0.015318278566206952,0.2766286202722458
5000,0.0,30,0.0009201008803564259,0,-0.005760832065111096,0.5570083174328622,0,0.000632092222098972,0.447903067047136,0,0.0015349361755024847,0.9137368365073308
5000,0.0,31,0.00030099420529289614,0,-0.011646927743245267,0.24335308297319674,0,-0.000439820284837175,0.11129416737970454,0,-0.016450174985912853,0.24973714584599604
5000,0.0,32,0.00243000889502686,0,0.013349413714571958,0.1844224698822979,0,0.0017118715653339277,0.5442393350624581,0,0.005934010911725123,0.6751188960730703
5000,0.0,33,0.0009363809839088565,0,-0.006608746180138713,0.48983394719984996,0,-0.0007261785586001189,0.8711719687116682,0,-0.006835227885145099,0.6275243231710421
5000,0.0,34,0.002260386972397894,0,-0.0015535641740588144,0.8757389628628424,0,0.0004916525261572409,0.1314497894997686,0,-0.012890116284124604,0.35741885148247
5000,0.0,35,0.0025041875470486427,0,0.0016367475486623847,0.8680192333100254,0,-9.283667489492464e-05,0.5618594799097556,0,-0.002997114337230495,0.8308967852934028
5000,0.0,36,0.0001375973502679682,1,-0.0207470132208758,0.036184522526901845,0,-0.0015187977706024203,0.9655835239378248,0,-0.018888143082741962,0.18168456806655126
5000,0.0,37,0.00025511965669084894,0,-0.0003993082793459484,0.9681754321255805,0,-0.0012106819841893126,0.06028842127501721,0,-0.003562242257195189,0.8019545463466777
5000,0.0,38,0.00036252871722008414,0,-0.0026442618151636334,0.7938671843410534,0,-0.000670070920823045,0.535462170649285,0,-0.002640052723271202,0.852555885189128
5000,0.0,39,0.004678742366003003,0,0.004596626833495952,0.6422952217441017,0,0.0004269977610489218,0.38091715169952844,0,0.013550347220660015,0.3301299738413791
5000,0.0,40,0.0007237140246378771,0,-0.0013125005319672986,0.8939118210950832,0,-0.00011530090197752946,0.2579969117324611,0,-0.009335528728208227,0.49993725419589496
5000,0.0,41,0.0014843874308044316,0,-0.018479516703571165,0.07263461482330323,0,-0.0021069311807824574,0.1649933611975164,0,-0.024113383358394865,0.09818169113374348
5000,0.0,42,0.0010309866392516891,0,0.015368809720832637,0.11796227208971022,0,0.0010490975895037576,0.4273115166538324,1,0.0315146292215521,0.026763284790902273
5000,0.0,43,0.0032524500336360827,0,0.013494577632955937,0.1801031177242802,0,0.0014596943941927452,0.4629269281089966,0,0.005771168386314949,0.683499427523857
5000,0.0,44,0.001484562612999525,1,-0.02048204114289821,0.04258842650341747,0,-0.001586336130504715,0.5555974007207177,0,-0.024874035575619565,0.07510326535229604
5000,0.0,45,0.0023737902264395184,0,0.010136741305413527,0.313347745161718,0,0.0017321678466046637,0.9079353007494788,0,-0.0019680827629556894,0.8921107805413118
5000,0.0,46,0.0016991957019533424,0,0.0039026203249085127,0.6941186732741333,0,0.0002880162833077841,0.25480668388877015,0,-0.016151985586658875,0.2501193689625717
5000,0.0,47,0.00395299638905046,1,-0.023200510198752765,0.021313464383572078,0,-0.0015749442020864804,0.16204519394414774,0,-0.012770262277253596,0.36515722620242475
5000,0.0,48,0.0017115008777223197,0,0.0002007122272182759,0.9840554413385301,0,-0.00023439591888588373,0.6007817378809366,0,-0.001986808436395003,0.8884707419366455
5000,0.0,49,0.0014773373898634861,0,0.003891633288652927,0.7044566537067961,0,0.0005268491686635549,0.49133995733869973,0,0.004920575580689755,0.7349095903238695
5000,0.0,50,0.0009230763498252279,0,0.007611384488526434,0.4583461420200473,0,0.0005128374544993542,0.6726820200616651,0,-0.007325734192388229,0.6152046259062778
5000,0.0,51,0.0032013648905679926,0,0.0015050417623427839,0.8792822639564328,0,-0.0005448792090978283,0.5960890501108904,0,0.007560111367767692,0.5939491017342087
5000,0.0,52,0.0007742331376442478,0,0.003919011425712146,0.6956629317098539,0,0.0011652792492222134,0.9896748268031467,0,0.00950068942367618,0.502287946967574
5000,0.0,53,0.001137198411860127,0,0.014364576760752125,0.1503330278286047,0,0.0012920335425135733,0.4563851918497013,1,0.03068493520304333,0.0297039465639394
5000,0.0,54,0.0002686153671663537,0,-0.014242464356624407,0.15575587909495459,0,-0.0002913758160191923,0.5422369904154041,0,-0.021216617410053398,0.140013743458842
5000,0.0,55,0.0029387564067906526,0,0.013786708901663378,0.1703592367545964,0,0.0004023635445440909,0.9208708279355619,0,0.014243612556487793,0.30889034410975064
5000,0.0,56,0.00032249311583990796,0,-0.01205113747457241,0.23705958427131713,0,-0.0006727718296439032,0.3199117779153695,0,-0.009849422332140083,0.5049537001161141
5000,0.0,57,0.0008103493577211343,0,-0.015221881305150498,0.11691997301828191,0,-0.0005040372376646312,0.06105652667808836,0,-0.01911819123059232,0.16702195851086185
5000,0.0,58,0.0023329317720746806,0,-0.0030413701190278152,0.7549964584997698,0,0.0007407371657856272,0.6681970641073862,0,-0.007701635103308984,0.5786904711119812
5000,0.0,59,0.001864043689347461,0,0.013919251218925607,0.1578030613373884,0,0.0012890938792038998,0.689353000677243,0,0.002646955649247452,0.8450631164208829
5000,0.0,60,0.0023334548239503173,0,-0.004034707018351449,0.675328322340736,1,1.9583936969091295e-05,0.014553275492762086,0,-0.014575867212881457,0.28783361895249365
5000,0.0,61,0.0013188348342065522,0,-0.009779850129473702,0.3346036959878186,0,-0.0010231477861994507,0.6339508111029619,0,-0.011498640119096017,0.41200951336588765
5000,0.0,62,0.0010360392576463284,0,-0.01835325748839906,0.06809232194985759,0,-0.001541530425437462,0.5188020713885078,1,-0.031044873266711848,0.024766505711286864
5000,0.0,63,0.0011019746537728403,0,0.003470572309476297,0.7304801553540484,0,0.0003903600118001003,0.5100445933975234,0,-0.023020431891735554,0.11065534410296016
5000,0.0,64,0.001269834172215082,0,0.006647134836447171,0.4984184499794758,0,0.001958071144132646,0.593556447156077,0,0.0013069049788037514,0.9261413705373296
5000,0.0,65,0.001061226248350193,0,0.006349645891605469,0.535354522841801,0,0.0002347909461322378,0.1349826798083561,0,0.017261133494703592,0.22639526977983404
5000,0.0,66,0.0019373349517654338,0,-0.004293765901802782,0.6680376524528764,0,-0.00024168472844575284,0.9864014818984659,0,-0.0018353539479765853,0.8981112415428687
5000,0.0,67,0.0015478921521017053,1,0.0212310482882634,0.03889671810229737,0,0.0012336805470646497,0.5800743637199324,0,0.012006106075477248,0.406248605107565
5000,0.0,68,0.001282994851089017,0,0.007044666076206345,0.48792316591320184,0,-4.6357103863237994e-05,0.582182785380331,0,0.009003846180204512,0.5300749181503782
5000,0.0,69,0.0014907588465110835,0,0.017964089259327545,0.0791973690219312,0,0.0006317545188068205,0.14246427497851266,0,0.008347197969546936,0.5634330523371249
5000,0.0,70,0.0007285145935499354,0,0.0005529108910323269,0.9561414789095648,0,0.0005484463441112976,0.29301305539798705,0,0.002517106047212011,0.8606090610161845
5000,0.0,71,0.001976572444429287,0,0.008841954790307537,0.37447546159290224,0,0.0008942324318175805,0.5388170761724992,0,-0.0019295323874780699,0.8906057975380464
5000,0.0,72,0.001691017701105503,0,-0.014182271768176456,0.1622393565536818,0,-0.0012838458039330445,0.3864532045197753,0,-0.0059932540441617775,0.674523991971929
5000,0.0,73,0.00041404203110721255,0,-0.00305185817985772,0.7555154579834579,0,0.0006974982103811604,0.05307330316155445,0,-0.011733342620993178,0.3987499576563659
5000,0.0,74,0.0009637900634042578,0,-0.0017534239040864208,0.8622724729857458,0,8.34227607751275e-06,0.35200937666369714,0,0.006754333509330577,0.6376329056348965
5000,0.0,75,0.0007960614726788072,0,0.0069160795255537155,0.491318096672425,0,0.00027776132009760447,0.09117424631154858,0,0.0020432813531543297,0.8860410043744539
5000,0.0,76,0.0009025956540206064,0,0.0015587428201344067,0.8787054789119547,0,-4.421400450016266e-05,0.657454037475516,0,0.015349299121459955,0.2870078738052706
5000,0.0,77,0.0017407284554064788,0,-0.004862976985187742,0.6264154609427093,0,-0.001195010520297444,0.8377506430886212,0,-0.0031834764724673805,0.824700542953765
5000,0.0,78,0.002752869486369974,0,-0.003751328802031487,0.7098314801509038,0,1.797947350166342e-05,0.4584143540802793,0,-0.000435809897841183,0.9753078006258875
5000,0.0,79,0.00021611506768852006,0,0.009100903679828987,0.35986284024831694,0,0.0011358598538589377,0.4930088858852657,0,0.0011845229504503139,0.9326966768777827
5000,0.0,80,0.001476714093471467,0,-0.008989220118129936,0.3693754931486438,0,-0.00040562253018657765,0.09580424861634551,0,-0.025952195413314706,0.07265868296908252
5000,0.0,81,0.0002913135566616978,0,-0.00803100106955779,0.401355914718856,0,-0.0009275872707405087,0.25605974786260033,0,-0.014006021163608712,0.3063144931675682
5000,0.0,82,0.000979332865968944,0,0.0022752588887708447,0.8208403527622707,0,0.000409067825422709,0.890143783256327,0,0.004983366850009552,0.7269110039250339
5000,0.0,83,0.0016824605418345694,0,0.007974961827835492,0.41557744192717616,0,0.0006155466929057854,0.053857160664628756,0,-0.009004096783054761,0.5263234189061838
5000,0.0,84,0.0020871795650706094,0,-0.006873810461856027,0.47517832458094533,0,-0.0001308714898052888,0.8626109226303685,0,0.00422396570280344,0.7555720034033062
5000,0.0,85,0.0022717026707051702,0,-0.0029373103682096453,0.7714585195991114,0,-0.0010822731464121469,0.1673527857752033,0,0.001128934285956158,0.9350965026728304
5000,0.0,86,0.0033497017406632756,0,0.007364688500163137,0.45856534894023715,0,0.00033921412642617477,0.24544785442885053,0,0.02675103676249297,0.05716822256102715
5000,0.0,87,0.004266338965038608,0,-0.008506671025175822,0.3947894462550833,0,0.00086182269097177,0.11196567069649643,0,-0.02139774151454852,0.13066318100271482
5000,0.0,88,0.0016056805771778983,1,-0.021072001232711128,0.03985581466958486,0,-0.0020490406540000818,0.3508745243661632,0,-0.013237973956417303,0.35761595606605856
5000,0.0,89,0.0017154418309811232,0,0.01283491359271411,0.20706028932021447,0,0.0010773399006760239,0.37537614119225937,0,0.008027285419044298,0.5729106387512299
5000,0.0,90,0.0014708883472492943,0,0.009191727202703002,0.35314110401614596,0,0.0003930831842426544,0.21721945337466342,0,0.011553672909835866,0.4130234701869887
5000,0.0,91,0.002283053852149808,0,0.0053703221392193525,0.5954719854581525,0,0.0006481581733363492,0.5513818126529831,0,0.005483041246860764,0.699668928565433
5000,0.0,92,0.0007419234834879995,0,0.0013423186900599444,0.8965747986233641,0,0.00048504748591859714,0.4766608767366006,0,0.003680393354673974,0.8000017354432012
5000,0.0,93,0.002800016633290693,0,0.008554585595740814,0.3966209189350349,0,0.00013410316522024406,0.50216720507104,0,0.001691360370300252,0.9034533866783452
5000,0.0,94,0.002141250165452906,0,-0.002125778801707287,0.8315237196632745,0,-0.00044913689921811007,0.8991743317566321,0,-0.0019504233720471595,0.8904895772187437
5000,0.0,95,0.0005788216619009805,0,0.0006867955273728661,0.9454860668706722,0,0.00011072883741261306,0.9453059713165444,0,0.014014343122823628,0.32290288178661697
5000,0.0,96,0.0020205037739503104,0,-0.0012494190655296508,0.9010190843981674,0,0.00022890286426252947,0.8947280287270252,0,-0.0021389473796462437,0.8764159578269066
5000,0.0,97,0.002729451473292403,0,0.009738344427284565,0.3159151829609196,0,-0.0002198578257221032,0.2807866676088201,0,0.025028938485182294,0.07080185978879891
5000,0.0,98,0.0022293672754171365,0,0.006375601154882322,0.5253672595157823,0,0.0006596000437042791,0.08143873100653765,0,0.01633805365145352,0.24350997730828358
5000,0.0,99,0.003290559225077585,0,0.006960505890462769,0.477563723230397,0,0.001003460239238166,0.8717880950374026,0,0.004819479315938888,0.7293809738587138
5000,0.0,100,0.0021773697258328285,0,0.0009915746207885701,0.92011320400764,0,0.00036961571449360594,0.7867991744115017,0,0.0140066614061087,0.3233698110488744
5000,0.0,101,0.0014849948971255157,0,0.012482992249259818,0.2078134946713641,0,0.0016286607381742527,0.3499188363111063,0,0.012684545448004549,0.36357548311173027
5000,0.0,102,0.002878950308802722,0,-0.0017945018739656555,0.8521289608177615,1,0.000494269945384403,0.031512799776435174,0,-0.018618307976522114,0.1832910267568294
5000,0.0,103,0.0033233742304172695,0,0.004800831828627627,0.6402582537497532,0,0.0005030798223509258,0.5938605995576359,0,-0.0032062458343043347,0.8242025184044824
5000,0.0,104,0.0007493688490430042,0,-0.007004397402927645,0.4848096276066386,0,-0.00035937294671929893,0.9264366526081296,0,-0.012069589545543328,0.39043685512303616
5000,0.0,105,0.0018327543972935496,0,-0.002070502535113399,0.8344618736985756,0,-0.0008701581286789537,0.6475948521297143,0,-0.012166228452355123,0.38296999680382626
5000,0.0,106,0.002385405716028077,0,0.012673434714819819,0.20677188624237725,0,0.0012103550382743012,0.8305062301352988,0,0.02001446614131694,0.151539003494422
5000,0.0,107,0.007001902301369106,0,0.006935724094972883,0.49205236569103805,1,0.0002877298038457799,0.0497156271021475,0,0.00031203704012246983,0.9825359704874724
5000,0.0,108,0.0006802206271938652,0,-0.006476062369994947,0.5188498591302857,0,-0.0006340157925874657,0.7906507506353184,0,-0.02359236086073877,0.09300893216882557
5000,0.0,109,0.0001854652988240823,0,0.005414537839749299,0.5985603275250329,0,0.0006477314973686008,0.5053676995213263,0,0.011791726254586903,0.41260354761552986
5000,0.0,110,0.0024704121927806985,0,-0.008306822443710034,0.4022819459044734,0,-0.0006797524179010608,0.6558371857324001,0,-0.006210998875899322,0.6572380908039976
5000,0.0,111,0.0017164272906559138,0,-0.007193182066876457,0.4619822999749945,0,-0.0009965660556667593,0.751180717749579,0,-0.014573491322084693,0.29646756331442375
5000,0.0,112,0.0030697471172649008,0,-0.008336552353428641,0.4134231727166152,0,-0.0012178302817906887,0.9010420558378116,0,-0.026535247271717556,0.05874314503199625
5000,0.0,113,0.0027933808405790545,0,0.0048069585080800625,0.6315677992915519,0,0.00022348852560072826,0.8189535798831753,0,0.007693658970893693,0.5769969529912111
5000,0.0,114,0.003102325416055909,1,0.021116903701451167,0.034410244210363886,0,0.0023420461549116915,0.4902660055962481,0,0.014972535424770249,0.2890539376845617
5000,0.0,115,0.0014763835677715793,0,-0.00908668761134115,0.3559706062769168,0,-0.0006333486190666333,0.0997678489977355,0,-0.004950341496789114,0.7171689729278519
5000,0.0,116,0.0005092362556649494,0,0.004811022468090804,0.6278879951142255,0,-0.0004499479471937899,0.26786919825795963,0,0.014814680317596068,0.29485732954310395
5000,0.0,117,0.0019075800390043194,0,-0.011648890189674726,0.24937161045383396,0,-0.0016126612575735886,0.25734369567095805,0,-0.007062930266869901,0.6135641324274552
5000,0.0,118,0.002139128565503154,0,0.015459749948399866,0.11728371330455845,0,0.001663880197300381,0.7821413707104591,0,-0.0016520972669121052,0.9062926901506106
5000,0.0,119,0.0005329732370472305,0,-0.005868617704506632,0.5394414524850144,0,0.0003003508640703435,0.34798948704999244,0,-0.006057743514594784,0.656535466869336
5000,0.0,120,0.001613321429135011,0,-0.01788473121117587,0.0802640076892677,0,-0.0009877286361176605,0.8354794316409819,1,-0.033462075178533716,0.017142047474809928
5000,0.0,121,4.175047436566148e-05,0,0.019113171951604082,0.061949270125594647,0,0.0015388859809265013,0.3950650988886608,0,0.020230611992146694,0.1621370394315086
5000,0.0,122,0.0008998957257368083,0,-0.0022364874823668597,0.8233519261367211,0,-0.00042861408848142993,0.22262323149629448,0,-0.00853318252899386,0.5447855444375473
5000,0.0,123,0.00026106481708528705,0,0.006691097107185214,0.50559168899418,0,0.00048761589908193276,0.9632024337106949,0,0.01389028217712214,0.33612652565043666
5000,0.0,124,0.0004879910680550061,0,0.0033213448194484322,0.7337436448986431,0,0.00037459927214976543,0.41848867647129495,0,-0.010574576596273925,0.4520311309534367
5000,0.0,125,0.0017502103861418864,0,0.009972499332244148,0.3044704072617921,0,0.0009791701526546002,0.4243705375173443,0,-0.0009582265288256833,0.9467462683818785
5000,0.0,126,0.0014954789991793284,0,0.00022831745101647679,0.9813701464172306,0,-0.0005293556615811532,0.680551528295687,0,-0.004347868595128175,0.7591412666903982
5000,0.0,127,0.0015607219597789275,0,0.00350913596823808,0.7185570311394108,0,0.0003857122338395787,0.32752923118768473,0,-0.0002263011156615939,0.9870028396630717
5000,0.0,128,0.0015698976851924796,1,0.02115354754670023,0.03398197185957718,0,0.0014386379822122315,0.5661083743004813,0,0.011097733411652457,0.42437422108301504
5000,0.0,129,0.003139610295662375,0,0.01226540703683996,0.23128748707161978,0,0.0008001543126663467,0.5909599362033044,0,0.017525376279797274,0.22584234886978324
5000,0.0,130,0.002859177319252769,0,-0.010697887798527851,0.2857128887894003,0,-0.001193707233710303,0.43708379381135587,0,-0.019694397995329682,0.1644422647128667
5000,0.0,131,0.0008932126775913546,0,-0.019223143149752514,0.05115412931701124,0,-0.0019079741462262568,0.944719726430957,0,-0.024467540068324613,0.07674569982629648
5000,0.0,132,0.0011468330883167058,0,0.00019400179055802536,0.9844716269281514,0,-0.0004308528257468536,0.7788256226579837,0,0.01365081377883079,0.33231205571032163
5000,0.0,133,0.001055644736932517,0,0.00046539567174891557,0.9626765241111088,0,-0.0008216323865206972,0.506959700920657,0,-0.01618888493761285,0.2564608548370991
5000,0.0,134,0.0009984935381102528,0,0.0051064284234231035,0.6095832515471806,0,0.0007089797841415882,0.7492298092116167,0,0.013239110379401203,0.3519073486776153
5000,0.0,135,0.002605706753661273,0,0.0022430451840061735,0.8179855085926571,0,-0.0004205885102584703,0.15831109216617834,0,0.016304603215612837,0.24923823541060877
5000,0.0,136,0.001974096438226326,0,0.010038145722527885,0.31309828830822684,0,0.0020823108682660944,0.383951235680154,0,0.009071177840822111,0.5108005758869023
5000,0.0,137,0.0009569097809669073,0,-0.0021995553678179187,0.8277097758668764,0,-0.0005722661728173494,0.6543007352025112,0,-0.015506404391853816,0.2661858430954467
5000,0.0,138,0.0014471233026596114,0,0.006072343426453811,0.5408648606879838,0,0.0005844169283420748,0.9216673680099644,0,-0.004021885662173082,0.7753873489879596
5000,0.0,139,0.0007582063015890277,0,0.0055422103814575414,0.5775099213426496,0,0.0012712731492998364,0.2783574376107434,0,0.00964189512338543,0.4847759983955713
5000,0.0,140,0.0030787200517019184,0,0.0046934408457461885,0.6333906165627843,0,0.0007777692499517404,0.720259820652181,0,0.002193983002825325,0.8740632846192345
5000,0.0,141,0.0014091190300228225,0,-0.002082608769335204,0.838740033960256,0,0.0001658279147436968,0.7004969454879124,0,0.0012115362932706005,0.9327966446453854
5000,0.0,142,0.0013566383984841557,0,0.011140888128190404,0.2582112214103134,0,0.0014304379804871408,0.7173513730887547,0,0.017707171703397896,0.2096752749261234
5000,0.0,143,0.001475720445672046,0,-0.0085242031375106,0.39831098556652333,1,-0.0004617976581859684,0.01839868261896238,0,-0.0028172023151743497,0.8422581931704539
5000,0.0,144,0.0006638602857910554,0,-0.013341430810723346,0.1772782696667766,0,-0.0010960195105529783,0.10686054639391296,0,-0.007102390870372418,0.6167352978840346
5000,0.0,145,0.0005734767684909636,0,0.0017684800788645794,0.8595876556090727,0,-3.487515023332964e-05,0.8153557729207838,0,-0.0010438992775835508,0.9413136330717573
5000,0.0,146,0.001976522108242018,0,-0.014254219373685702,0.15255067449584264,0,-0.0007423194478583531,0.6149302826627192,0,-0.025975086474895007,0.06390493636062825
5000,0.0,147,0.0008883612878323194,0,-0.003662947659828379,0.7179823672362693,0,0.0004220181502956281,0.5734666627871559,0,-0.00947685902150061,0.4975201568261719
5000,0.0,148,0.0018513328367990888,0,0.00107469415955844,0.9144549305917257,0,-0.0002233429503377713,0.09341680473688418,0,0.009378596271493112,0.5053846694717952
5000,0.0,149,0.001746961714437921,0,-0.0007062151566470569,0.9423776989769077,0,-0.0005253406969928167,0.3579872560285764,0,0.003237477402338657,0.8172752170198195
5000,0.0,150,0.0015530529313254058,0,0.007957445466693346,0.41841104190385203,0,0.0013396109058593096,0.8088146517524231,0,0.005538886099836131,0.6911536939302607
5000,0.0,151,0.0014642207852438838,0,0.009218235984962984,0.35491616862976905,0,0.0009424409755081945,0.11616982035883316,0,-0.011049374288652486,0.4273724506627322
5000,0.0,152,0.0014697490165283592,0,-0.012906786443166063,0.19720701367296217,0,-0.0003843597505412442,0.832175150923326,0,-0.007055146391393969,0.6153751484632706
5000,0.0,153,0.0023169377796052482,0,-0.007170543917971417,0.46512564119220656,0,-0.0004393160322417899,0.9999746292292154,0,0.003976001933306513,0.7781708809475968
5000,0.0,154,0.0012049010755036261,0,0.016415104516379925,0.09839042017051389,0,0.0013341382247136196,0.6678379431862208,0,0.019022932091814795,0.17281997833201798
5000,0.0,155,0.0031162709161131437,0,-0.0031569634147879024,0.7578903055419686,0,-0.00020885593334090045,0.41316228449335535,0,0.011062411773536356,0.4382995222435412
5000,0.0,156,0.002293809422284795,1,-0.022679651837200207,0.02672284281714439,0,-0.0012893468923948087,0.8217760911753834,0,-0.0007679504335180607,0.9559812087223477
5000,0.0,157,0.003390347818798115,0,-0.007246723342843641,0.4720979779790466,1,0.00013644181752478856,0.02646205397552248,0,-0.0014171425280289354,0.9185232559332548
5000,0.0,158,0.0015548864668600765,0,0.018712065786016342,0.06488431420865978,0,0.0017738657084065302,0.5428352457589749,0,0.003341336615017766,0.8113193835831148
5000,0.0,159,0.0005953066477020606,0,0.0014243130871247358,0.8866074960921528,0,0.00034680013469649904,0.9677435722090629,0,-0.002907676355406112,0.8346489409498247
5000,0.0,160,0.0017152390132115713,0,-0.004219928038754468,0.6623027482332879,0,-7.904667336812604e-05,0.4422433651008779,0,-0.004466330625203207,0.7504382571130999
5000,0.0,161,0.003217025800884541,0,-0.011862094293445116,0.22851055286906435,0,-0.0010353833654554445,0.7756617274249704,1,-0.027345028370091673,0.0491273574009942
5000,0.0,162,0.0021940016897382653,0,0.002372528334881649,0.8138416240233864,0,0.00020511353400840638,0.9693753648584256,0,0.025655836494693024,0.07206390575276694
5000,0.0,163,0.001620429542158947,0,-0.0026566033077291044,0.7916398233307472,0,-0.000588678922647077,0.2633945488142111,0,0.005946002341670161,0.6725028334478849
5000,0.0,164,0.001734242752507049,0,0.007698013111215055,0.4497941810746513,0,0.001298347069299469,0.7592155043998373,0,0.002427899489065278,0.8654106196262589
5000,0.0,165,0.0022007291008305173,0,-0.00877230178087077,0.38191203813547625,0,-0.00020538719471166068,0.47354296105736826,0,-0.00699195124704629,0.6212344127148406
5000,0.0,166,0.0012844649338638315,0,-0.008563188766067743,0.3835769164547189,0,-0.0005533167170756302,0.9436665873748422,0,-0.00985895430583477,0.4748496442709398
5000,0.0,167,0.0017838124970518195,0,-0.017083383055155648,0.09128319419854328,0,-0.0018848883207872001,0.08918003949980968,0,-0.0058504551792261375,0.6855464358082184
5000,0.0,168,0.001931110065543275,0,0.0048551139822312845,0.6058842259750479,0,0.0008679023585850705,0.5361305844110174,0,0.012066897252553081,0.37496979851792656
5000,0.0,169,0.0015279955824981292,0,-0.011377813696479468,0.25611938462293776,0,-0.0013421403214343092,0.8187702896887886,0,0.01007145643433581,0.47887824732056583
5000,0.0,170,0.00184945363773714,0,0.0015242497872950888,0.8793306907926983,0,0.00013442796049261267,0.2059189427677729,0,0.023313978959104163,0.09890014573132191
5000,0.0,171,0.006357311111352208,0,0.007520452448329601,0.44764244069243275,0,0.00052509715466925,0.6536590277452989,0,0.024745959925542228,0.07719898313347277
5000,0.0,172,0.0013846312130883763,0,-0.00022054934756682992,0.9823459328822738,0,-0.000620992687234102,0.9645446687596908,0,-0.010382410486835456,0.46156075876503655
5000,0.0,173,0.00040684302628934835,0,-0.010223244296899048,0.31346207678993887,0,-0.0008877689701756185,0.42467371656230024,0,-0.003114579540736585,0.8247665135627995
5000,0.0,174,0.0015618678029503368,0,0.0036709285443327698,0.7164178797264882,0,-0.0001622892134001729,0.5633528484811045,0,0.004980356010867459,0.7271032723966809
5000,0.0,175,0.0011572258628007677,0,0.005840588811631117,0.5595089573545811,0,0.0008470828120501219,0.9896776165263615,0,0.021431458509409335,0.14233251143011447
5000,0.0,176,0.004784334362182839,0,0.013726936620234415,0.17090976158175672,0,0.001719153493785321,0.9190680129859627,0,0.01447241412461106,0.3030798786424753
5000,0.0,177,7.738540078820824e-05,0,-0.01731424908440833,0.08766749622533444,0,-0.0017695099783760918,0.685152096385526,0,-0.020960332125963793,0.14801911690119157
5000,0.0,178,0.0010264809457406021,0,-0.011933919644463215,0.23229839824777052,0,-0.00045523631551862076,0.21645442782904767,0,0.007037416899395764,0.6182961248556615
5000,0.0,179,0.0018030117261993923,1,0.026218402388644993,0.010035954928385373,0,0.0027706426049614345,0.18251065563888524,1,0.033587564129106066,0.01934180058586187
5000,0.0,180,0.00038520588503165203,0,-0.011487668270668949,0.24664064499595462,0,-0.0005953422256742139,0.9937788329626317,0,-0.0009833778199616699,0.9434737263414441
5000,0.0,181,0.0012824192779586018,0,0.002802614708135698,0.7833812094087093,0,0.00015640851708230202,0.09669786671674674,0,0.020249505881130697,0.15464867695952153
5000,0.0,182,0.0010485004221030515,0,0.01089797926071673,0.2730777510095401,0,0.0007981175463004541,0.09343318525393063,0,0.019862604516639532,0.16167382771372177
5000,0.0,183,0.0025400624552339717,0,-0.009176353728257747,0.36920097037864574,0,-0.0002455650822100624,0.6608021266633461,0,-0.008516638813503567,0.5574766053554077
5000,0.0,184,0.0006228485520010164,0,-0.008639197234750817,0.38842388362990665,0,-0.0004027971197549772,0.7747644816924683,0,-0.014312092879796342,0.30924305326514295
5000,0.0,185,0.0022672294171526704,0,0.0022559934656003152,0.8154741557234181,0,-0.00036832245585711917,0.3104278944263227,0,-0.01662166904127796,0.23451846892257597
5000,0.0,186,0.0014037741075123523,0,-0.0017281862652328956,0.858920616826152,0,-0.0005496371358983906,0.44053924132142896,0,0.0037836852452244464,0.78562772412255
5000,0.0,187,0.00055107959739369,0,-0.015982516593075938,0.12213334807607308,0,-0.0013550682799284917,0.6843027110831693,0,-0.021710348425943264,0.13749262533132192
5000,0.0,188,0.0017435951318933785,0,0.002166039418232759,0.8298945455834322,0,-0.00035209039465882683,0.6875746402912306,0,0.007324436828787384,0.6056035492314875
5000,0.0,189,0.00118350139550896,0,-0.005582765822129059,0.5729660710031104,0,-0.00040421206393548883,0.27617533775495007,0,-0.005150645018613714,0.7098388259492261
5000,0.0,190,0.0011338169550545506,0,0.0029623694875999876,0.7595852191233649,0,0.00018176211906819055,0.33500731779014625,0,-0.006326658516522659,0.6485572492264873
5000,0.0,191,0.003102971774977563,0,0.006371840708044958,0.5130189309219063,0,-0.00010366479415358976,0.16782585091118607,0,-0.002004843155333575,0.8877351368941688
5000,0.0,192,0.0016399789047356777,0,0.010672330796212982,0.29237907249208267,0,0.00011584349868186991,0.9608139913914361,0,0.000751357233116888,0.9584023882560224
5000,0.0,193,0.0008317097340037068,0,0.0037473958252318453,0.7142072657944138,0,0.00040328147577398154,0.3136489233315334,0,0.0016540888663777436,0.9072067105004166
5000,0.0,194,0.002988799265183184,0,-0.0017662613907899532,0.8624267700620122,0,-0.00016204821390903903,0.2738911650857544,0,-0.014617747797985463,0.3044978951716626
5000,0.0,195,0.0009229537437689546,0,-0.007132360777449359,0.4846295743450987,0,-0.0006909912934354927,0.741200587569115,0,0.008909564000728468,0.5362914442897553
5000,0.0,196,0.003977040481274659,0,0.008435466387686033,0.40038319113267284,0,0.0002875368103207014,0.6594665605281396,0,-0.010030242636260997,0.47095285249153207
5000,0.0,197,0.0015439452616030345,0,-0.006087852409889407,0.5442645844253544,0,-0.0003360591360999016,0.7443371814423922,0,-0.02402754087727252,0.09144320024502547
5000,0.0,198,0.0021258120305841246,0,0.001978433886363642,0.8408092775353342,0,0.0004621812183206442,0.76466008687863,0,0.0018535200526847706,0.8951867426869363
5000,0.0,199,0.00026436441112134845,1,0.023028890351499676,0.01985686949322498,0,0.0019832146465277385,0.8388211089028038,0,0.01870227287624685,0.18721611110323785
5000,0.03,0,0.001979218976284723,0,0.0011789748164879217,0.9068455244806272,0,-2.6139245184966214e-05,0.9628157113665952,0,-0.0011431065814246034,0.9361155466730884
5000,0.03,1,0.0015504517240864783,0,-0.0011103360476796944,0.9109322625542573,0,0.000574897384791241,0.38511611097919185,0,0.008189477301224251,0.5610913626254407
5000,0.03,2,0.0037971758184982413,0,-0.005128793825637284,0.6124065459700809,0,-0.000794254392465911,0.12076167710158003,0,-0.01214815548878512,0.3907834323881305
5000,0.03,3,0.0035552421104399555,0,-0.0006822671125346854,0.9454122256694014,0,0.00031178056776118355,0.1466097258041562,0,-0.006239269801999409,0.660924369371025
5000,0.03,4,0.0019566651164764715,0,-0.0074177519881146676,0.47893131147274726,0,-0.00045070416956123367,0.19495237121160525,0,-0.0035079689767426835,0.8095593240850962
5000,0.03,5,0.0009979594483526134,0,0.0019666211707089288,0.838814371608178,1,0.0003247330077490899,0.024347884377142193,0,0.02172814302039827,0.1163937288078041
5000,0.03,6,0.001566921735935079,0,-0.014930544779674995,0.13356429936638348,0,-0.0021220976301842315,0.6922865395435647,0,-0.0036455767779316507,0.7918888392481551
5000,0.03,7,0.0003125972284932094,0,-0.005032919452191784,0.6051774534130439,0,-0.0008088255316723429,0.21026127973886544,0,-0.003113450262478862,0.826037184601242
5000,0.03,8,0.006225967178627412,0,0.01436862232617634,0.1471307011666378,0,0.0006673764106832445,0.8432294791651398,0,0.0023024993533253585,0.8696280768581602
5000,0.03,9,0.00047107182208407864,0,-0.005449669862876862,0.5782615829710799,0,-0.0005932205711024761,0.23459751672688256,0,-0.015199511550400722,0.27954756609773773
5000,0.03,10,0.0012920426537489011,0,0.009969640980656471,0.3107368972251364,0,0.00139469434232832,0.7357683117021306,0,0.022535442691256728,0.11282698142322749
5000,0.03,11,0.003455299748855237,0,0.015240463703076062,0.1426114942252051,0,0.0021935863623637883,0.7557302321100998,0,0.01840826298203159,0.19138052942516237
5000,0.03,12,0.000708058130102404,0,0.0059611657223162945,0.5447885864971957,0,0.0008961014766779777,0.60062898180079,0,-0.006364981554792785,0.6502610272125433
5000,0.03,13,0.00010586478999621715,0,0.013795328657048932,0.16484499894840932,0,0.0011571279954188725,0.344697606148612,0,0.013396110792284449,0.3458788380561033
5000,0.03,14,0.0009006279547345843,0,0.014825767708168482,0.13337471203514797,0,3.166419841952513e-05,0.4665198237938649,1,0.030123007829149926,0.032675950388033045
5000,0.03,15,8.396164616995429e-05,0,-0.0010624480947803447,0.9168647829697306,0,-0.0002553275673920614,0.7626064334655008,0,0.014298907039817529,0.31398142432178333
5000,0.03,16,0.003938357655097855,0,-0.008596184870242147,0.37973208512122847,0,-0.00038113648945948885,0.08326766235053018,0,-0.019540134811083604,0.16748055797288616
5000,0.03,17,0.0017368103591241778,0,0.004308400525689842,0.657397175059401,0,-0.0001922303120686795,0.9341665567826123,0,0.013584067160160494,0.32457054522849926
5000,0.03,18,0.0012557425322463347,0,-0.00695278036194083,0.49542905421231564,0,-0.0005002963183467723,0.7630424045215456,0,0.010609447584662087,0.45097167978517894
5000,0.03,19,0.0017187825462884802,0,-0.002168045518868008,0.8263125154770107,0,-0.0008397279825520208,0.9005509212974502,0,0.005589473795373156,0.6901895224270805
5000,0.03,20,0.0005757544024916469,0,-0.004114592873214088,0.6792429968216069,0,-0.00011563341424137439,0.9861267419574661,0,0.00032228949836142756,0.9816501250456926
5000,0.03,21,0.003177707783185029,0,-0.010380572885656403,0.29672984750336373,0,-0.000401949937428947,0.5842682183712974,0,0.001356056984212989,0.9232135262470601
5000,0.03,22,0.0011971571673920585,0,0.013194134002427286,0.19051637445057576,0,0.0010761277990309743,0.06633733023726063,0,0.0005899385922002549,0.9673725706889669
5000,0.03,23,0.002423669497094343,0,0.0010589154801338724,0.9148130160497528,0,-0.0005279670603996234,0.6727108478085216,0,-0.004270075299349472,0.7612844194532107
5000,0.03,24,0.0015751288246026018,0,-0.0068950823839884655,0.49401605816551475,0,-0.0006171539488906064,0.998444768198338,0,0.0036802271459826412,0.795798308235547
5000,0.03,25,0.0014787468703961507,0,0.016130978163671532,0.1134855432918654,0,0.001014794363623743,0.578761523359641,0,0.02738159459791537,0.05844901385777132
5000,0.03,26,0.005389899715012751,0,0.006501948537198817,0.51146832256448,0,0.0005703804037244036,0.9445606807944354,0,0.006368854748794438,0.6502571178849804
5000,0.03,27,0.0022375929221521737,0,-0.010094073013998648,0.30034174323727686,1,-0.0003349030297809586,0.01676626058478159,0,-0.005214261800932039,0.7070053041565292
5000,0.03,28,0.0005999893262028033,0,0.016897038535600435,0.08644857045799426,0,0.0006791496122749275,0.4872506347959418,0,0.01277640611354387,0.37158279983887066
5000,0.03,29,0.003747421182480748,0,0.0025056597343881123,0.8018706791207648,0,0.00042834606949631416,0.1484978068354622,0,0.010311992759574385,0.47063252659908206
5000,0.03,30,0.001162168761526785,0,-0.00181019849740411,0.8561056013266706,0,7.939680037545462e-06,0.07670907229061774,0,0.01754984341220755,0.21608419221814829
5000,0.03,31,0.002452020671708396,0,-0.007876235032356162,0.4234597152904419,0,-0.0007838776192654138,0.5080710074266297,0,0.01346651682851127,0.3384893933031745
5000,0.03,32,0.001894489790035027,0,-0.001564717153086796,0.8736625723627506,0,-0.0003588690272175842,0.8522053031891988,0,-0.005694453530027536,0.6849927617836646
5000,0.03,33,0.002801749673519981,0,-0.002589594431816121,0.7952560973009309,0,-0.00046713752695709304,0.09616292126409987,0,-0.0008560790259151147,0.9520683713399047
5000,0.03,34,0.0004344680402474677,0,0.006779828274676327,0.506017588389885,0,0.0014213649701231951,0.9949964687700548,0,-0.004869114737050868,0.7338981760633225
5000,0.03,35,0.0020977002110172775,0,-0.0003055689530528198,0.9754828266078646,0,0.0004632993610384726,0.8182819884121961,0,-0.0036394484168115284,0.7952237760193139
5000,0.03,36,0.002356819829985373,0,-0.001208099167467812,0.9044613537375805,0,0.00015987869020854726,0.739686320254269,0,-0.008495183355263603,0.55097317456422
5000,0.03,37,0.002708011345060044,0,-0.013775070868085819,0.16871324581802188,0,-0.00022722630649097244,0.8842269746790173,0,-0.01643325337496619,0.24564040621967298
5000,0.03,38,0.0007308430239207351,0,0.00597834135062189,0.5377432406061171,0,0.0006186856710983713,0.9182623935718911,0,0.003781523504012929,0.7844402615251593
5000,0.03,39,0.007730123624028078,0,-0.01515589942147445,0.1279709466350155,0,-0.0004211509174558971,0.8110538096757778,1,-0.0305160805301049,0.031515184804611435
5000,0.03,40,0.0015192808197977763,0,-0.01541854748790114,0.11676655552949645,0,-0.0008452082405232008,0.3030500568560426,0,-0.013396834497091992,0.33976829306203216
5000,0.03,41,0.004242102143341905,0,-0.0004279879616326081,0.9666706739536444,0,0.0002053931859995683,0.1561788649919713,0,-0.005781708017569566,0.6895898630743158
5000,0.03,42,0.0017431104585140472,0,-0.01034107888946206,0.29947850102070256,0,-0.0005796496716879962,0.8032192522789113,0,-0.015343133634078375,0.27680192688876476
5000,0.03,43,0.0021570246713077377,0,0.007041340569046867,0.4765229749949246,0,0.0005434774343494633,0.7274551164550407,0,0.014417096315100443,0.3032782401127184
5000,0.03,44,0.0001750272983475787,0,-0.016148107363835765,0.109955505942867,0,-0.0013875356535020006,0.954666776687534,0,-0.01607193770984575,0.2678886531990806
5000,0.03,45,0.0012952085455393643,0,-0.007743870526794465,0.4444323107566486,0,-0.0010641434774862903,0.825542567774157,0,-0.0038215249361516134,0.7927610126839975
5000,0.03,46,0.002652210663930288,0,0.011115625116273606,0.2662547019023174,0,0.001494566714415618,0.735123029762274,0,0.010767189926994863,0.4403781072134325
5000,0.03,47,0.0005339564180421371,1,0.021266229845213206,0.0339972953891744,0,0.002301824301550456,0.22325719580283954,0,0.006679948726831355,0.6382189453975988
5000,0.03,48,0.0007796169972555207,0,4.623549711541691e-05,0.9963454189827794,0,-0.000880534487227509,0.8428419339633035,0,-0.007510048829282582,0.5933346570828167
5000,0.03,49,0.0005141231363059468,0,-0.005053798180473044,0.6060572866187732,0,-0.0014379371140333,0.9539707201751325,0,-0.007197795520525674,0.6022601112986447
5000,0.03,50,0.005848141539926345,0,-0.0011758096956378614,0.9028826437236344,0,-0.0002244720013024491,0.6950077162785402,0,-0.017613707750515167,0.19883089445865598
5000,0.03,51,0.00241780240810542,0,0.012036164740622843,0.2185267680626903,0,0.001481131335041092,0.431882962106819,0,0.02462043981532857,0.08180737381202786
5000,0.03,52,0.004236174975206336,0,-0.005165887963385761,0.5986106462699501,0,-0.0005433313623184696,0.16233513106934405,0,0.0025648300281288687,0.8522318863982972
5000,0.03,53,0.002354785210086164,0,-0.0018085889125775256,0.8588974883069782,0,-0.00019854961752155517,0.955985473147753,0,-0.012610856295531988,0.3827745845183914
5000,0.03,54,0.0018405022170026183,0,-0.0043733046969656715,0.6598830042968156,0,-0.0008576842999399627,0.10508734533781117,0,0.007781285450451934,0.5827944776516936
5000,0.03,55,0.00022125781887357917,1,0.02060192268185525,0.036402215744769026,0,0.0009532426504471073,0.6343531087117852,0,0.018856833434647235,0.17511377759838542
5000,0.03,56,0.0002161791283268903,0,-0.007021473354434813,0.4898428020622835,0,-0.00024157029359380054,0.9816282137581486,0,0.01967525868824491,0.16436977822552856
5000,0.03,57,0.003756418419437727,0,0.006071958920142501,0.5486638160577472,0,0.001476674764050619,0.3181365165108717,0,-0.002961761195757962,0.8326193229214759
5000,0.03,58,0.0007195558951037882,0,0.004750044326462035,0.6356682482904976,1,0.000806320388657115,0.0012054537992359782,0,0.015497879823972396,0.26543538577965864
5000,0.03,59,0.0008390776757414522,0,0.012946908411750398,0.18962711945731137,0,0.0005777316084797776,0.20799198216278392,0,0.005068902873266372,0.7186875683314495
5000,0.03,60,0.0007035380177818002,0,-0.002929623183086309,0.7668719027797339,0,-0.0007683879516443273,0.6949715960503493,0,-0.018209445018762087,0.19493120604597355
5000,0.03,61,0.0008234200226476365,0,0.0037988429170016796,0.710107462632662,0,0.0003046687955669441,0.6295975117528398,0,0.01894125008935791,0.17989943722815024
5000,0.03,62,0.0011076908870549314,0,-0.0024993869701589524,0.8031697891669692,0,3.257521114172772e-05,0.8975158281941438,0,-0.0041587313941868495,0.7714629462705768
5000,0.03,63,0.0021993640651567104,0,0.009981646553109878,0.3275075428139219,0,0.000597107987615382,0.546649598740974,0,-0.0005836443184458065,0.9670434279898835
5000,0.03,64,0.0007194971580150401,0,-0.0037679868183136548,0.7033298079926777,0,-0.0005203761245542568,0.4536717052729078,0,-0.004566612556869951,0.7498352749129288
5000,0.03,65,0.0029337939266046117,0,-0.0016107881083961316,0.8729219110137674,0,0.0005440003348069734,0.6151665938686925,0,0.012979991174579398,0.3635521242507005
5000,0.03,66,0.000453571539056158,0,-0.009651217495853235,0.3362555034778921,0,3.711395949624159e-05,0.7763219022319122,0,-0.02644932499033279,0.06338330349056023
5000,0.03,67,0.005033919244624632,0,-0.0028381395548889186,0.7771796299381913,0,-0.000654702993774179,0.20223956074641602,0,-0.00042134416336188927,0.9757865790256635
5000,0.03,68,0.0016761042569240765,0,0.01226018299828786,0.2288748953800055,0,0.0005341065997084486,0.32187128110797525,0,-0.004624524447338423,0.7521382422979105
5000,0.03,69,0.0015738471646972922,0,-0.004285993023036854,0.6774712891876566,0,-0.00016606730934379927,0.801309354192435,0,-0.005244383346775386,0.715611315588718
5000,0.03,70,0.0013108007431842001,0,-0.010956704168436252,0.27613294504629915,0,-0.00022459879291205698,0.8168903881147714,0,-0.009642972874421365,0.500037646895308
5000,0.03,71,0.0018300235060894037,0,-0.007664937436573013,0.44914677986821117,0,-0.0008408982710324663,0.9053367100065682,0,0.010958815467850927,0.4428230471977561
5000,0.03,72,0.0007418455742542548,0,-0.012368113157013874,0.21768578194777546,0,-0.0008794969486899768,0.5926798157709882,0,-0.023147394321105165,0.10662987985482451
5000,0.03,73,0.0037098122927847425,0,0.009809344378242178,0.32342010644010977,0,0.0019740903312181497,0.6997131964449721,0,0.021003076527716942,0.13104581588122974
5000,0.03,74,0.002572422649463538,0,-0.004559105183711587,0.6477353240156943,0,-0.00016774362990944468,0.23189032636881324,0,-0.00588767145964207,0.6819195555000584
5000,0.03,75,0.0005070969610922186,0,-0.006569622010475844,0.49835881082750644,0,-0.001183601431133555,0.31796269233981245,0,-0.013882564592214914,0.3196202409129618
5000,0.03,76,0.0005941686946653732,0,-0.016175676622943898,0.09456279155787246,0,-0.0015634791869941903,0.45683212781821214,0,-0.026306124665651225,0.060977955541859856
5000,0.03,77,0.00018181853926901964,0,-0.001255706938626297,0.9005589211343155,0,0.00030975216160535534,0.8437162119463293,0,0.007595482916234171,0.5940857621177194
5000,0.03,78,0.0016144260983231519,0,0.012858229636796855,0.19457663865915523,0,0.0013899177917362918,0.33914766749119507,0,0.012289240889771562,0.39499603187195687
5000,0.03,79,0.0024787139002685676,0,0.0040463403986218,0.6841593920226235,0,0.00028394752629894946,0.6960431387009323,0,-0.0172580321581818,0.22010037401574464
5000,0.03,80,0.0009512773035667541,1,0.02505026023305698,0.013249610129935573,0,0.0022755991789318334,0.3531339058604739,0,0.025227346101131594,0.07334662802633182
5000,0.03,81,0.0009169686039532072,0,0.0006873493962863382,0.9444673164612526,0,0.000940856009392955,0.5359762943231341,0,0.01596435558998551,0.25458235229263937
5000,0.03,82,0.0008210255075485242,0,0.003992895126911311,0.6837452773333943,0,0.001372098432252521,0.6359324755756348,0,0.004385995801585569,0.7504636980571704
5000,0.03,83,0.0005555178479782139,0,0.0007095968794471287,0.9429840203964112,0,-0.00042907756530986417,0.6128574347059264,0,0.00790145060300798,0.5802710192430847
5000,0.03,84,0.0021065710157830084,0,-0.017866612320043655,0.07128405448655646,0,-0.0014719762444764712,0.8760467109055085,0,-0.026823792741519338,0.05519186790702489
5000,0.03,85,0.0029929322337330145,0,0.008147647660920321,0.4084156208478654,0,0.0004112866364459254,0.4730559003822783,0,0.004337559553988472,0.7578576279540046
5000,0.03,86,0.001260605199532923,0,0.010254049035918922,0.3054039788558699,0,0.0009542637168066866,0.745572671551605,0,0.009804892150364886,0.487939642546504
5000,0.03,87,0.0014060789343163477,1,-0.020407744841620334,0.03830349158979036,0,-0.0017398732300870298,0.9197176449704869,1,-0.028215919089780356,0.04662503258891412
5000,0.03,88,0.003930604737199713,0,0.0041646583225003996,0.6718390134336452,0,-0.0003004185148769633,0.3859514352298328,0,-0.002596984269926917,0.8511714205700434
5000,0.03,89,0.003084171225729755,0,-0.007640942826765774,0.4415324788827426,0,-0.00023826539874195513,0.1409518098860394,0,-0.007960927312100146,0.5708644925260562
5000,0.03,90,0.0017514692411900832,0,-0.010883007707490254,0.2757683309911153,0,-0.0017429182409765623,0.7482837785930638,0,-0.01714282529821465,0.23074520041225458
5000,0.03,91,0.0009311820005636158,0,-0.0005414015935572788,0.9568226404049734,0,-0.0002503778470357357,0.46545766514901254,0,-0.0037380943156121917,0.7941882753710982
5000,0.03,92,0.0007838949185252756,0,0.008805987798454483,0.3752460285108674,0,0.000403406094230721,0.5746843669896473,0,0.004468832625938644,0.753957100690746
5000,0.03,93,0.0021227886618792194,0,-0.01264325000593293,0.19184198707956648,0,-0.0008588560706341041,0.7198604629587139,0,-0.022196215327107763,0.11051468196248734
5000,0.03,94,0.0006392637145331333,0,0.002440012613274511,0.8032247883177189,0,-0.00014153409689018928,0.9028961203330392,0,0.0028255885603775868,0.8375285098464758
5000,0.03,95,0.0020462691137190683,0,0.006146181134873384,0.5261339318092266,0,0.0014046163762727255,0.7382186109848907,0,0.0075247392105194134,0.5815900639700378
5000,0.03,96,0.002513183914588605,0,-0.0012751709401331319,0.8998057692742667,0,-0.0012002280439341363,0.7710106357382465,0,0.004475394918693561,0.7528456991506026
5000,0.03,97,0.0015479927977478307,0,-0.006242143347967154,0.539913514975134,0,-0.0005182450165677867,0.9343512066621491,0,-0.013999826601666621,0.33107686314434803
5000,0.03,98,0.0014067845584880996,0,-0.0025610036802105364,0.7989020877283499,0,0.00023882829662344085,0.5410530678711114,0,-0.000493002562575744,0.9723828713274909
5000,0.03,99,0.0013704618013077095,1,-0.019716959646916263,0.048525793392708,0,-0.0020599077037830346,0.1901595057644736,1,-0.031243955872173768,0.02754820350725515
5000,0.03,100,0.0015013673067593228,0,-0.0023551333801148902,0.8152049446388763,0,-0.0004690161332211216,0.9734884762296356,0,0.001231119415250244,0.9294138520239746
5000,0.03,101,0.0019939537279735583,0,-0.0012362316108910556,0.9007804891767618,0,1.0137343060011955e-05,0.5979179524469949,0,0.004772794516412009,0.7372375915393079
5000,0.03,102,0.0018423433313386253,0,0.004629985169202797,0.644517864838827,0,0.0010071049818231035,0.3722491958342613,0,0.015576007104957667,0.2686113875113831
5000,0.03,103,0.00265651671442369,0,0.016235167245772026,0.09334431252686475,0,0.002208034201166766,0.2668274569550071,1,0.043581681914853995,0.0017524055268097025
5000,0.03,104,0.004458378547314689,0,0.011362159409284265,0.2638924812984744,1,0.00011866433683765845,0.008183238081877042,0,0.025546566863585644,0.07393655557469156
5000,0.03,105,0.0012936792621147336,0,0.007873098091277151,0.42779641054706496,0,-3.6734076755407854e-05,0.8257520525843383,0,0.0013996900908153894,0.9204927394399414
5000,0.03,106,0.00088409004029569,0,0.004673179164173782,0.6399142073143615,0,0.0007607149544607238,0.776835863774266,0,0.0034544932186676876,0.8073938538194273
5000,0.03,107,0.0019405924144128028,0,0.0009751816824076875,0.9225233421998176,0,-0.00022595347523505398,0.1260182753462935,0,-0.01549986136647303,0.27096466185344326
5000,0.03,108,0.0035198494561409248,0,0.0007951012420992763,0.9376314033707158,0,0.00041204464331811696,0.13824355488612805,0,-0.0014416957822749159,0.9197113256688494
5000,0.03,109,0.0024950705885715477,0,-0.008483929542741898,0.3900231096319723,0,-0.0012319977143715253,0.7902026565762776,0,0.0009289080504066623,0.9449931417088193
5000,0.03,110,0.0006980001620819151,0,-0.014059728828670275,0.1642610657990809,0,-0.000958996142224987,0.8010976997620176,0,-0.01179521824818076,0.4004449656706006
5000,0.03,111,0.0006131029334615188,0,-0.017357586619715433,0.08414033632741476,0,-0.0014848382151033087,0.4325581696059201,0,0.0020467311370938697,0.8854898527662559
5000,0.03,112,0.0019713488084941375,0,0.002639738524389452,0.790576340721964,0,9.695115338658336e-05,0.7972623987394416,0,0.009113394571294179,0.516792092495586
5000,0.03,113,0.0037291725922899005,0,-0.006317347796192441,0.5258775002574057,0,-0.0005667159243654329,0.5414596918918078,0,-0.008050881108662781,0.5682528419326384
5000,0.03,114,0.0019666835079774395,0,-0.0011616646421093984,0.9096805799978768,0,-5.79666799022463e-05,0.9716008271514978,0,-0.01769983832960578,0.2140288591319536
5000,0.03,115,0.001210960872601575,0,-0.0056602872836843746,0.5682949950741081,0,-0.00029001210670478967,0.39370015315979034,0,-0.004308793343403445,0.7551579395572887
5000,0.03,116,0.002692999664330931,0,0.003911063646236282,0.6962570090238296,0,-0.0005495896544877901,0.7693949380295356,0,0.001925626977126242,0.8938614502306403
5000,0.03,117,0.003064897440530745,0,-0.0016695795865545033,0.8676343806932294,0,-6.22453447310481e-05,0.8170231460745998,0,-0.015591931933782215,0.2716528229555628
5000,0.03,118,0.0021087766315708973,0,0.014937517226468635,0.13246406734808971,0,0.0014461186670601304,0.17169100067697585,0,0.006574242440347238,0.6374748980802365
5000,0.03,119,0.000944559478197632,0,-0.006242611256637071,0.5326964257720262,0,0.000175364312592315,0.8292182143946742,0,-0.00468149482460767,0.7397159609087688
5000,0.03,120,0.0006319069955934477,0,0.006237895096180574,0.5344958164576473,0,0.0002952914963020852,0.5740126470941511,0,-0.009029374644397369,0.5198058010122215
5000,0.03,121,0.0010669171439483774,0,0.010947631332953869,0.2688082746282667,0,0.0009016904293126746,0.1122021496648955,0,0.019501034104404617,0.16426280647063493
5000,0.03,122,0.0012787839950620617,0,0.013104440747453906,0.1831977076966361,0,0.0014054875680216026,0.531019191498884,1,0.030231805652896116,0.02890740799919402
5000,0.03,123,0.0010410426357040654,0,0.008986744301968011,0.3598329162376722,0,0.0007160678060130716,0.9072913292588746,0,0.012056186271219866,0.38768752180867505
5000,0.03,124,0.000722855662393003,0,0.00417440383351974,0.6785777076274735,1,0.00021987418027595291,0.01487747009352025,0,0.01217394749649435,0.38198345848757764
5000,0.03,125,0.0017611618126336412,0,-0.01387206669346084,0.17224758981630364,1,-0.001757536122291065,0.046316869892960244,0,-0.017095476142124446,0.23425156016225535
5000,0.03,126,0.00413334754884164,0,-0.0019336100722907074,0.8474866520556812,0,-0.00027996932037892004,0.3922859750685712,0,0.004907354842166589,0.7263715588808715
5000,0.03,127,0.0015964456535038554,0,-0.008592132443825786,0.40240150172932043,0,-0.0006662896665222338,0.8518097669942217,0,0.004448289989316326,0.7528993517959893
5000,0.03,128,0.0007170259514869019,0,-0.006241439209864716,0.5358854365992631,0,-0.0007114805884827775,0.19378570170983167,0,-0.00797887304799563,0.5785878940394483
5000,0.03,129,0.0029486884625915576,0,-0.012640305069956245,0.19989277950166273,0,-0.001010867938406095,0.5924933730985136,0,-0.008234564945897766,0.5533362943679201
5000,0.03,130,0.0005711652042048785,0,-0.002936619247214327,0.7682788067873361,0,-8.98176360938924e-05,0.7054070949785043,0,0.02690656504249532,0.05574982971177707
5000,0.03,131,0.0005144396287750279,0,-0.0065385413817318355,0.5081653848483707,0,-0.0012416684408242645,0.6653636107992346,0,-0.013133088651897305,0.34658636087211747
5000,0.03,132,0.001172043683317511,0,-0.0018262510120874934,0.8526185746765339,0,-0.00031975349500354915,0.5627613745625355,0,0.009772983081785239,0.4879272113970462
5000,0.03,133,0.003030208813909493,0,0.004387894300256483,0.6569590620210064,0,-0.0002619143939606428,0.49455829220740266,0,0.0010032538549490108,0.9426288209529469
5000,0.03,134,0.0008193357321614209,0,-0.012287068409909232,0.2105513758189168,0,-0.001079028283424446,0.6070420404518202,0,-0.01593588511008154,0.2430504270209383
5000,0.03,135,0.00028677795223273423,0,-0.0008049696354115832,0.9373114183281208,0,0.00013429979387610656,0.44303139774795786,0,0.005205284305536592,0.7223551987895749
5000,0.03,136,0.0022714133732377865,0,0.00035248417765634896,0.9723597091500826,0,-0.0012893304806376573,0.21862212400971281,0,-0.0010811579203629852,0.9394859617936004
5000,0.03,137,0.0004939428561014841,0,0.004730163832866336,0.6365065691256347,0,0.0005872319407346359,0.9259742862849314,0,-0.013467933991058558,0.3300894649427838
5000,0.03,138,0.002077836798440915,0,0.008237391857860744,0.3975866752503514,0,-3.914491692056978e-06,0.653149231438662,0,0.007540658393422467,0.5926413125107499
5000,0.03,139,0.002774224204717363,0,0.013967183674413157,0.1720734991552319,0,0.0019309885660468344,0.7413201625765201,0,0.0029712915565442526,0.8377788590883237
5000,0.03,140,0.003569270852340521,0,-0.011104115315771677,0.251902286703588,0,-0.002088019176045946,0.22446775214489212,0,-0.010640587835433202,0.44149882721557643
5000,0.03,141,0.0017930180044351156,0,-0.005412488922477084,0.5786809075492807,1,-0.001146719915449394,0.046215354020474164,0,0.0031085706820207304,0.8202103917370664
5000,0.03,142,0.0013502986694604374,1,0.025262812043121325,0.008815185617163443,0,0.0036475775451758692,0.05676693830847346,1,0.04365100833822176,0.001548940811445401
5000,0.03,143,0.0022000629824058256,0,0.001804756508144884,0.8551427722142415,0,0.0005918164934930338,0.34296663574706965,0,-0.0060155867457324826,0.6659006176886402
5000,0.03,144,0.0034495218667979378,0,-0.010545607660542723,0.2876198476068376,0,-0.0012155860181977402,0.45613354729163835,0,0.001070781802954187,0.9386464768731466
5000,0.03,145,0.001963519997192147,0,0.004546601513538922,0.6427708038665992,0,-0.0002923052476328248,0.6663643641470741,0,-0.008102730647387105,0.5658753817704909
5000,0.03,146,0.0023377302572857965,0,-0.008240391333221016,0.415197081060828,0,-0.0009132447403934593,0.8465675764343172,0,-0.003402495501943068,0.8109133164301623
5000,0.03,147,0.0008238672550742583,0,-0.007704509744908958,0.4413503223441878,0,-0.0007911438035579592,0.646020237995183,0,-0.01653714902654544,0.24292570751927145
5000,0.03,148,0.0036024716229273845,0,0.003418774657899714,0.7244330239583887,0,-0.00037879750005990163,0.8335711639939112,0,-0.0019458405053986716,0.8887420547805898
5000,0.03,149,0.0013936980231050889,0,0.009936365206753422,0.30906107203677563,0,0.000978743014788523,0.06746396792685883,0,0.012338508474970472,0.3871541720988264
5000,0.03,150,0.0009230428958531168,0,0.011701921030326322,0.22382106500850033,0,0.0007053405581321601,0.724066120692975,0,0.00711486351997132,0.6005577768748477
5000,0.03,151,0.0017587105709675269,0,-0.0071480285541462695,0.47092937984601857,0,-0.00043244122842975167,0.657462611676495,0,-0.02136831706434534,0.12332306948531957
5000,0.03,152,0.003692014843371459,0,0.00970802093104068,0.32123556355723243,0,-6.498267447802398e-05,0.5629456533021295,0,0.01715988018131403,0.22856521158636758
5000,0.03,153,0.002077854128597909,0,-0.0010104174716318963,0.9210391776229309,1,0.0003411834693072184,0.008888950280041996,0,-0.0020216328702128243,0.8883198712902416
5000,0.03,154,0.004918678970264257,0,-0.007835744323371668,0.4455481204852343,0,-0.00015388214935046216,0.9420242440603662,0,-0.014157203060351592,0.3188721141269423
5000,0.03,155,0.0015752513192841089,0,-0.004481366080872803,0.6574687662715775,0,0.00030324909828894795,0.716716818179924,0,-0.015473751667054943,0.27831589154781594
5000,0.03,156,0.002114796356712799,0,-0.007333782681719494,0.4577451269878404,0,-0.0017282875330565605,0.3139924879108589,0,-0.010415473508029129,0.4553185493845886
5000,0.03,157,0.0008461212460310123,0,0.005291837977012089,0.6084867507725104,0,0.000627656516764924,0.8054955463853039,0,0.010074128766436069,0.4838637441136352
5000,0.03,158,0.0013104712624034992,0,0.012845394798464176,0.20293601630831798,0,0.0021090679227760796,0.12233992228690527,1,0.031082342008349917,0.027023865668382788
5000,0.03,159,0.0013901619096634578,0,-0.009607057580483618,0.3255806293871185,0,-0.0009373588627542651,0.8669019999690909,0,-0.006853742766572143,0.6258551097000342
5000,0.03,160,0.00026175806420581494,0,0.004181367894563062,0.6730659799380981,0,4.062073504616023e-05,0.8181332026216332,0,0.014237848661622289,0.31274604492615765
5000,0.03,161,0.0017545721117238368,0,0.004605887823999661,0.6497223206695723,0,0.00021375694351118994,0.35274312350158166,0,0.011758582139733922,0.4147935519433321
5000,0.03,162,0.0012174017956779418,0,-0.004602068975258214,0.64722782487926,0,-0.000514061092967342,0.8203952741804481,0,-0.012760354294549567,0.36793714714943926
5000,0.03,163,0.0012736419027502331,0,-0.0037197625199205924,0.7147610486559279,0,-0.00023324338652946306,0.6121807577824454,0,-0.012399964477473564,0.37180471707732876
5000,0.03,164,0.002732148158790173,0,0.0020990141225939534,0.8262984055331798,0,-0.00047060934344797355,0.17145550740646898,0,0.0029880204212324865,0.8285907041309577
5000,0.03,165,0.0033645246383128304,0,0.011716582345567399,0.22473791603332965,0,0.0015206858264536288,0.8572737719508244,0,0.00601051901386915,0.6594192826079603
5000,0.03,166,0.002143787289250116,0,0.01273395525412867,0.2102475394239783,0,0.0004493932796231793,0.8557141879057035,0,0.0013865723768116938,0.9232052021040957
5000,0.03,167,0.0018575674578711295,0,-0.009654452718527636,0.34193238676767956,0,-0.0013221920640236842,0.30164977494488154,0,-0.004128798007562738,0.7721585335631547
5000,0.03,168,0.001264982755106664,0,0.0036070477901797276,0.7095953553276577,0,0.0007619953289747896,0.4970077661930471,0,0.0024488046007291597,0.8599897120062898
5000,0.03,169,0.0013434850610660333,0,0.015408987678779228,0.14342077622468155,0,0.0009526557346751477,0.35219891756201627,1,0.029808183096981068,0.039529207847203214
5000,0.03,170,0.0024182595526232205,0,0.004624873283140066,0.6484717626105825,0,0.0006020767824516492,0.1201646198354187,0,0.004453935533924111,0.7541677391857328
5000,0.03,171,0.001099186415625947,0,0.0056660063717203024,0.5638768761761774,0,0.0007768555586051397,0.0623977704499038,0,0.012389856328530569,0.3739225049621282
5000,0.03,172,0.0035588392707483277,0,-0.013038873786856572,0.19843962176850202,0,-0.0017556305552527166,0.5238163105549203,0,-0.013725435869870215,0.3389875255943898
5000,0.03,173,0.001324553931330028,0,0.006520809020139385,0.5048387589072538,0,0.00012590341096484052,0.8469501257098908,0,0.008815099187476309,0.5284461089958024
5000,0.03,174,0.003748857386976061,0,-5.354152404567561e-05,0.9955876419688727,0,0.0003320464654582139,0.8164621026709,0,-7.309691816551121e-05,0.995848316382075
5000,0.03,175,0.001209109755401687,0,-0.007820304547037256,0.4315722571320928,0,-0.0013108770686339312,0.17708638732631,0,-0.010445320260115971,0.4555749010415413
5000,0.03,176,0.0010453075306019234,0,-0.00744807419354919,0.4596221228765224,0,0.00033596683584801736,0.6170336775250372,0,-0.015825274406021973,0.25902605037926973
5000,0.03,177,0.0017833956284490882,0,0.0005931505196928397,0.9525308117866579,0,-3.7232341798773196e-05,0.3448703813207342,0,0.012355508683667256,0.3743436500629226
5000,0.03,178,0.0003503322857820986,1,0.03168268449666938,0.0017404189578391189,0,0.002754902513756664,0.09654275024478387,1,0.04755764874402463,0.0009616221261328846
5000,0.03,179,0.0028034035161265563,0,-0.005053382974929031,0.6086584647314148,0,-0.00044884256923339954,0.5882555714164148,0,-0.01072828606353295,0.43010261346828993
5000,0.03,180,0.0009840338496155561,0,0.016291519896211363,0.09969112858429693,0,0.000526001442861579,0.3970837691295266,0,0.01732600561639709,0.20819914371319698
5000,0.03,181,0.004595515239139872,0,-0.004207399453477052,0.6713322238176465,0,-0.0004873352014886483,0.5809981276032214,0,-0.0005750472492409738,0.9679570655818381
5000,0.03,182,0.0010440726641030228,0,0.019002522176289942,0.059033649579323694,0,0.0009325950546419857,0.9164992694414466,0,0.021717160214560924,0.12595600660646086
5000,0.03,183,0.001998174615237451,0,0.018504048665684128,0.06167457637812284,0,0.0009682077350037602,0.9885639491141434,1,0.03900162396089217,0.005862496680300013
5000,0.03,184,0.0004157330445887367,0,-0.0038708962235214743,0.6973767196574183,0,-0.00021398225229615054,0.5181156062035286,0,0.00729231234717943,0.6035231599185129
5000,0.03,185,0.003408609192113274,0,0.002446387197697274,0.8085761885315002,0,6.844683665062781e-05,0.1861283484741424,0,0.01474271168883481,0.281952215624468
5000,0.03,186,0.0011033814672667252,0,0.007484696497387225,0.45681249555826675,0,0.00035170103338289335,0.8240591753876363,0,0.016006609267249464,0.25603421470305454
5000,0.03,187,0.0021430072270108044,0,-0.0002479924569644366,0.9796833807860483,0,0.00043709355855306344,0.17672326891092793,0,-0.006562606318567567,0.6344054614204886
5000,0.03,188,0.0018693478901884236,0,0.010332798605417972,0.29646305326443684,0,0.0006188847161852931,0.342308825907928,0,0.01635204292231374,0.24727013480530297
5000,0.03,189,0.0024268374052908914,0,0.00801580221287148,0.4209398216836615,0,0.0003243489045594142,0.4267388334649944,0,0.011357825161201603,0.41529322013335157
5000,0.03,190,0.001565357886729111,0,-0.009422425341357968,0.34487850689702493,0,-0.001301259629014201,0.10460493087732603,0,-0.01343703833942568,0.34312493961780066
5000,0.03,191,0.0019069873438638007,0,-0.00010051930466218901,0.9918795496892086,0,-4.4792349924659324e-05,0.9402207077590644,0,0.006475798364360534,0.6422800376775686
5000,0.03,192,0.0015905270695804586,0,0.006560722376761258,0.4947087590882602,0,0.0009341772525211904,0.9798515307875237,0,-0.006762987971765136,0.620498901147979
5000,0.03,193,0.0018171870779570074,0,0.013616408512749471,0.15510067073600964,0,0.0009741856263539636,0.6273315296678701,0,0.024733011139154146,0.07348283127411907
5000,0.03,194,0.002383164390370595,0,-0.004145241473456427,0.69331312486945,0,-5.440708610619081e-05,0.6713003419419244,0,0.0026593090652094944,0.8556965128611655
5000,0.03,195,0.0023219179985162603,0,0.008584627187558595,0.37256139678569467,0,0.00044913343537146484,0.34776088033092845,0,0.011916224117551359,0.386415591634369
5000,0.03,196,0.0014018583527812207,0,-0.01825740147866115,0.06703690985176895,0,-0.0010752101522817697,0.47035924507862603,0,-0.011484136557037648,0.41742142544211835
5000,0.03,197,0.0007840103705208277,0,0.0042733221726355824,0.6706259617240375,0,0.00012301230049951121,0.3614866232449776,0,0.00534141893306779,0.705928306536759
5000,0.03,198,0.00014847884383472747,0,0.006959696462708069,0.47856318697217215,0,0.0015068319689054397,0.5618607280184924,0,0.006874856311853793,0.6236746091568182
5000,0.03,199,0.009633620612801921,0,-0.0005399173760864374,0.9554561713151873,0,0.00032195906389765396,0.647773642641295,0,-0.009312722599717188,0.5084167298232287
5000,0.05,0,0.0033443720119861876,0,-0.007011241951359775,0.4860665554840756,0,-0.00071835092788953,0.8462159366655823,0,-0.00546792179129585,0.6995137530411583
5000,0.05,1,0.0007758946620744306,0,0.015736291046896778,0.11837871242543323,0,0.0022015590338463503,0.4475864469308761,0,0.02062814114994009,0.1409422689389066
5000,0.05,2,0.0011877851291710391,0,0.0051628732886822674,0.6147388426579513,0,0.000940959763445203,0.35462533367099647,0,-0.009555241541465115,0.5041301455629337
5000,0.05,3,0.0033545548981979262,0,0.012582315935305632,0.23268538102244715,0,0.0010183157734046779,0.4998066360159892,0,0.02881559433849194,0.05104070538426402
5000,0.05,4,0.001989567559380116,0,-0.01028596669979957,0.3020203995655796,0,-0.0010923247436557225,0.6280859940188581,0,-0.004436941019091165,0.754698141852569
5000,0.05,5,0.0008482934099857474,0,-0.00015561158670392497,0.987562851220402,0,0.00023501669047435708,0.5699453915539852,0,-0.0007857262832172054,0.9553337910647228
5000,0.05,6,0.005367189541886383,0,0.010127808770053736,0.3200110420157688,0,0.0010636354012587962,0.7845650107363698,0,0.013786337379772575,0.32177434316742776
5000,0.05,7,5.5785241427915456e-05,0,-0.0034454539005953693,0.7308743687322881,0,-0.0006762091133700084,0.3492648691781527,0,0.007395987935163343,0.592748929163768
5000,0.05,8,0.005935343660657154,0,0.0012535116857249839,0.9036948059757814,0,0.0006005827618153899,0.16660687034117094,0,0.007097111257014256,0.6249706729302366
5000,0.05,9,0.0024843546629758533,0,0.01216253904598504,0.22594578288377748,0,0.00011739121682568439,0.6818681815608802,0,0.010246195539582613,0.4761694384323786
5000,0.05,10,0.00213409550678112,0,0.009506803409188365,0.3554699445832341,0,0.0010558302304008928,0.9169597232902641,0,0.01115080608765114,0.4459401627265852
5000,0.05,11,0.0003183490124399418,0,0.010818330151844495,0.27115829790059837,0,0.0007002150184292628,0.9630700622855193,0,0.00034645150906175565,0.9802544616970472
5000,0.05,12,0.0005926815092024378,0,-0.009497584152955523,0.3439015521690758,0,-0.000996189451076262,0.10912733079047676,0,-0.008615891114176433,0.5365569375326704
5000,0.05,13,0.0035547200607270795,0,-0.010214764610241008,0.3142627371777725,0,-0.0006461000229090343,0.5876656673125404,0,-0.009738914285104686,0.4926375133863259
5000,0.05,14,0.0013637262731616463,0,-0.012449361706414074,0.20070824078238772,0,-0.0002447698759353465,0.6788497499313993,0,-0.012151160303677343,0.3577893637293714
5000,0.05,15,0.0010471282906341236,0,0.005135298210532747,0.6167555814658621,0,-0.0004560493555401083,0.9207444397738456,0,0.007643995881818865,0.6036869168304717
5000,0.05,16,0.0016705424917423525,0,-0.002424780628773774,0.8058936831219788,0,-0.00017166556225500245,0.5113663993828677,0,-0.012454696331288508,0.37020218042737874
5000,0.05,17,0.0007690988644777502,0,0.015825288844902155,0.10578938532189726,0,0.0011240523659103627,0.10175292323043084,1,0.032515752138772974,0.021779426898575347
5000,0.05,18,0.0033689167836959393,0,0.00072889310093516,0.9412199620318085,0,0.0009262384049719063,0.26237678889747196,0,0.004587196534376215,0.7429271506562264
5000,0.05,19,0.00159252193741532,0,-0.0005772081758779993,0.9532840142979455,0,-1.7716013927049937e-05,0.5750442151981505,0,-0.004721201785180207,0.7357332111063449
5000,0.05,20,0.0018297698685815274,0,0.011078599769338102,0.26954600445208643,1,0.0009294234041267084,0.048976501533954275,1,0.03301390545023353,0.019347549281652443
5000,0.05,21,0.0027379480430157464,0,-0.011502916730281292,0.24934464387639238,0,-0.0014698509735414822,0.9611445994882172,0,-0.0008662939078586118,0.9506673034415793
5000,0.05,22,0.0015595918601478231,0,0.00025452901584773965,0.9795524642863854,0,-0.00044438780228445754,0.15977604390625866,0,-0.006100744680488914,0.6602816143259824
5000,0.05,23,0.001243440406490475,0,0.01026437936386848,0.29916242925835496,0,0.0016329935819814176,0.4768357106440154,0,-0.0019138694416519038,0.8932540334891377
5000,0.05,24,0.001355740446533751,0,0.004881581732141616,0.6248919434957938,0,-4.146991773622765e-05,0.1202904430491415,0,0.006403297930017588,0.6515049937213269
5000,0.05,25,0.0013180626220739046,0,0.0012444532763525012,0.8984267986006503,0,0.00032717339968669666,0.9492812288507245,0,0.00513433616765298,0.7075328319477849
5000,0.05,26,0.00023101931565966844,0,-0.00805785826776554,0.4186902942673999,0,-0.0009396481709908532,0.40316183384862425,0,-0.018972515647223225,0.17585613709594639
5000,0.05,27,0.0041406046652053535,0,0.015917544761435996,0.10185401128126875,0,-0.00013240582340100245,0.45621242057010414,0,0.018503886442524372,0.18390876296978764
5000,0.05,28,0.0019325750133426666,0,-0.012572299522936117,0.20766152849733066,0,-0.0003891707324730041,0.22069247584710938,0,-0.005954342919661753,0.6674142337941396
5000,0.05,29,0.001114218384472488,0,0.0008138053344663339,0.9331834797364529,0,-0.0004078551652341683,0.6055067214774122,0,-0.0037060098470833892,0.7931590162377182
5000,0.05,30,0.0018152013013775794,0,-0.002261695608403316,0.8179941808159505,0,-0.0006594103828445429,0.5673377172174551,0,0.009402427389596952,0.5060175047093515
5000,0.05,31,0.002490439220681718,0,-0.0004321988639877511,0.9649752742502087,0,0.0006144356003881735,0.22258431983208282,0,-0.00780581650356852,0.5827293061510168
5000,0.05,32,0.0003475730869754131,0,0.010441927906109805,0.29991440542232595,0,0.000764599349866254,0.43247311812824085,0,-0.006841736219192771,0.6342520079661713
5000,0.05,33,0.0006341735191608182,0,0.004055581441335084,0.6793117406395395,0,0.0002189608456384406,0.579758711628311,0,-0.016787273705264914,0.24149752023375365
5000,0.05,34,0.0034099719710643612,0,0.0043794429916716076,0.6601341695963332,0,5.184334891590213e-05,0.8908029876588784,0,0.020974253129240863,0.1310884869799137
5000,0.05,35,0.001529740617464598,0,0.0009821080463534755,0.9222416961874058,0,-0.0003249491772501595,0.42012661569041154,0,0.01902226327685097,0.1833959960323118
5000,0.05,36,0.0017146413051890438,0,-0.0039639692190515195,0.6983130225917444,1,-0.0006708480505894086,0.041213073931200994,0,-0.01335539461551234,0.3429342696647739
5000,0.05,37,0.003194773199521013,0,-0.0006307535426680827,0.9501432625827061,0,-0.00047806945886166705,0.5142060826559948,0,-0.005600485521353121,0.6939752343584799
5000,0.05,38,0.002555493691812051,0,-0.0005093964532766281,0.9596489771755955,0,0.0005891420028042224,0.12037678007185537,0,-0.005252482440770773,0.7076540689211861
5000,0.05,39,0.0035335858211685903,0,-0.009267082938633549,0.318749120452259,0,-0.0005369094745405399,0.4722710720741714,0,-0.02188730042913966,0.1079844661129987
5000,0.05,40,0.0006567368695692678,0,0.014098043692154153,0.1555949899664043,0,0.001440065960934415,0.9606411415846585,1,0.030409093133096983,0.03179555898962538
5000,0.05,41,0.0012321760427131,0,-0.011465132818327298,0.2527152040876053,0,-0.0006819135324741887,0.5914797656038406,0,0.0024091712279044226,0.8640059088585081
5000,0.05,42,0.0021416965405346993,0,-0.004158246922004026,0.6756726416714754,0,-0.0003666977063114323,0.8537586052499966,0,0.012157473880873366,0.39063477365167254
5000,0.05,43,0.002451576998770294,0,-0.007902492743346534,0.4256093514526865,0,-0.0008675693533156828,0.09115337396805201,0,0.0007258898837454392,0.9584714410723498
5000,0.05,44,0.002401499862400335,0,0.0026521922465056347,0.7921857545545041,1,0.00016813049536120478,0.048347604218059836,0,-0.01260209512330589,0.37645626940601984
5000,0.05,45,0.0018368980919097036,0,0.017350177196942044,0.07007940782203445,0,0.001375616814877974,0.5786562990337926,0,0.025561702814868956,0.06247677787133313
5000,0.05,46,0.0032152652087263844,0,0.012999162455770971,0.2020670951438568,0,0.0005633905690101841,0.6237517546254423,0,0.021494056505266465,0.12818360050071162
5000,0.05,47,0.0014910207192247828,0,0.0038505015060085433,0.6991577981371495,1,0.00012348797802247245,0.014531568986650867,0,-0.0020049882321963846,0.8871361965012264
5000,0.05,48,0.0029053717186389794,0,-0.018349993267218676,0.06593815478055978,0,-0.000678772445024912,0.8723929485270335,0,-0.01730534230976505,0.22457261204892656
5000,0.05,49,0.0006824616606288395,0,0.0038788059066614906,0.6888282192093782,0,0.0003382297818908185,0.05961496121395904,0,0.007461983681196176,0.5919846261965385
5000,0.05,50,0.004263000764190049,0,-0.005218423885918485,0.5942100164921362,0,-2.8273999303089186e-05,0.5686198633836477,0,0.0029328609585527717,0.8340727694938004
5000,0.05,51,0.0014457198766956757,0,0.0026454797283144583,0.7907248677268638,0,-0.00016170102634289254,0.36127968893076823,0,-0.001064695725723255,0.9398010676436541
5000,0.05,52,0.0017589529579851825,0,0.003262761349775348,0.748432590457314,0,-0.0008349972075215796,0.6902512972308497,0,-0.010947803070250216,0.4410731023082616
5000,0.05,53,0.0009339588565232868,0,-0.009452182384119198,0.3340683835609961,0,-0.00048337902718328604,0.24302123907505668,0,-0.01494030999223611,0.28570529531806355
5000,0.05,54,4.8365804207881104e-05,0,0.011417973453274052,0.25073839491978844,0,0.0007534891525533838,0.4933330207488005,0,0.016843154935411626,0.23102471713789774
5000,0.05,55,0.0015822792635389817,0,0.004573818662079754,0.6423185171352153,0,0.0009278818599439738,0.5611669388826344,0,0.004152285553861592,0.76994516089536
5000,0.05,56,0.0037771470596735975,0,0.01769636694437966,0.07504762972517938,1,0.0016014304897607556,0.025219562955937525,0,0.015691428304675577,0.2618905768848779
5000,0.05,57,0.0005399963782910778,0,0.00547625904107152,0.588626554407794,0,0.0003894618299840845,0.3719374655754698,0,0.0029758195887129094,0.8331186428454045
5000,0.05,58,0.004086235050445056,0,-0.012008543332483038,0.21400208214122562,0,-0.00035458073399766246,0.6890577027406442,0,-0.01006747776275074,0.46946254846121926
5000,0.05,59,0.0007259990011285793,0,-0.009221825365184726,0.36113606494832096,0,-0.0020219835630081425,0.5416091937351306,0,0.003220295557265414,0.8198575124833074
5000,0.05,60,0.00038006273904199554,0,0.0002650677856413878,0.9787536292042047,0,4.557031445633622e-05,0.3804295366796764,0,0.0056872730635227665,0.690834319930492
5000,0.05,61,0.002015144617596673,0,-0.0059613179085165665,0.5435836646801152,0,-0.0008091092271052312,0.5919312258216289,0,-0.024072658673103972,0.0934704371728586
5000,0.05,62,0.0011614201743100137,0,-0.006073152664299802,0.5345552634109667,0,-0.0006180317816291968,0.2713692414740181,0,-0.007945544004132063,0.5799622262079946
5000,0.05,63,0.003820881154360692,0,-0.010125507781623787,0.30554685207026816,1,-0.0002909492904278337,0.0037297425178659527,0,-0.01091713317189524,0.44164220436676693
5000,0.05,64,0.002189517027016305,0,-0.0029822178938601904,0.7653941817887904,0,-0.00019438174283673557,0.7302373317927712,0,-0.005803575119276199,0.6824771433309674
5000,0.05,65,0.001064070435798754,0,0.00447152181431177,0.6540219080109222,0,6.749759079635291e-05,0.8189420219165477,0,-0.00917772305969693,0.520035557514753
5000,0.05,66,0.000978431053697188,0,-0.012066168070139112,0.23008696395602765,0,-0.0014473011807952726,0.7867117833192729,0,-0.026035460020935815,0.06964013219949429
5000,0.05,67,1.9186059044700006e-07,0,0.0015225241758933677,0.8767371565308679,0,0.00039471527347039007,0.41669010961316555,0,-0.006926798505775408,0.6185670325986391
5000,0.05,68,0.002162831953508741,0,0.018973424738546088,0.06936540145004853,0,0.001853861075784434,0.15614435127358006,0,0.0018557249487451861,0.8982662707075071
5000,0.05,69,0.0036601436228165213,0,0.005777295159947418,0.5491968402602478,0,0.0009944678681498638,0.44991185057592165,0,-0.0056990108990746,0.6847399924751358
5000,0.05,70,0.000767526616443384,0,0.008680048750169558,0.3856558780207906,0,0.0011525789009815663,0.4148129881521798,0,0.0027778800470370803,0.844264735997034
5000,0.05,71,0.0017996652687038873,0,0.00863181049718113,0.38114829262784033,0,-1.4949401849571026e-05,0.8151705346840132,0,0.020118681757493234,0.15877146732925873
5000,0.05,72,0.0015765012233346018,1,-0.019453935658660347,0.049651097671570346,0,-0.0008935029539750498,0.49764265774831673,0,-0.011855557657842604,0.3887640669065743
5000,0.05,73,0.002838903395996913,0,-0.01136687298625903,0.2561071277573857,0,-0.0011452992590184712,0.46664812012978574,0,-0.013791464774965938,0.3236561104848168
5000,0.05,74,0.0024518470128186884,0,0.0016789589396554025,0.8646626706871339,0,0.0006678173799630809,0.55357015914549,0,0.00688274610047768,0.6226683163660942
5000,0.05,75,0.0019867404565921294,0,0.006228619652529337,0.5340934129561041,0,0.000206708796456163,0.9797029638935032,0,0.003442004569167857,0.80622413967593
5000,0.05,76,0.0005527809196411471,0,0.01012000849132403,0.31409021749833016,0,0.0010347738377268685,0.4081308976187693,0,0.02005717999253456,0.15354788813793757
5000,0.05,77,0.000428663909497893,0,-0.0010735055242089633,0.9149435690364108,0,6.121320212577475e-05,0.8619067634871134,0,0.0001207472217705282,0.993229142380174
5000,0.05,78,0.0016716992306700753,0,-0.0003950465269550829,0.9682200863307928,0,-0.00032926783963249065,0.24858616567400882,0,-0.016002838848819628,0.2639563357195811
5000,0.05,79,0.0010751237425405114,0,0.014633439587093348,0.14180872774829828,0,0.0005914271276232716,0.3052042104933772,0,0.009898054827728944,0.47662652211575884
5000,0.05,80,0.0027563011094301087,1,-0.027418108970760285,0.006349055787017821,0,-0.0022955158553091687,0.5063944101998035,1,-0.03187154360624514,0.026161516972094467
5000,0.05,81,0.0006132770996671479,0,0.0019634999537265145,0.8480302007134861,0,0.0004679426022999499,0.46906453133610304,0,0.008475894017762806,0.5534417034494676
5000,0.05,82,0.0021211998369475276,0,-0.010734066625737258,0.26996507291621263,0,-0.0006891732906797222,0.6236144640543109,0,-0.021247064777794936,0.13109987629695236
5000,0.05,83,0.002128596848643895,0,-0.006764997602094788,0.5032614586087601,1,-0.0016728854912136971,0.02159770609955225,0,-0.008371847625512383,0.5559527488666847
5000,0.05,84,0.0017795142513199452,0,0.002013802552936271,0.8402652393557779,0,0.0006013444917461992,0.9997369185311665,0,-0.003607111844908247,0.8019479737557886
5000,0.05,85,0.0005702025424607694,0,0.007194486043163625,0.4607130384576351,0,-0.00018082298020967523,0.20525277108859719,0,-0.013348532747875832,0.33878389066937964
5000,0.05,86,0.0012333192115178192,0,0.006648042423840751,0.4996354897583162,0,0.0013951541002588902,0.4099779843597777,0,-0.0016454404204109883,0.9064210316495385
5000,0.05,87,0.0007024991348190488,0,0.0027469921936886005,0.7781738565469118,0,-0.0005831277110206575,0.5973692106590438,0,0.0029340397113810732,0.8344993267649068
5000,0.05,88,0.0010361467227872775,0,-0.004866783758093877,0.617532014468438,0,-0.00042081753049873054,0.5829104484748406,0,-0.010126966054590169,0.45727774252457454
5000,0.05,89,0.0009513627677487828,0,-0.004012825344942761,0.6865692411353225,1,-0.001436846518612184,0.03243064643714122,0,-0.004928633056775205,0.7320916535911319
5000,0.05,90,0.0019677312859148694,0,-0.0074686081998870685,0.4584315013908381,1,-0.0003510155842756805,0.012495107255284466,0,-0.010188952827255017,0.47523838075271574
5000,0.05,91,0.0016772023492857805,0,-0.0012289459129512128,0.9016172657246826,0,-4.984340464677631e-05,0.8386540653450406,0,-0.0008700254709267715,0.9501070701246247
5000,0.05,92,0.0002582388933892419,0,0.015401399351158715,0.126701839835275,0,0.001643155007255914,0.1165907255748031,0,0.01927829757980157,0.17740970982164375
5000,0.05,93,0.003521502604223432,0,0.012129025046300675,0.22370827994830386,0,0.000743266502868832,0.2614475042592008,0,0.007899214788897333,0.5721758837202975
5000,0.05,94,0.0014973689876543225,0,0.019072473999672504,0.0539412039521384,0,0.0011266867328658735,0.8300103367778048,0,0.016498597287495108,0.2433061825310464
5000,0.05,95,0.0007550920064974987,0,0.014756265824085348,0.12609512503766407,0,0.0016539524910203593,0.7665266019256664,0,0.01792090752670623,0.1942346283933945
5000,0.05,96,0.0035704180521948527,0,-0.011596826022277662,0.2613097079326724,0,-0.0011034989022866697,0.3451280905492975,0,-0.010819745455991792,0.45624012688179416
5000,0.05,97,0.0007637871558671651,0,-0.0027488662749256994,0.7880748811318496,0,-0.0007615190556911477,0.11125679256284726,0,-0.012911651678140505,0.3612417054908319
5000,0.05,98,0.0016463882854684379,0,-0.0021408688245109953,0.83427780632869,0,6.688947519815114e-05,0.10499916162545397,0,0.007331716510315514,0.6197507444218056
5000,0.05,99,0.003353705556073741,0,0.003962061578641983,0.6929575633572573,0,0.0008395330294008512,0.7993559562105689,0,-0.008472713692081545,0.5490704562436903
5000,0.05,100,0.0028146380319267333,0,0.01847795313041544,0.05623165718097836,0,0.0018863544642855805,0.7282586425522477,0,0.023466358354028796,0.08675660272715648
5000,0.05,101,0.003288719437796466,0,0.010925786191478217,0.255698625025481,0,-0.00011440599439929255,0.32080610771127605,0,-0.0020060986992495016,0.8841884458196392
5000,0.05,102,0.0021198595851218793,0,-0.0022231952095647994,0.8253166846150397,0,-0.00037122495740847116,0.4877924526675943,0,0.0005298669167424618,0.9698530288979603
5000,0.05,103,0.001245152999596507,0,-0.004750057770426311,0.6310888419062615,0,-0.0001911354660153961,0.6992307533072901,0,-0.009306419883125045,0.5065180546061756
5000,0.05,104,0.0029950782435395015,0,0.017325995251913293,0.08845921127802722,0,0.0007195093889276106,0.9681192724789254,0,0.026832218241661446,0.056718361683693055
5000,0.05,105,6.065040023072616e-05,0,-0.019667364494296742,0.05631892651742442,0,-0.0014787111606957778,0.40745167351895095,0,-0.010504937155014335,0.4699520724918035
5000,0.05,106,0.0029196350044451117,0,0.006333823079182365,0.5288739646850708,0,3.769360274519372e-05,0.25784008181922513,0,0.0071811261427482415,0.6141515279125245
5000,0.05,107,0.0018124369772859407,0,-0.0016955334768356952,0.8634839586350769,0,0.001956700478724954,0.1709243788423921,0,-0.015219041507943969,0.26921110989278324
5000,0.05,108,0.0029053320206049705,0,-0.001766804898827138,0.8616004254050273,0,-0.000580799045776401,0.11228568194480681,0,0.003447445652516482,0.8082271960009504
5000,0.05,109,0.001425720948765787,0,-0.018855035684665945,0.061888236011859055,0,-0.0015776770547626735,0.10207020280869439,0,-0.021301046688923894,0.13727948878317464
5000,0.05,110,0.000984851387174827,0,-0.006184136987491613,0.5476214905969896,0,-0.0004095545266676095,0.7263225420964072,0,0.0012166464304181552,0.9317286035312258
5000,0.05,111,0.0020844099324500848,0,0.0013988778111469575,0.8871608561387736,0,-3.314879414939299e-05,0.6680133372241276,0,-0.00512945294240561,0.7171911076054551
5000,0.05,112,0.002787282867701072,0,-0.0013895591319219316,0.8922681349625602,0,-0.00023645929154547313,0.469496090900439,0,0.0044956533487915985,0.7545789412875923
5000,0.05,113,0.0002616859889682765,0,-0.012303525015865836,0.22560628873588734,0,-0.0009577434834644587,0.17587430743585197,0,-0.007011371311871318,0.6237512535358976
5000,0.05,114,0.0016521503100592571,0,-0.011457161311368756,0.2523745074552542,0,-0.0003747153556006787,0.09003201504576364,0,-0.013456430790171682,0.3433447157199485
5000,0.05,115,0.0009486812711961759,0,-0.001360986141451163,0.8915852441679599,0,-0.0006262683824909783,0.8583797709992583,0,0.0005764259238864675,0.9677055112029798
5000,0.05,116,0.00229937277102936,0,0.0022080099549726543,0.8230434479562334,0,1.777033950707696e-05,0.4133287248874207,0,0.0003758396559217507,0.9784133808141395
5000,0.05,117,0.003524852147073285,0,-0.0035047036978307433,0.7300727385967805,0,-0.0006053711460673368,0.09189736314219477,0,-0.011874470425730806,0.3988271297217788
5000,0.05,118,0.0033405039855076255,0,0.007371581283670153,0.4727308694342295,0,0.0007495893320307298,0.26911256288563545,0,0.023715624174825173,0.09590097559838186
5000,0.05,119,0.0008506557213402704,0,0.007935201500407786,0.4158551734156629,0,-0.00020410969221942613,0.6549324470948829,0,0.0067035283310618345,0.6316729282713432
5000,0.05,120,0.0023206274270762732,0,-0.005459044806491252,0.5729432436561144,0,-0.00035916804935702063,0.6666642855984026,0,0.0014557415052755688,0.9152195743651645
5000,0.05,121,0.0018811008557745306,1,0.02245266017965922,0.024455808487065456,0,0.0019079590915904345,0.5093558476325382,0,0.011952045499929276,0.4013497134431878
5000,0.05,122,0.0007302880601730516,0,0.0019462756642869418,0.8461486598460806,0,-0.0006239352332725096,0.16839145848368497,0,0.01739750444566965,0.21074371283351703
5000,0.05,123,0.0024961611017210463,0,0.0012810823342528747,0.8987360203590005,0,-0.00044965696109408983,0.7894776898251628,0,0.007237317990998539,0.6134362735939093
5000,0.05,124,0.0015910935448152097,0,0.007935224381861868,0.42006813968723,0,-9.821910089375203e-05,0.5578300030449546,0,0.0064700663154419105,0.6447804448326073
5000,0.05,125,0.0024499990412244887,0,-0.0016546289564716833,0.8714991857888248,0,-0.0007531585426937274,0.41647764221173933,0,0.01718917697482674,0.22340744667683538
5000,0.05,126,0.0015261272938518562,0,0.012203562720959564,0.20767753161166272,0,0.0018534073074091444,0.0777123512694673,0,0.022819168746322976,0.10127035985568478
5000,0.05,127,0.002036766019271808,0,0.016600859490073352,0.09694041680479032,0,0.001040839367949261,0.6789221595173804,0,0.0251659383904727,0.07433048875845465
5000,0.05,128,0.0008758288881978812,0,0.007343388469636355,0.4851979415514567,0,0.00130945327553676,0.7503405487561811,0,0.0035337730710884334,0.8140117166947646
5000,0.05,129,0.0025135326406047656,0,-0.013794509103975795,0.17103550291574918,0,-0.0012642742072936852,0.8259821798942184,0,-0.013853031712798778,0.32821374200591014
5000,0.05,130,0.002064388297018324,0,0.010567759963466579,0.2916737852796551,0,0.0007212511129027736,0.41677448632751946,0,0.015215251896323593,0.28980964593945996
5000,0.05,131,0.0009160008334766374,0,-0.01178919078512106,0.23117580149131176,0,-0.0010497903598420792,0.9666883339136064,0,-0.02460313855256834,0.08382816177851111
5000,0.05,132,0.000461743040909801,0,0.003942922651483117,0.6912105650153794,0,-0.0006492155308451264,0.9961905865644564,0,0.014419009757910283,0.30813830401357545
5000,0.05,133,0.0012237934728477342,0,0.013169762200775115,0.19176341864812413,0,0.0004022902285341663,0.4870986119248275,0,0.014144998866473956,0.3219867162550174
5000,0.05,134,0.0006286435571808896,0,-0.010649023281886463,0.289983393771492,0,-0.0012342059678175168,0.8697624242031795,0,0.014291317475144272,0.3103512494490966
5000,0.05,135,0.0008088117542178376,0,0.011580168497474844,0.27264891211274345,0,0.0010149142603010546,0.1134938858270419,0,0.015159878753653612,0.2988837146493575
5000,0.05,136,0.0012287762946134833,0,0.0035135192189650003,0.7211578977032826,0,0.0011136850210633948,0.45531476398604975,0,0.013315928893971938,0.343230216599702
5000,0.05,137,0.0032201878059526334,0,0.007352300068933327,0.45060874820223273,0,0.0012232957926753523,0.6302605603384863,0,0.0023505269909580477,0.868959072669526
5000,0.05,138,0.0012537047756654416,0,-0.004899023259966587,0.6231111679630692,0,4.168879991294521e-06,0.6691996534083366,0,-0.006308872127132857,0.6506154159295069
5000,0.05,139,0.001143967632758727,0,0.006111536934711806,0.5321850156533513,0,0.0006335710005127171,0.6228028450726129,0,-0.009431122263407473,0.49668550012655055
5000,0.05,140,0.0011732203340366271,0,-0.0009484446726659725,0.9256916643294996,0,-0.0006673096107925414,0.1818015283411003,0,-0.0024421298694808154,0.8651006498623186
5000,0.05,141,3.0455926833841993e-05,0,-0.003910375971581634,0.6837911427179728,0,-0.0009268585755625231,0.716249753607757,1,-0.031535333638037844,0.023166016674978585
5000,0.05,142,0.0027990650189339238,0,-0.009352291469959906,0.34491979218824964,0,-0.0003116616927687168,0.18103812739458647,0,0.005993072716166597,0.6688306130822098
5000,0.05,143,0.001845667098898879,1,0.03000344608228524,0.0033414807070975237,0,0.0025970686560820603,0.5827316211975831,0,0.023380362349455175,0.10508619750493117
5000,0.05,144,0.0008212002243105522,0,0.009435432180227188,0.3576377830482612,0,-4.4033095309877615e-05,0.7343606683945956,0,0.022090374106358786,0.1250989212217667
5000,0.05,145,0.0003342290520833192,0,0.011572313317672464,0.24742122523855775,0,0.0005370259572364649,0.1063138235923281,0,0.016300326962470888,0.2529725297324054
5000,0.05,146,0.0012089814961626936,0,-0.00404783385076279,0.6825572957341073,0,-0.0009662676532767812,0.9998415256800055,0,-0.00884546118690522,0.5304116572561932
5000,0.05,147,0.0020145141286570046,0,-0.00511319146762592,0.607988326357731,0,-0.00010267923561393613,0.9562631876680507,0,-0.0005271811775601383,0.9702161527347839
5000,0.05,148,0.0015322486752426126,0,0.00975533156916959,0.32648096983727926,0,0.0006199632294852811,0.09940542375708328,0,0.005594166326579354,0.6862764905522964
5000,0.05,149,0.0007732387935554393,0,0.00016094973445542862,0.9873253841372223,0,-0.0006629050163330021,0.9357695601388034,0,-0.004999116850283433,0.7227415596886049
5000,0.05,150,0.0013926277703711193,0,0.013326806502819557,0.17883898176640628,0,0.0008833187442359571,0.977809926291106,0,0.004086147286784348,0.7687203710637972
5000,0.05,151,0.001551604397916615,0,-0.0063023074361351,0.53399989012691,0,-0.0005916012024613337,0.7650025442687176,0,0.008881543103880897,0.5347001247719421
5000,0.05,152,0.004763164996609169,1,-0.020496109459540172,0.03610502353184508,0,-0.002390720536036649,0.2478846696153777,0,-0.005317303575919851,0.705383680976057
5000,0.05,153,0.0006943464358507591,0,-0.011429437109327447,0.2557162815013394,1,-0.001137513600455379,0.04394820900808172,1,-0.04025087813075467,0.004166723496149552
5000,0.05,154,8.699397446307918e-05,0,-0.0033605984713096235,0.7357221224540731,0,-0.0002379939133121159,0.8144126532400551,0,-0.013820733584442893,0.3275485558762836
5000,0.05,155,0.0009227982636377387,1,-0.022188333514150282,0.02816813883431863,0,-0.0009284389211411549,0.3273110382355704,0,-0.006949957315941689,0.6273638566529134
5000,0.05,156,0.0007174131629713891,0,-0.0067751449169771785,0.4926359600790926,0,-0.00018530736475393006,0.6572039498969161,0,0.004412596412400919,0.751364617254664
5000,0.05,157,0.0018229706939149805,0,-0.0036227668775313413,0.7153178853635205,0,9.929473353763073e-05,0.6770465803770478,0,-0.013700688995197687,0.3440021339641428
5000,0.05,158,0.0016491687991684822,0,-0.003242801686019362,0.7434975849537434,0,-9.568221464472751e-05,0.3805273223864174,0,-0.009169311013777617,0.5205738286601698
5000,0.05,159,0.0020994794081807652,0,0.012748657214014926,0.2046582769043569,0,0.0003072824231354126,0.8510561347095287,0,0.019923327915184558,0.15387515401745272
5000,0.05,160,0.0011265257398877728,0,0.0033273510823201083,0.7425859276289,0,-0.00027601699138305965,0.6398828313013062,0,0.001911177817520697,0.8923326678161525
5000,0.05,161,0.00214749862228378,0,-0.008807182928253419,0.38002218273589805,0,-0.0012272944223361895,0.5591148456091571,0,-0.018868300619398953,0.18172124462552383
5000,0.05,162,0.002839699729260691,0,0.0009141324734649476,0.9248897361705293,0,0.00035713878641459936,0.390647680450634,0,0.00056499621819397,0.9666126219792724
5000,0.05,163,0.0017773333713009265,0,0.012453309027915992,0.2066509835978442,0,0.0015296983061179243,0.22695038300352655,0,0.012046043197889983,0.3908009304916068
5000,0.05,164,0.0015325813568273486,0,0.0001755065758970737,0.9852647816591765,0,-7.977091213197366e-05,0.49639220571944054,0,-0.002702077316938731,0.8449841328772948
5000,0.05,165,0.0015649080059009597,0,-0.0016681813722061387,0.8660325567840491,0,0.0008411107873967551,0.1016134181770989,0,-0.004925126451072374,0.7226853912099553
5000,0.05,166,0.0020743488277769587,0,-0.005070633922184178,0.6199458514710985,0,0.00021037627715584232,0.9043937651993219,0,-0.003133355167940506,0.8226934270017573
5000,0.05,167,0.0017095784133752357,0,0.014003697966362354,0.15318612661461015,0,0.0016705639406028264,0.8960118410119834,0,0.027347930559981536,0.051656373419310675
5000,0.05,168,0.004043233223315381,0,0.003408136538873001,0.7345391433084973,0,0.0006786412360894537,0.7095077011277264,0,-0.005208345117233026,0.7138768450472599
5000,0.05,169,0.0027774730488882193,0,0.016244022658218178,0.1090512416390319,0,0.0006452932081336057,0.4377951708665143,0,0.02653885568832426,0.060845305868267946
5000,0.05,170,0.004582976571114668,0,-0.00532180915570022,0.5951866453658468,1,-0.0012356147053701697,0.009868679625118504,0,-0.002319844525286182,0.8697108166592068
5000,0.05,171,0.0032103729486062708,0,0.0005398712235123583,0.9560997258879922,0,0.00036533598027464753,0.0847795292681488,0,0.007182901951758121,0.6101075249222689
5000,0.05,172,0.0005617094821944642,0,-0.009062370982508955,0.36042673376290457,0,-0.0003682900442767272,0.6375704897089467,0,0.012431682667892133,0.3726924084997557
5000,0.05,173,0.0009947908680479599,0,-0.015864928995029597,0.10737025168954929,0,-0.0008962594446790709,0.47364174732115605,0,-0.005230806177040437,0.7098426235310817
5000,0.05,174,0.0005124437204666766,0,-0.00275710850071903,0.7864263536144025,0,4.049863869193981e-05,0.23036749013199653,0,0.013385072247173412,0.34369499313424856
5000,0.05,175,0.002775503228831685,0,-0.012631488158744703,0.2102468540674956,0,-0.0011935463543919366,0.6333831740798288,0,-0.012353986699235505,0.38792082462230026
5000,0.05,176,0.002080394015216117,0,-0.002838732557226947,0.7738297153709951,0,-0.001483554277072014,0.948204761428493,0,0.006583939968731457,0.6355211936037644
5000,0.05,177,0.003050792863230017,0,-0.006608798620853681,0.503880271079256,0,0.0004210171858272039,0.3870144263230628,0,0.007766574710226307,0.5809174801563659
5000,0.05,178,0.0011449494279075466,0,0.012107236530294985,0.2268446362258741,0,0.0002949974417067081,0.6820863672584379,0,0.007613359534507572,0.5884335049773362
5000,0.05,179,0.0018991068226879317,0,-0.008895889689889927,0.3643187687261896,0,-0.0008768406732761412,0.38699720218154887,0,-0.017534230182636446,0.2026957633211498
5000,0.05,180,0.0005075161819612755,0,0.011621263760442114,0.23609517789529189,0,0.0002537534340055263,0.8357043508666219,0,0.010712442872890002,0.44291541031609927
5000,0.05,181,0.0007325239634881547,0,0.016644149005522097,0.09576764804966846,0,0.0024518394357019883,0.08899558080156322,0,0.01148529352792815,0.4122448056303152
5000,0.05,182,0.00028684283432457404,0,0.0115177084814587,0.22796231732264088,0,0.0006407382898662011,0.13232039378263138,0,0.01889207735052821,0.18511951729075707
5000,0.05,183,0.0009654611281382034,0,-0.004083502416993293,0.6842453747069206,0,-0.00032155275776557876,0.26518397368765934,0,-0.0010513917804843755,0.9410528889549736
5000,0.05,184,0.00018986255192270782,0,0.0014381002275424245,0.8856787074762865,0,0.0005272278048539866,0.8664287771855245,0,0.008648035995216801,0.5378172135203514
5000,0.05,185,0.002707536394030215,0,0.004445698086900729,0.6595758230913762,0,1.2902074363151641e-05,0.8076916193025662,0,-0.0022931365695608146,0.8749231920494339
5000,0.05,186,0.0018302649310122437,0,0.003698796136404397,0.7106539292532257,0,0.00027213264282437713,0.5264524119822577,0,0.002922893908468246,0.8373667715807938
5000,0.05,187,0.0013331695024170287,0,0.00828584863533405,0.4103082883574799,0,0.001433805771809807,0.0947737739199559,0,0.011136621767035535,0.43811366756479375
5000,0.05,188,0.0025236430606296024,0,0.002989876239317078,0.768166908265938,0,-9.725992814614002e-05,0.5047867815079267,0,0.012012697191099762,0.39362883514073777
5000,0.05,189,0.0010570816690766585,0,0.010929752675288073,0.26757580057848074,0,0.001494021502911133,0.6159098836908463,0,0.018293373662294627,0.1897320517901982
5000,0.05,190,0.0014676631612683152,0,-0.005303202494384733,0.5905363640290936,0,1.558528304082012e-05,0.803587190166093,0,0.0028657622017592686,0.8371709913097191
5000,0.05,191,0.0016321556156138222,0,0.0043898927941013,0.6581179124863354,0,0.0005820387217846403,0.8696689258936607,0,0.0019252138194095405,0.8907817142312531
5000,0.05,192,0.0005594909740239711,0,-0.015231669374166102,0.11724485794957888,0,-0.0016761457664388089,0.7579076020926809,0,-0.013846868461152056,0.31428799575555977
5000,0.05,193,0.00042589296252636377,0,0.007037193607872722,0.48140257077977955,0,0.0004920063683542078,0.5551689038047745,0,-0.009818986572674365,0.480048902426254
5000,0.05,194,0.0010551263098868397,1,0.02195735737333885,0.028590163032750762,0,0.0021762970708180556,0.4633366157007379,0,0.027770615881753606,0.055510677610562116
5000,0.05,195,0.0017075536799558836,0,0.0031842500768178247,0.7497298735136733,1,8.762305363430845e-05,0.04661409380675219,0,-0.0003413424076403812,0.980692454576297
5000,0.05,196,0.0037800441047039324,0,-2.388171959000272e-05,0.9980805586210393,0,-0.0002686183473719418,0.49664474076975307,0,0.004375805421667531,0.7563639154543171
5000,0.05,197,0.0030085013831318017,1,-0.027446358858611075,0.00636112402833793,0,-0.0011974103835750377,0.2951737137488748,0,-0.022636118803346813,0.10098266987589545
5000,0.05,198,0.001319091598363199,0,-0.0005604451746786215,0.9543620509565064,0,-0.0006748584363376809,0.07534707517686079,0,-0.022659271943728618,0.11017797886167839
5000,0.05,199,0.001320394203213623,0,0.019006078250947665,0.05078566908332525,0,0.0020162474141293654,0.5150958526260376,0,0.016590937100796926,0.23725471193344666
5000,0.1,0,0.0014833986909826185,0,0.008974394569785733,0.36774981085913583,0,2.5041743832224347e-05,0.8098450602334389,0,-0.005813419800390195,0.6788570464289911
5000,0.1,1,0.0035883253492788674,0,0.00677517362053995,0.49829807602551146,0,0.00010066312567233758,0.45311735502473416,0,0.011927418388004499,0.3977218674242936
5000,0.1,2,0.0007314350242349478,1,-0.022978867727732003,0.022964133018749694,0,-0.0017754072390674738,0.21929121580864064,0,-0.017403124314345604,0.2234184618007788
5000,0.1,3,0.0016945158941217295,0,0.0042962360807609805,0.6669546872097396,0,0.0011331882477624625,0.8377857603017006,0,-0.0012469242533695787,0.9301701706348522
5000,0.1,4,0.0008918800131170847,0,0.013005755921076773,0.1764554339141768,0,0.0007868886385917809,0.5342769226470604,1,0.031139658855182793,0.023595605380039394
5000,0.1,5,0.0035093429269658907,0,-0.00033412916710255473,0.9731408721279108,0,-0.000526807127117828,0.4890304766237943,0,0.0037502467117995365,0.7877687008557799
5000,0.1,6,0.001345941848735209,0,-0.006140338458107448,0.5381505448109487,0,2.065329663645099e-05,0.5470751570979107,0,-0.014481282569364392,0.30560520288935544
5000,0.1,7,0.0004840900201108423,0,0.01960334971895013,0.051314284263882105,0,0.001483350909156989,0.6451802088348377,0,0.0007960789548685588,0.9545161391169235
5000,0.1,8,0.0003851010472626103,0,-0.008755390489697087,0.3793455646387667,0,-0.0006683863368672021,0.947550965741778,0,0.002877256278440242,0.8373556549216596
5000,0.1,9,0.0009539361669918074,0,-0.006993039448813637,0.48909738648586387,0,-0.0018625876170709993,0.3479469190989566,0,-0.017319949767188335,0.21811072925222724
5000,0.1,10,0.0022943472946015723,0,-0.004806811853119059,0.6347709177700016,0,-0.000757516025111692,0.7207003517079236,0,-0.0011468648122283384,0.9355529219932405
5000,0.1,11,0.0026130219852217667,1,0.019143890347677696,0.04749705419100851,0,0.0014753339536317204,0.9219544419458932,0,0.018770634790636148,0.17604933181791496
5000,0.1,12,0.0015105470239384613,0,0.0097836710964778,0.3055547425644846,0,-0.00034538545713742375,0.7366780231600879,0,0.013319317356797034,0.3346240040043058
5000,0.1,13,0.0002496752569020251,0,-0.016424379369684605,0.09917715955244032,0,-0.0011540315884145578,0.9356086740960887,0,-0.009834337046293249,0.4775295970314809
5000,0.1,14,0.0035872485546231663,0,-0.0008940131126576626,0.9280361840558539,0,-1.1642212303017537e-05,0.6847986474730319,0,0.007608199851974316,0.5819894756656663
5000,0.1,15,0.0007724250768425127,0,-0.0013906749642715768,0.8898925135880718,0,-7.052453537830917e-05,0.2115276839227206,0,0.00831718784094524,0.5582122832950027
5000,0.1,16,0.002436076615575348,0,0.014906483306888332,0.13644212532233677,0,0.0011431897760259442,0.9368092527625352,0,0.021151386082619666,0.12993797805711685
5000,0.1,17,0.002948400365892484,0,0.011247294956936498,0.277830654348409,0,0.0012021820821132754,0.7857462688435892,0,0.0013863358673131135,0.9230754524721361
5000,0.1,18,0.0017533446667235002,0,-0.006334122373598973,0.5359154597048861,0,-0.0009036676502968252,0.4650223131906658,0,-0.015124029233224534,0.27983178286452326
5000,0.1,19,0.0008529106150209774,0,0.000799662884744202,0.9374722111705369,0,-0.0004915627557895627,0.2826644550886619,0,0.005640756850445455,0.6941838971995121
5000,0.1,20,0.0002956710239625288,0,0.012513496623999204,0.2080594021248671,0,0.0016234917637131233,0.3916296915218058,0,0.01917098592615615,0.1745798100403777
5000,0.1,21,0.0014461232061819286,0,0.00015081768907816012,0.9881659838531778,0,0.00033216622803361944,0.7230524403241407,0,-0.01670122050827615,0.24574507355659686
5000,0.1,22,0.001211728592862826,0,0.0007549488123257883,0.9396440718839021,0,-0.0007148578054523109,0.12565800203014765,0,0.0051093927707115926,0.71901638459191
5000,0.1,23,0.0016260094712689274,0,0.015663107803918688,0.11566750423699403,0,0.002339058684188337,0.864180498436708,0,0.02555634898263861,0.06429560106638389
5000,0.1,24,0.001562474262495933,0,0.01874413731961706,0.05786516471450742,0,0.0009089826961477828,0.8256789677833456,0,-0.010825502822700088,0.43074051005752356
5000,0.1,25,0.0001716971344154726,0,0.0012565603453082354,0.9015746711762671,0,9.195928469079587e-05,0.9075399203580197,0,0.0057959695648362244,0.6843754511366557
5000,0.1,26,0.0013963409663624085,0,0.005068615435374916,0.6180703911215271,0,0.00013407446956312612,0.13851396136569416,0,0.009654868704403404,0.5005702838275287
5000,0.1,27,0.0014505298487844577,0,-0.011169662809394944,0.2754999966851226,0,-0.0010770917828506557,0.8293143203619516,0,-0.01746844560463985,0.21756248983283494
5000,0.1,28,0.0015922225096716717,0,0.006027787415938138,0.5596939654061062,0,0.0004462473858296233,0.3137955862515872,0,0.005531845465804899,0.7020029094256267
5000,0.1,29,0.00032115175521225237,0,0.004731576254972476,0.6454114875072938,0,0.0006684397252421223,0.731702357929781,0,-0.0015295131980238002,0.9149162200231675
5000,0.1,30,0.0007768504931906735,0,-0.016113771656086014,0.10671534389666269,0,-0.0021166803484492388,0.4112032730154489,0,-0.020465838841643526,0.15924242727602353
5000,0.1,31,0.0030637111325670196,0,-0.013705546818853592,0.16661822612986582,0,-0.0013139636694709453,0.8474853743444083,0,-0.0029546263389014487,0.8359972315475835
5000,0.1,32,0.0013653255173466906,0,0.008000685524305048,0.41263121741375086,0,0.0019868134776005165,0.48953100203764577,0,-0.012146513612600152,0.38448286485465855
5000,0.1,33,0.0011545455660808507,0,-0.008945481966948018,0.3762923348258639,0,-0.000520706080047763,0.05224080146323218,0,-0.008938678553746762,0.5250977723967433
5000,0.1,34,0.0010431555752082554,0,0.006454280374776404,0.5321831867820922,0,0.0007498593428932787,0.20794773940419242,0,-0.0029964333138858706,0.8329026833587884
5000,0.1,35,0.002193618356815636,0,-0.008046014088748816,0.4277852126153485,0,-0.0010597935310780427,0.31544556878595864,0,-0.02138514036211561,0.13238643365685857
5000,0.1,36,0.000464037228964518,0,-0.017182263718906597,0.08590933220378157,1,-0.0020804596493080637,0.04363770449646165,0,-0.007295738137929143,0.6059974372161974
5000,0.1,37,0.0014843948919729519,1,0.02173408794188469,0.03057851419055495,0,0.0020263675946891146,0.8944919159714985,0,0.006292930391143528,0.657706949249982
5000,0.1,38,0.0010893475399984863,0,-0.005857656967128761,0.5485952436387858,0,-0.0009658821933757307,0.41893100867940625,0,-9.913607169068951e-05,0.9943476361229056
5000,0.1,39,0.0007549669707644355,0,-0.011904665135403562,0.24782623277645396,1,-0.00012798685732221348,0.021379441126498477,0,-0.007484214212075699,0.6037238365870822
5000,0.1,40,0.0026901608334275453,0,0.01873039757123792,0.0576849151994085,0,0.0011789654435937092,0.17436437113651837,0,0.00863129151678602,0.5507183661837842
5000,0.1,41,0.0016889038378367172,1,-0.02613110385348999,0.008326069188945304,0,-0.001683508860990967,0.20719385456034,1,-0.03601385748102511,0.009916282053574052
5000,0.1,42,0.0023077775013122482,0,-0.0098316385243702,0.3374966745602278,0,-0.0003918756930113483,0.907860120673379,0,-0.024536066141084015,0.0852804163248274
5000,0.1,43,0.0018847184647934158,0,0.0014192531704332245,0.8858496517725352,0,0.0003928943936039321,0.9903013651431493,0,0.021774589670937018,0.12135384548596581
5000,0.1,44,0.002734118885992404,0,-0.011311063080344533,0.257873657828059,0,-0.0008412231662198466,0.7090324067242102,0,-0.013960126648541283,0.3059614267489367
5000,0.1,45,0.002396698249463527,1,-0.021855844534815268,0.030368567633750235,0,-0.0019116261922997478,0.43401431071745034,0,-0.0026463780172700825,0.8551740683436332
5000,0.1,46,0.002678953458403103,0,-0.0018613826463410102,0.8470990037747133,0,-0.0013400539312250369,0.3628829422512615,0,-0.0027248330160872976,0.8438699469973263
5000,0.1,47,0.003241654809399861,0,0.0021328345895991045,0.8261200973268137,0,-1.9376390758522943e-05,0.10475717549920349,0,-0.0016920865156883269,0.9013491325428851
5000,0.1,48,0.002987750618472617,0,0.002237885482183148,0.8233581810837286,0,0.0003186506336158663,0.17130503774804673,0,0.0053763281933720715,0.7005765000590575
5000,0.1,49,0.005842140263235164,0,0.002546708617188259,0.8053625236749106,0,0.0007652306755289444,0.18132628190881372,0,0.005963553765120678,0.6791100549865872
5000,0.1,50,0.0018905854039631578,0,-0.012954335627600068,0.19349390597249516,1,-0.000356723981876928,0.021509087636768065,0,-0.00016906694166492502,0.9904159518031379
5000,0.1,51,0.003855317188459282,0,0.0016435293452340708,0.8662019450387084,0,-0.000855908121380662,0.5585276725905445,0,0.009953619929197417,0.4792635860613571
5000,0.1,52,0.002977081368631273,0,-0.009886066465678398,0.3394755649566422,0,-3.761970735266698e-05,0.5437958924929398,0,0.0018384528443917561,0.8974930567385004
5000,0.1,53,0.0018432123797086399,0,0.0008289770317904104,0.9340157175708277,0,-0.0008065350340012838,0.0662337651212963,0,-0.011817801858279893,0.4024647328035985
5000,0.1,54,0.004244267449496882,0,-0.008234060437223458,0.41119665444644726,0,-0.00033936370185727463,0.40925859456699454,0,-0.005763623780603773,0.686445982042039
5000,0.1,55,0.0009012915182748915,0,-0.012604730796130038,0.21771447470735272,0,-0.001173460267394921,0.9982301893625389,0,-0.01570691516735371,0.26807874380785485
5000,0.1,56,0.0003053759736111777,0,0.00017590416513659987,0.9863202361878418,0,-0.0005123338238112245,0.39355020864157575,0,0.003987276373678775,0.7840394505237307
5000,0.1,57,0.0013227301449481026,0,0.0015047676813361526,0.880767156725121,0,0.0008452113251747242,0.07313066970769244,0,-0.020243537995840763,0.15085398181860096
5000,0.1,58,0.0038153791975648384,0,0.0100393804485689,0.31453964243116367,0,0.0017442972495363659,0.16102226072620074,0,-0.003387794951457669,0.8087036018236164
5000,0.1,59,0.002986553262324186,1,-0.022291583423805734,0.02638911132065978,0,-0.001748756841580513,0.6585939066503019,0,-0.02224704244566578,0.11434273422766043
5000,0.1,60,0.003525961334083267,0,-0.0024162023791306038,0.8045680806016005,0,-0.0003231666039642639,0.793898765302515,0,0.004378289859773569,0.7515224616630348
5000,0.1,61,0.0011826038153906137,0,-0.01630889152989731,0.11136077526855731,0,-0.00047034391303089467,0.4237181372041863,1,-0.028657353470156244,0.04488035587981404
5000,0.1,62,0.0024130974379480592,0,-0.0064855536870260634,0.5272561858148086,0,-0.0002096704727159366,0.7601025171426006,0,-0.018500621251714807,0.19778248632046447
5000,0.1,63,0.0017664884881424968,0,-0.014922914650002757,0.1352368937580828,0,-0.0019615917135957293,0.2752671590156842,0,-0.015108655241282506,0.2769361822536555
5000,0.1,64,0.0019176622107535308,1,0.0324580531372483,0.0013661623123633043,0,0.002452449638554626,0.3352155307223528,1,0.031544941332126014,0.02746570014378731
5000,0.1,65,0.002422812583669902,0,-0.003032226425569594,0.7662635346684264,0,-0.0004185835662651865,0.08721862398200875,0,-0.003902154310264188,0.7841269543205858
5000,0.1,66,0.0027742378950207265,0,0.007209684577778061,0.46798032554551305,0,0.0012273539745661056,0.9394534677295587,0,0.004650969380324711,0.7373171399147725
5000,0.1,67,0.00037439707411651273,0,-0.0007102907467046084,0.9438473850690161,0,-0.0007760958311883291,0.20750704052846658,0,-0.008783537535890036,0.5395571343088045
5000,0.1,68,0.0011808392298696814,0,0.007823261952026934,0.4289189223452896,0,0.0010122804291702626,0.797971613714765,0,0.0048439507496746345,0.732195970926979
5000,0.1,69,0.0010086256795212405,0,-0.004100964548913894,0.6865268297762435,0,-0.0006504243367880511,0.41177063113482304,0,-0.01891917265416104,0.19999808166503585
5000,0.1,70,0.0034718671796469653,0,0.00518566015943817,0.6074916091649469,0,0.0007723842433969268,0.9970179411504748,0,0.013331250572745926,0.3482482387915127
5000,0.1,71,0.0011126094651688152,0,0.010568378467347709,0.27968125384344905,0,0.0014769736072296879,0.9501573545913986,0,0.024608710219096965,0.08064335403817983
5000,0.1,72,0.0008426489971925466,0,0.0004719639836736052,0.961926143099709,0,-0.0010273332185122195,0.35262358514391534,0,0.0013641147826882385,0.9228395924447548
5000,0.1,73,0.0006260038296096266,0,0.014071820585516433,0.16522390421456237,0,0.0016828727774984517,0.7331983378268272,0,0.004989098336920062,0.7293321759405461
5000,0.1,74,0.0017910590132917115,0,0.0037249086996245947,0.7176765188961587,0,0.0006339411081909787,0.6631311580401711,0,-0.015737848987457434,0.26824302136459816
5000,0.1,75,0.0015007933211807613,0,-0.00321856072114421,0.7439662089091532,0,-0.0013903952893148986,0.08643648060631703,0,-0.007958472400501054,0.564543541461082
5000,0.1,76,0.0013401327134262763,0,0.0009612294572146859,0.9234126664945425,0,-0.0006690002118868128,0.9935017744965866,0,-0.001393197022030188,0.9206691158658522
5000,0.1,77,0.003818709568220937,0,-0.013793146030286238,0.15240641102216687,0,-0.0008735240192122443,0.9264008613209782,0,-0.02646928684966133,0.05260063996126552
5000,0.1,78,0.0015469367224791228,0,-0.013330498700558335,0.16682894393824582,0,-0.0010742299329986062,0.6794158193445404,0,-0.006903035752293375,0.6125462763550709
5000,0.1,79,0.0016907862310557929,0,0.008823505500033267,0.37215628316151894,0,0.0013555261040966598,0.6945256957391635,0,0.002094008046924197,0.8789350813150686
5000,0.1,80,0.0028314131570636764,0,-0.007281278089907468,0.4656908908160883,0,-0.0010037223432494457,0.6990487585504365,0,-0.013921006641949153,0.3295350324335963
5000,0.1,81,0.0013968119914736098,0,-0.010963144535481004,0.2768447356448959,0,-0.0002645946479519613,0.28315903049627633,0,-0.0029280203250692857,0.8377573001389129
5000,0.1,82,0.005310978046248144,0,0.009124134406109503,0.3555328931175704,0,0.001120829707524742,0.5321044648556332,0,0.012141180531301846,0.379108804775418
5000,0.1,83,0.0011381847466351723,0,-0.0014214128973866562,0.8836562018975063,0,0.00012661086279478373,0.6554889607078033,0,-0.0014332385920102914,0.9166769754186156
5000,0.1,84,0.002287944250955684,0,-0.01135551894590011,0.24624584315475748,0,-0.0009550042179062989,0.6614133955975556,0,-0.011948875170961729,0.38148437654994727
5000,0.1,85,0.0011485835676570651,0,0.008934233237095645,0.3803929725227666,0,0.0007202319429638204,0.5861760286946873,0,0.0233378445194309,0.10192228405699116
5000,0.1,86,0.0007741241906762515,0,0.010616641488505942,0.2720160322858222,0,8.134398397937076e-05,0.5796140323012617,0,0.020650667335531003,0.1319939836270614
5000,0.1,87,0.003333126102181366,0,0.014625529172634294,0.1512768552846259,0,0.0014718386927409528,0.3496318690596567,1,0.03378076571509201,0.01671340877629643
5000,0.1,88,0.0009979135086848833,0,0.0033840446851816173,0.737923575525357,0,0.0002756932534205936,0.13714122515871552,0,0.003134951246477592,0.82794577125904
5000,0.1,89,0.0020453626187854996,0,0.007768220015286901,0.4460744693491768,0,0.0001618189393290277,0.46316045275437356,0,0.011340547141384208,0.4106234779313436
5000,0.1,90,0.0015670044532348109,0,-0.0034138580440913877,0.7306153762913621,0,-0.0005330326696121901,0.3722459037608363,0,-0.017103900960065026,0.20943171602782717
5000,0.1,91,0.0010878697029738564,0,-0.006489016079615968,0.5255515408098057,0,-0.0014609898966462676,0.8317394609298137,0,-0.01252710919827865,0.3786688365342341
5000,0.1,92,0.0006812707421282404,0,-0.0024620138055736597,0.7969037976643332,0,-0.00047258638858247863,0.4645724827858999,0,0.007023583946144723,0.6119998873183173
5000,0.1,93,0.0010947044088518315,0,-0.002279162159433139,0.8230347282716333,0,-2.4666379993996552e-05,0.6945731037574486,0,0.0059219218996130795,0.6785041381180896
5000,0.1,94,0.001750020756317974,0,-0.002959223267425523,0.7663553555413536,0,0.0006994134182198196,0.46562487023433274,0,-0.00483866701238576,0.7374188922438432
5000,0.1,95,0.0015451905625196375,0,-0.0137435297422181,0.16300697131482347,0,-0.0006894674340661386,0.3464495335801592,0,-0.0035393650957062928,0.8005826824834734
5000,0.1,96,0.001958747692729116,0,-0.01571046302034205,0.11989011353004961,0,-0.0019295661789720368,0.7041786344985428,0,-0.004239669149273204,0.7596197652475916
5000,0.1,97,0.0017741113179460342,0,0.006843589177785309,0.5092780288379455,0,0.0006644795317455639,0.9113794061193591,0,0.0028782964962880842,0.8410202024371446
5000,0.1,98,0.0024403736127569494,0,0.006514363148942405,0.5171985425665054,0,0.000564957062069901,0.5500193743556567,0,-0.011635134317267806,0.4148561987667627
5000,0.1,99,0.004090982565143265,0,-0.005810598664604823,0.5518443721346511,0,-0.0002677182881436546,0.6765999932704307,0,-0.008962994855080491,0.51917794352266
5000,0.1,100,0.0016400290684138845,0,0.012563928050460797,0.20602449085436267,0,0.0022862559032340896,0.3778187663153203,0,0.014109639641279228,0.31098097769990674
5000,0.1,101,0.001862785158077761,0,-0.0013037610000442876,0.8950719731611672,0,0.0004443662016983827,0.8808279674900534,0,-0.006443008976696545,0.645443809676369
5000,0.1,102,0.0029459438105751234,0,-0.008812561088393473,0.3533333141567423,0,-0.00019081361353461267,0.9975989339290305,0,-0.012717987567172696,0.35653431983320694
5000,0.1,103,0.0009324986088647463,0,-0.017416980796219422,0.0831198371103998,0,-0.0022772385668297446,0.3357761984519474,0,0.0021114806948388225,0.8799250092567902
5000,0.1,104,0.0007894555890916082,0,0.015915865796044912,0.11365450236470655,0,0.0014465743369234123,0.31367035820879474,0,0.011504850968290856,0.4137846062345166
5000,0.1,105,0.002466647625600281,0,0.005807158226662896,0.5622345805471906,0,0.0009120203103792371,0.5455940856674775,1,0.030985335546595064,0.026981340859517904
5000,0.1,106,0.001166750716757113,0,0.003874111735381153,0.7034259530229765,0,-0.0004143077025535946,0.7115965005836433,0,0.001670639349864022,0.9066952100338372
5000,0.1,107,0.0014962430011582594,0,0.010112886202171625,0.3179592547088583,0,0.0010899853466927632,0.9593147961385668,0,0.005888036793175871,0.6850967600641089
5000,0.1,108,0.002034259608061902,0,-0.0008591745036915452,0.9335979422509562,0,7.429890979040565e-05,0.5422609877173286,0,-0.015512847413747822,0.28541214208200943
5000,0.1,109,0.0025984022475067483,1,-0.021355210686891234,0.033780723141556585,0,-0.0018235839398594359,0.8537899003749645,0,-0.017440961059703396,0.21360768632587446
5000,0.1,110,0.0008610591977649115,0,-0.0030298911874484637,0.7604390044145022,1,0.0004854311856302574,0.0157723623448911,0,-0.0025603346545483123,0.8543768576492083
5000,0.1,111,0.0019986490972597076,0,0.008725005367658772,0.38144240517663797,0,0.0008039919415950704,0.947573064195624,0,0.00750219922595106,0.6018736505489204
5000,0.1,112,0.0016369323360457403,0,-0.011808091577075573,0.2524391043254089,0,-0.0017890340646544885,0.6524615082791267,0,-0.00019326354082181262,0.9891391678758045
5000,0.1,113,0.0011362034593103282,0,0.006165273682485433,0.5338581586206754,0,0.00020747517154356084,0.13642969405851346,0,0.012880825374792269,0.3667405859861458
5000,0.1,114,0.0008023440061377172,0,0.00439586405536602,0.6563625389622534,0,-0.0004050067714907012,0.6615768119315492,0,-0.003854053058101,0.7915157556053681
5000,0.1,115,0.0018493199709570915,0,-0.0003172665137195214,0.9748815945476881,0,0.00043261258249198485,0.8881385477654253,0,0.003477186310040027,0.8054165965833886
5000,0.1,116,0.0009837469158066547,0,0.00010796746264862649,0.9914571517853784,0,0.0003713976040075462,0.15673386125552957,0,-0.01487216690862681,0.29659455685613634
5000,0.1,117,0.0008412203373668709,0,0.014583906238834285,0.14331099094183852,1,0.0013502706667122024,0.04347104974788629,0,0.027680196438043467,0.05110497341077954
5000,0.1,118,0.0025736528395005768,0,0.004912594726128192,0.6350033153668204,0,-0.00022395965805030977,0.14992767061641876,0,-0.021659364253647638,0.13927509477613467
5000,0.1,119,7.635389373907986e-05,0,-0.006561742220391015,0.5290727942230918,0,-0.0005337964133422674,0.7544774227359754,0,-0.023072466839263277,0.11285931783036411
5000,0.1,120,0.0018880746827304024,0,0.000886922114270896,0.9248344356901209,0,0.0003726912039937598,0.6617395653871907,0,-0.009527672278524725,0.4938876844175415
5000,0.1,121,0.0006727893602054008,0,-0.009612560205115006,0.3484072505560426,0,-0.0008611816034768305,0.8930522137985186,0,-0.024113924261141773,0.08876410699525981
5000,0.1,122,0.005746840912673265,0,0.0026807075601917793,0.7798297673962477,0,0.0007430150609791598,0.9118743420823864,0,0.0046527331605706315,0.7341895723109247
5000,0.1,123,0.0020429924441709322,0,-0.005163729192477338,0.6043964922354141,0,-0.00042298887231302667,0.23156960989005426,0,0.00824078459864575,0.5523317452019694
5000,0.1,124,0.004015551936523455,0,0.0070110383168934445,0.49384338010914186,0,0.00029611404664983346,0.39264959842318703,0,0.025867612215354524,0.07539522133289832
5000,0.1,125,0.0014939804052720865,0,0.0013924488434968836,0.8892146020749443,0,0.00039257471423729856,0.16648492021685324,0,0.0005254091377441107,0.970421522264173
5000,0.1,126,0.001266452840570008,0,0.013284083222901916,0.1830435605852626,0,0.0011753777992207475,0.9742581922009074,0,0.006299472647454977,0.6563147757268699
5000,0.1,127,0.0010600757784431465,1,-0.0225627783707319,0.02602727640042339,0,-0.0017982148062701804,0.3766691319518545,0,-0.02727209947765969,0.054793051075519024
5000,0.1,128,0.0021058821363056086,0,-0.0008194637918644658,0.9342774099704536,0,-0.00037196632951097433,0.7963891371487908,0,-0.012627457913002174,0.3681952579145008
5000,0.1,129,0.0009794441707623846,0,0.017551058194758395,0.08476068221913635,0,0.0011299901893848357,0.916097638222903,1,0.028901916187974965,0.041611970806008806
5000,0.1,130,0.00029520171179456446,0,-0.002480912096497544,0.8040395975360308,0,0.0008716904787748502,0.6887669764732429,0,0.011329166712605506,0.42142947363151195
5000,0.1,131,0.002092952335291127,0,-0.010505519660141904,0.2886759064258313,0,-0.001296414535662362,0.134717836793814,0,-0.009665917704414037,0.48963430816971454
5000,0.1,132,0.0023397838850259477,1,0.022067925113566464,0.030900135552030143,0,0.0014328139755286845,0.9384087217950527,0,0.00997163388310932,0.4791702129420645
5000,0.1,133,0.0012250293462819904,0,0.009455327558758282,0.3405368323630664,0,0.0007450513143670188,0.14674139992253765,0,0.024478881806220633,0.08482838987047858
5000,0.1,134,0.0024444181163496147,0,-0.01706558581823323,0.08940977266710168,0,-0.00037692589307038583,0.3170371820873906,0,-0.012835101812507878,0.3676102355613652
5000,0.1,135,0.0013647388729505071,0,0.003664101410138618,0.7082962793149816,1,-0.00016473721059528156,0.03812059776795007,0,-0.0032315031201064276,0.8145968211236989
5000,0.1,136,0.004775160203869365,0,0.0005139982761007498,0.9601324729074268,0,0.00036225336672431085,0.29938778973167945,0,-0.003427773762779312,0.8132223598008865
5000,0.1,137,0.0019090943632142368,0,0.00726277257426343,0.47557782080098254,0,-0.0002385253935762464,0.7247413958380102,0,0.013109864024176542,0.3578686214076888
5000,0.1,138,0.003936105779341541,0,-0.0029247287970676668,0.7689799358792155,1,6.000781171087074e-05,0.02812465010725551,0,-0.005305456097108762,0.7019480508035305
5000,0.1,139,0.0030264802498785703,0,-0.01403441084122317,0.16578723826328395,0,-0.0008476321006124684,0.6405452235329647,0,-0.003063021575257186,0.829307217926321
5000,0.1,140,0.001351817149476768,0,-0.009016528594587906,0.333307909950213,0,-0.0006669559935846497,0.5902983236956956,0,-0.007252766569027264,0.5936146217340406
5000,0.1,141,0.0029863591290005846,1,-0.027184340307609724,0.00728666079411546,0,-0.002305459199368818,0.6355363037719999,1,-0.051519713443747076,0.0003447390915925804
5000,0.1,142,0.0022209613851402223,0,-0.0009928802216345048,0.9188593763718664,0,-0.0003241948565080911,0.0603765775818319,0,-0.00026373728057591667,0.9848509193776831
5000,0.1,143,0.0004119144612425098,0,-0.0006542691159050849,0.9487505793107827,0,0.00019768109295063122,0.37794178279587953,0,0.009989032878076055,0.49147065470391704
5000,0.1,144,0.0018485394084934766,0,0.006685959357316884,0.5102728565014588,0,9.380590622541363e-05,0.8416105865673174,0,0.002442009552748476,0.8642804485737677
5000,0.1,145,0.00016013848024487524,0,0.006017113135726991,0.5488349691260106,0,0.00038995111847747006,0.1801471985436338,0,-0.015141808154556392,0.28720595775612656
5000,0.1,146,0.004595106970732948,0,-0.0033704279513105157,0.7418989613507789,0,9.657329808686759e-05,0.6076140988087049,0,-0.004695912009458594,0.7408532391728688
5000,0.1,147,0.0014995287950887956,0,0.011451597900778075,0.25409908127457775,0,0.0011623724530816272,0.5134588944736617,0,0.02498210175799234,0.07707820651637616
5000,0.1,148,0.0013563497917753891,0,-0.008576753371753803,0.3792543502282838,0,0.00028540724815913446,0.7933388829047698,0,-0.026849993458759328,0.0527191080090348
5000,0.1,149,0.00046119998800069246,0,0.01562819834240675,0.10854390232802648,0,0.000905335379857546,0.36640160005068423,0,0.023637391327507865,0.0879639193462251
5000,0.1,150,0.0018745116508490733,0,0.012685315748754365,0.21486679140745166,0,0.002545890534364232,0.6228010145965662,0,-0.0019450347074508175,0.8942399084529284
5000,0.1,151,0.0014352471110867689,0,-0.011878868982467245,0.23923425422934352,0,-0.001994661116871796,0.8724251878243658,1,-0.02990039751779991,0.036086370264327816
5000,0.1,152,0.0007340417911991942,0,-0.010509760458103895,0.2795037667262599,0,-0.0011809818227074829,0.7316919443683949,0,-0.011680789832123149,0.40059681023274896
5000,0.1,153,0.0013390150398368385,0,0.0014853346932017838,0.8801899456077189,0,0.0007403388316984471,0.2723429866702678,0,0.021088319546477427,0.12914700782270114
5000,0.1,154,0.003879185614754001,0,0.018395986884410083,0.0663802643046071,0,0.0008752165855077286,0.09828967997020721,0,0.01323189361563648,0.3499289650753138
5000,0.1,155,0.001161469409699652,0,-0.010449420717576976,0.2833163177750652,0,-0.0016120757631814056,0.7324019031023031,0,-0.00801066265442331,0.5574461044324184
5000,0.1,156,0.0007109987866378753,0,-0.014160282803716739,0.154127373867941,0,-0.0008615105600432298,0.17956237414719634,1,-0.02931761568336995,0.03328481617611666
5000,0.1,157,0.0013782103193642208,1,-0.02459908465714296,0.013686632419192948,0,-0.0017306663923331597,0.09179992667951842,1,-0.03445728021762545,0.014452128127468742
5000,0.1,158,0.00034276104217333944,0,-0.007581458361189729,0.4409187375759305,0,8.20108320852041e-06,0.41632889684133123,0,-0.009170037624320074,0.5119051181623971
5000,0.1,159,0.003000402265544312,0,-0.0045841451670007045,0.6354346123500791,0,-0.0007847245702503018,0.7733508228624957,0,0.009218608546437752,0.5042707808181874
5000,0.1,160,0.00026694925547260634,0,0.0027170197563942677,0.7881041749809391,0,-0.00047635085712924383,0.4055925705533263,0,0.003994242212916473,0.7823154891850704
5000,0.1,161,0.0017310916386908844,0,-0.016864240380190337,0.08808744081811481,0,-0.0010584871319269816,0.6839380553866701,1,-0.03044789178707183,0.030026423753451454
5000,0.1,162,0.0027954474973576333,0,0.008509577266010692,0.39228293573888895,0,0.0009703605573635608,0.9886410440566986,0,-0.0001248840141065445,0.9928352186847702
5000,0.1,163,0.002203765561467922,0,-0.0020437441714360742,0.8350743665055969,0,0.00023869555364361506,0.19612982269236978,0,-0.0025617419311112317,0.8520732909707059
5000,0.1,164,0.0026208038291138614,0,-0.009932108735628395,0.31570798917169973,0,-0.001574572382951526,0.05973347933448636,0,-0.010205185758370369,0.47192371711436243
5000,0.1,165,0.0011882820310439438,0,-0.016026463963268664,0.10724306046157768,0,-0.0011765934159157104,0.34684582184479984,0,-0.004192737292149723,0.7698763677889013
5000,0.1,166,0.0019088868661596983,0,0.007709252216991593,0.4238754270687729,0,0.0005805801615544215,0.18986670942307637,0,0.003798381978306311,0.7834863333966984
5000,0.1,167,0.002138154441741844,0,0.013798784287795829,0.18501027542680065,0,0.0008314920052387496,0.3578645216141043,0,0.0031485838696100766,0.8232693833857221
5000,0.1,168,0.003910404229721394,0,0.01369300868480031,0.16007627266381336,0,0.00026562000642201114,0.18364748770472206,0,0.006015195368152896,0.6632489246024622
5000,0.1,169,0.0006755952722808965,0,0.003297956050643439,0.7439306813821445,0,-3.285883486435054e-05,0.0959266202552681,0,0.0032706329692597114,0.8219658324476617
5000,0.1,170,0.00018025886770531408,0,-0.015764913443383367,0.1096960662828488,0,-0.001184294728921528,0.900982477351725,0,-0.01862560680435877,0.19098974339752461
5000,0.1,171,0.00350692903273096,0,-0.00222348482305663,0.82387367854808,0,-0.0007066212002775328,0.4435323214535555,0,-0.014426866563193086,0.29892846561041536
5000,0.1,172,0.0009688321605601159,0,-0.007091474279588743,0.4877762098658285,0,-0.0009073892378123195,0.47323103048587845,0,-0.014001071265857637,0.33972163194480065
5000,0.1,173,0.0009053105142439265,0,0.002557760202124001,0.7993057977618934,0,-0.00015889344390014322,0.5912036257147227,0,-0.007265793613157324,0.6073176282819387
5000,0.1,174,0.0005161498728225898,0,-0.010908811731906554,0.26370274971997193,0,-0.0009447500629659671,0.5696817895926083,0,-0.008538007168248485,0.5350697396033711
5000,0.1,175,0.0005919315042332867,0,0.004970754092908713,0.6122785196213757,0,0.0002196617524816466,0.30705798955403996,0,0.01954879053567565,0.15574526888369633
5000,0.1,176,0.0015019682210071343,0,0.008562872070254652,0.38565014564410527,0,0.00025484466486089936,0.4662692703898599,0,0.009358249582783078,0.5095422655096336
5000,0.1,177,0.001765912093663969,0,-0.003059881356884999,0.75507688594285,0,-0.00042536156797351156,0.12000241014473845,0,0.007745728136426638,0.5719432333573903
5000,0.1,178,0.003152629764072092,0,0.013904930089489766,0.16600205646097496,0,0.0016556634449325922,0.8839995564049374,0,0.014998618252316858,0.2765927326242667
5000,0.1,179,0.002617216635660536,0,0.010935088732038767,0.28259507938458367,0,0.0017873579288879456,0.9716190584707493,0,-0.0028791789582423843,0.8422566568129686
5000,0.1,180,0.004248456411830812,0,0.00889155382091343,0.36146891914173884,0,-0.00036719958882301337,0.2023067722333337,0,-0.003724256497282094,0.7890244923858798
5000,0.1,181,0.0005851680000912406,0,0.006392853495534411,0.5239491919792048,0,0.0010111857654274588,0.9466966229749102,0,-0.007170821236522525,0.618489712180454
5000,0.1,182,0.0009634968963453589,1,0.022577519947405287,0.023095020837548264,0,0.0017757825620640874,0.3115956956144801,0,0.025069613485701147,0.07544264919253116
5000,0.1,183,0.0004940161643660079,0,0.006363882357635786,0.5314517956636164,0,0.0014738919842335212,0.8374860254262447,0,0.011567858272786807,0.4277473596603719
5000,0.1,184,3.751624518684687e-05,0,0.0034387835908695715,0.7311751146195855,0,0.0004126175510991092,0.9387590734399626,0,0.008223227464494252,0.5619110573226171
5000,0.1,185,0.0023375705076233945,0,0.013632560409204873,0.16721667186299835,0,0.0010999737157706975,0.5679929078345209,0,0.02454580182488295,0.08304237946038437
5000,0.1,186,0.0009690958389673342,0,-0.00953368435488329,0.33364107756388495,0,-4.9001925606955916e-05,0.2774291689214152,1,-0.031001620920430774,0.02503053734608391
5000,0.1,187,0.0012548137789909117,0,0.0015207799683505446,0.879970430514626,0,0.00019423429767475745,0.25250699403893595,0,-0.016090587958567003,0.23996099017612604
5000,0.1,188,0.0007215779054597357,0,-0.003012107729121331,0.7605297804124298,0,0.0004683720022689431,0.9357526911729651,0,-0.0005500019025842656,0.9682574609800048
5000,0.1,189,0.00380464170480193,0,0.004912236630111477,0.62685005289721,0,0.00031873077235420477,0.08517576266298654,0,0.021652021738870302,0.13086507379594403
5000,0.1,190,0.0014218301910681908,0,-0.008645941028236608,0.38189734734129277,0,-0.0009303129584519555,0.42347481701208056,0,-0.00010583482088660778,0.9939397574528895
5000,0.1,191,0.0011376461820114003,0,-0.0020288543507212776,0.838072083889863,0,0.00025533670101704037,0.1327815775912875,0,0.008334316697063903,0.5576844022073751
5000,0.1,192,0.0028750578163366713,0,-0.009378649244108073,0.34780996656130636,0,-0.0008395305372833794,0.872515808697896,0,-0.02008472220663679,0.14989104679458531
5000,0.1,193,0.0010521250968622239,0,0.007344765917751482,0.46552447934518115,0,0.0009213236303535817,0.08549651646645717,0,0.005214496040870938,0.716831356128804
5000,0.1,194,0.0009319899823945232,0,0.0013236017813035314,0.8941736537723348,0,0.0012810206414929767,0.5426235292753222,0,0.003016515181052201,0.8284349256321364
5000,0.1,195,0.004849971915938342,0,-0.002735264193034594,0.7820807645813659,0,0.00012701867836082114,0.7887191841589462,0,-0.020358052855003007,0.14151159824437284
5000,0.1,196,0.0011292611502257566,0,0.00947371208250339,0.3393763056610609,0,0.0010541208794121854,0.48215165743445065,0,0.009834251822751642,0.4852975526369264
5000,0.1,197,0.0014939866513687743,0,-0.01229899015739553,0.21659513667251676,0,-0.0016441860092864973,0.10003025618127881,0,-0.018144945025983995,0.1957840621268186
5000,0.1,198,0.0012006517267469249,0,0.010132079776580847,0.30979128474256906,0,0.0017642477976285687,0.44329931372345843,0,0.017277223840158833,0.2194034311066996
5000,0.1,199,0.0014658438335516126,0,-0.012329358467180423,0.21499572422409452,0,-0.0014005572242778786,0.9307942695022564,0,-0.01508081637990909,0.2808802737488202
10000,-0.1,0,0.004060433069396465,0,-0.0077119819974322545,0.2766981823088,0,-0.0003243842354406352,0.29460479444709,0,-0.002624460969493269,0.7948637245905733
10000,-0.1,1,0.0027232164947883796,0,0.003240987540101902,0.6460823523002679,0,0.00010846981054795174,0.7065363004281244,0,-0.004059353018788258,0.6873659510721377
10000,-0.1,2,0.0033500519451768822,0,-0.007798857141996185,0.266671918043907,0,-0.00011590329759848406,0.27151066138295255,0,-0.010792080625250383,0.27358124843417847
10000,-0.1,3,0.005383729506831343,0,0.005464926994907233,0.43659658607512075,0,0.0008777288412253169,0.08087954768566252,0,0.004837401773335286,0.6271000493524714
10000,-0.1,4,0.005263661527403846,0,-0.0033671568112156203,0.6316802985778789,0,-0.00038387925241524924,0.6510975183058687,0,-0.008086736573871985,0.41331010344561114
10000,-0.1,5,0.005055643988556831,0,-0.006028321509546521,0.3932653249967869,0,-0.0006630810777567726,0.3690826381777985,0,-0.0051697552604165475,0.5983933227512324
10000,-0.1,6,0.004013582191399839,0,-0.004976785053998317,0.4837312412827508,0,-0.00037763699537283005,0.44842353592199213,0,-0.009547355232200159,0.33947781880471384
10000,-0.1,7,0.004606933107462977,0,0.001880415894860681,0.7849766556821398,0,0.00020383534480685627,0.88622688575102,0,-0.0013043387986181611,0.8941337548944266
10000,-0.1,8,0.003430577929627827,0,0.0041204572929163,0.5650997278167449,0,-0.00015128156067530836,0.5469750359542154,0,-0.007736771624376329,0.43815134779142584
10000,-0.1,9,0.004055490464689093,0,-0.00665317259401978,0.33597476435189955,0,-0.00029703876870044467,0.43540118395391025,0,-0.00662945284894835,0.49372453355282175
10000,-0.1,10,0.002855500862240543,0,-0.004987952950680703,0.47098295727384487,0,-0.0004778693033258962,0.5252828333916912,0,0.00838846330327175,0.39524979200262733
10000,-0.1,11,0.0018548544390571023,0,-0.004516460743023391,0.5265041746904934,1,-0.000998403059083939,0.0417929988860708,0,-0.010482377065280298,0.3019009717893039
10000,-0.1,12,0.0032942979475113075,0,-0.0011991520883813246,0.8669120233388761,0,-0.0004312124595679693,0.7335200510505396,0,-0.007931848500183013,0.4312315660212185
10000,-0.1,13,0.0036411816074652624,0,0.0018335232178610266,0.8007187594244973,0,0.0004478934639840421,0.45107420765927264,0,-0.0006008235111287777,0.9530342345646717
10000,-0.1,14,0.0019752681975032244,0,0.005310641002264524,0.44458803084763787,0,0.0008415905339911723,0.4090413184216338,0,-0.0012300790550690568,0.9002297298066891
10000,-0.1,15,0.0016267666163514124,0,0.0036665155666208917,0.60260771840778,0,2.6369904325232175e-05,0.9867179484194863,0,-0.008067671525805432,0.4146917183489981
10000,-0.1,16,0.002911557212646901,0,0.002728218866913818,0.7051769665492877,0,0.0009788613879968976,0.7113051058789817,0,0.013978888920844042,0.16908858473029537
10000,-0.1,17,0.00469329381065908,0,-0.001980565598760222,0.776968964894329,0,-0.00044172099316039626,0.7394119564643928,0,-0.0018028190902903713,0.8571034366569645
10000,-0.1,18,0.002201980426680869,0,-0.011009197522501494,0.11979757873423065,0,-0.0005279864998873989,0.06151955359413741,0,-0.008009248030951046,0.4204643613238691
10000,-0.1,19,0.0030944247409702883,0,0.0029325916626983966,0.6770500340903379,0,0.0002453341992393192,0.4392449964932321,0,0.008295450870305851,0.401775183440245
10000,-0.1,20,0.0031744748229436516,0,0.012685605590368104,0.0711693672628318,0,0.0005033045772804503,0.3010287233953435,0,0.00044026860248641986,0.9643903131492986
10000,-0.1,21,0.003122846592552771,0,-0.008758955990701499,0.2100420009376227,0,-0.0003197578538653958,0.7402091748472897,0,-0.0011817977985354184,0.9060827457400986
10000,-0.1,22,0.0024708874254685403,0,0.007453805058350818,0.29094650405688277,1,0.0003889884896904622,0.0022215564652596775,0,0.0112045161331915,0.25866977868853047
10000,-0.1,23,0.003368030042138774,0,0.004254727430263173,0.5446752345120445,0,0.0006321263125033537,0.31792002764957994,0,0.004182688516324989,0.6788569877694596
10000,-0.1,24,0.006248937662104136,0,-0.0018499569509322195,0.7918266579973733,0,-0.00042368030262231047,0.39104477945407756,0,-0.008666571641577593,0.37731620105789976
10000,-0.1,25,0.0020273698537070844,0,-0.008282331446377661,0.22936455693022545,0,-0.0009112734302205872,0.7594795988460341,1,-0.020305452802442205,0.04373710415237785
10000,-0.1,26,0.002428056926713359,0,0.005237246523782085,0.45403603587258545,0,0.0005135253567701563,0.8303785527049108,0,-0.005810646476165576,0.5634781564224356
10000,-0.1,27,0.0037963327138425917,0,0.001524610202045128,0.8272013062533253,0,0.0009836104274171577,0.5108657042327596,0,-0.00681280189174514,0.49372703449239763
10000,-0.1,28,0.0026625151124811397,0,-0.004817503427770941,0.49192266408267826,0,-0.0003182157126017328,0.3750480080911561,0,-0.001028404016614871,0.9173388732612187
10000,-0.1,29,0.0036659873076192043,0,0.0007838603640418897,0.9128327709661286,0,-0.00024477757412700213,0.26873973898049797,0,0.0017515059900247206,0.8621415499953723
10000,-0.1,30,0.0019385253818943063,0,-0.0009624659980776102,0.8938462631895396,0,-0.00041137688820679297,0.330694829499097,0,0.010411922993868953,0.30411915641839815
10000,-0.1,31,0.004141828378087307,0,0.00219894380062873,0.7489349309880077,0,-0.00010523126023799151,0.793538791816619,0,0.0064433050807351545,0.5089011511855828
10000,-0.1,32,0.002850858169226999,0,-0.004397813648817856,0.5493947458063335,0,-0.0005406436792993399,0.21050789773459566,0,-0.011791365691380463,0.24527456110131665
10000,-0.1,33,0.0024176022117704927,0,0.002037896771882296,0.7696231312261108,0,0.00048331397130428166,0.8792025993700141,0,0.008904547780163604,0.35930108008475603
10000,-0.1,34,0.003954592029824547,0,0.008602741945534984,0.21940318490106284,0,4.7737507802915596e-05,0.9196396395445509,0,0.003982259581407759,0.6879319537784085
10000,-0.1,35,0.002182712744859406,1,0.014790519092136054,0.035798557346404476,0,0.0009628737888723296,0.745198976846994,0,0.010923356001463193,0.27460240903715977
10000,-0.1,36,0.002666521156242991,0,0.0009672901497917914,0.8912454248688974,0,-4.022784055523461e-05,0.6330699570755383,0,0.006106395413260313,0.5447093248164881
10000,-0.1,37,0.0028532454532496075,0,-0.006632068604684071,0.3492151855197342,0,-0.00030291785847343675,0.9817237426198723,0,0.0038180086190236573,0.7008842901248769
10000,-0.1,38,0.002414248603033509,0,-0.005163340308027691,0.4768639570393869,0,-0.0006344682965623323,0.8542692237694366,0,-0.005922499298592995,0.5550696802117518
10000,-0.1,39,0.00191319707225709,0,-0.008608935363489386,0.21932946735625636,0,-0.001003272294697708,0.09737574864399134,0,-0.009378898001452605,0.3468526588976788
10000,-0.1,40,0.0028508358266626684,0,-0.009622725602151836,0.17808827886729747,0,9.07407818518544e-06,0.2896638360687315,0,-0.009705257113997893,0.3322159420329077
10000,-0.1,41,0.005079746942990974,0,0.0037379089987476955,0.5951494188362056,0,2.097442097725194e-05,0.4258478431691173,0,0.014340761322077187,0.14771292633684033
10000,-0.1,42,0.0033241739317713998,0,0.0010526784669028348,0.8814804138776274,0,0.0006317467229924901,0.3936719810644067,0,-0.007950001126225157,0.4337834065808738
10000,-0.1,43,0.005620408449447318,0,0.0027170093027774024,0.7021918372699183,0,0.00015350210074263062,0.18989052469987378,0,0.004437621058067819,0.6567762447228755
10000,-0.1,44,0.0017857804270701308,1,0.014703459318063352,0.03993978628705534,0,0.0011323558465512603,0.2772958908192342,0,0.01198692837929985,0.23657855131375058
10000,-0.1,45,0.0028504662191735073,0,-0.008033217353924028,0.2616894360635064,0,-0.000493317987794132,0.7002196973483888,0,-0.015948011153997604,0.1078271310157803
10000,-0.1,46,0.0021512259119634346,0,-0.001089782210927536,0.8740049297175431,0,-0.00011901545639711213,0.8180330569395845,0,0.00848255416706263,0.38541035361550635
10000,-0.1,47,0.004233130624525085,0,-0.001704153722171549,0.8097962147408441,0,0.00016184544672535078,0.9319915405649946,0,0.001604306788878922,0.8723978900513545
10000,-0.1,48,0.002829793061275709,0,-0.0006498598305530352,0.9264808954119379,0,-3.320934101760017e-05,0.05049386918476684,0,0.0038425127726473755,0.6988834396283644
10000,-0.1,49,0.0025173578430100923,0,0.005352551795988412,0.455155848723658,0,0.0004115984815336976,0.061910067693519144,0,0.004668732309490529,0.6421946781148015
10000,-0.1,50,0.0035204221366903366,0,-0.0060066287508653005,0.3920397136474413,0,-0.00033457707401283863,0.49257098773785246,0,-0.00668956788394034,0.49764984376775245
10000,-0.1,51,0.0023978293867163666,0,-0.00048616147459828616,0.9448362946033759,0,0.00021855778673030032,0.8521257974861227,0,-0.00165964028304625,0.8673779239673524
10000,-0.1,52,0.0018247590833128618,0,0.009116849558775487,0.19183133795534754,0,0.0011708548731111453,0.9742593380988264,0,0.0060229770982832415,0.5432815295686712
10000,-0.1,53,0.0031252697327177627,0,0.004084323941153414,0.5648337138488033,1,8.824857587511256e-05,0.04433698347105275,0,0.003907304106051827,0.6977671081042525
10000,-0.1,54,0.004884458995827427,0,0.009624614125679982,0.17535205935289933,0,0.0010274002439519465,0.697750055255294,0,0.012319843689241498,0.21776410946968522
10000,-0.1,55,0.004672722181342261,0,-0.007260752151972781,0.28563332598739805,0,-0.0008980784941643567,0.4928541498150306,0,-0.014442338324096861,0.14368357945988164
10000,-0.1,56,0.003262484663082612,0,0.010544611709306189,0.12610066917360535,0,0.0008597798834955731,0.43392549784842105,0,0.004569292010708492,0.6417502288307706
10000,-0.1,57,0.003313941568273547,0,0.0023993616145476073,0.7288304740768732,0,-0.0002066733387833064,0.19028501989575708,0,0.011563824769627872,0.24604948752201636
10000,-0.1,58,0.003677291659258665,0,0.0017768773796556824,0.8029991949056194,0,0.0001333559918167893,0.5088559793073819,0,0.004440487337565418,0.6557514552747078
10000,-0.1,59,0.003767492031189916,0,-0.013419321585515802,0.05739275485413373,0,-0.001252128295265807,0.44087761231746714,1,-0.021171507119571328,0.034278996159975886
10000,-0.1,60,0.0037795276083115044,0,-0.009287798055975861,0.1866192984614647,0,-0.001155422922502303,0.5772883559825353,0,0.0023020330224281186,0.8184385711695012
10000,-0.1,61,0.002583260465821787,0,0.002208584166246077,0.7549462398374169,0,-6.055871402911349e-05,0.12676151710350958,0,-0.005965849585040314,0.554799591321659
10000,-0.1,62,0.001614971503134666,0,0.007626918638573179,0.2865697452992728,0,0.0009633657146231765,0.688488215742008,0,0.005090713250228084,0.6119557919831189
10000,-0.1,63,0.0018077246445506498,0,0.007306462530085875,0.3015802530048229,0,0.00044596010687247557,0.7714437879343954,0,0.004669126849848205,0.6382117532612372
10000,-0.1,64,0.003405770112349617,0,0.0035332080181163044,0.6112246924215233,0,4.782080528250687e-05,0.38010023433957474,0,0.0030197126384138144,0.7608668833267211
10000,-0.1,65,0.0022359928600738763,0,-0.010039328347245736,0.1580215037676569,0,-0.0006294209990788157,0.6544241013306296,0,-0.0012371622534665498,0.9005403835677314
10000,-0.1,66,0.0037456917631239345,0,0.007599799993831995,0.2845054898756862,0,0.0005454563829452775,0.8834636522172459,0,0.001852919131215918,0.8524401300056288
10000,-0.1,67,0.0032597812178815216,0,0.0021130412161846127,0.7615603746963259,0,-0.0004360809546769594,0.4472324953682272,0,0.0038483613231998655,0.6973119197683849
10000,-0.1,68,0.0031445512305701044,0,-0.002004411369412873,0.7778531728274187,0,-0.00046772725149817626,0.6848483096429057,0,-0.0020546542397203117,0.8390598741049322
10000,-0.1,69,0.002903559156784116,1,0.01438065036262804,0.04008178415320134,0,0.0010370896816484522,0.2965703366011394,0,0.009446871956857403,0.34315970320104694
10000,-0.1,70,0.0028781214842324193,0,0.008909560915039536,0.206022513376392,0,0.0006286722255122925,0.9733857249591404,0,0.006872353365699347,0.4890001467854721
10000,-0.1,71,0.002231510617038337,0,0.0005121407932889604,0.9427407373828799,0,0.00018500932272296766,0.5446533209169773,0,-0.005881906538116012,0.5594271985857278
10000,-0.1,72,0.004117809156144574,0,-0.0019542383019397094,0.7804694577162251,0,-0.0006244105869791317,0.9830312758653935,0,0.004839597313611863,0.6218915074825869
10000,-0.1,73,0.003602321239912272,0,0.010449805640790575,0.1336554246249937,0,0.0010314437914960871,0.24393945674591988,0,0.0030098252026681547,0.763133097538775
10000,-0.1,74,0.0024311512000670023,0,-0.00187165267360874,0.7889752034217274,0,-0.00023361177658004208,0.8797860041226097,0,-0.0028793817773826273,0.7700365454118344
10000,-0.1,75,0.004070547894105334,0,-0.005310800244326744,0.4501519352539751,0,-0.000597693399355066,0.9795896359117747,0,-0.009322866887316952,0.34797484042292515
10000,-0.1,76,0.0031453488278951752,0,-0.0062746558773500135,0.36609865378636974,0,-0.00031642150900883334,0.7308883871676134,0,-0.0007252304894082824,0.9419087027985638
10000,-0.1,77,0.0019730666491496675,0,-0.004536908397697949,0.5070988617920791,0,-0.0007804976999183891,0.7299613920893582,0,-0.001132784522382647,0.9073232357960862
10000,-0.1,78,0.004482936153624456,0,0.003906270594702911,0.5822098408244111,0,0.00030442854046160503,0.8103727956614412,0,0.00625741980369463,0.5327407052333043
10000,-0.1,79,0.0014183077708741594,0,-0.008287406245999157,0.23252915082682554,0,-0.0002575435271440219,0.9779264843733457,0,-0.007245752736012531,0.460141969508861
10000,-0.1,80,0.0021620947913363786,0,-0.0015600733653176166,0.8157226972396707,1,0.0009032524850504408,0.0026500403826541508,0,-0.0024831088482306033,0.7944165875302721
10000,-0.1,81,0.001974079245514015,0,0.007319843016568271,0.3083415640097086,0,0.0008398822329953373,0.2254621213730983,0,0.007072623105387085,0.4762318415153469
10000,-0.1,82,0.004133332438813588,0,0.0021040776532562635,0.7620122210201848,0,-0.0002929014171035582,0.6082981536237508,0,-0.009189026771532875,0.35818898075951877
10000,-0.1,83,0.0026201917959055984,0,-0.0025414738794061146,0.7193815760646498,0,-7.89165223598616e-05,0.9545803460585081,0,-0.0028463916272058274,0.7728015908677077
10000,-0.1,84,0.005012521563210312,0,-0.0013873693311720124,0.8455982253239319,0,0.00038639848783526354,0.05988527327860382,0,0.0035141779470090543,0.730520100301851
10000,-0.1,85,0.0029155172484764346,0,0.012769416263120172,0.07352483648822047,0,0.00098404638480269,0.9490889900289645,0,0.01799998433266083,0.07465490321309243
10000,-0.1,86,0.0029258230708745425,0,-0.004686543577687569,0.5063401288114864,0,-0.00031184599611400177,0.4126805448504618,0,0.0021176521124963736,0.8318372924358836
10000,-0.1,87,0.002540865484589569,0,0.0061393690743446324,0.3799572066166207,0,0.0003974720804384065,0.5009427895066612,0,0.0016385951287525148,0.8690412657581358
10000,-0.1,88,0.0022210731711338975,0,0.005768340891574952,0.4029328242047676,1,0.00020847998898363427,0.04537958841128931,0,0.003584195791952063,0.7153303106516369
10000,-0.1,89,0.003076514973733656,0,0.011037968496208111,0.11758829799670174,0,0.0011759690810776875,0.40880930858580644,0,0.007376800855650028,0.46202234050100555
10000,-0.1,90,0.0026027679045464098,0,-0.004429670075050204,0.5365997712119581,0,0.000529702095118935,0.5885053520268222,0,-0.0043620156873315444,0.661581032462341
10000,-0.1,91,0.002829916321274624,0,0.0014938154553788845,0.8334672194333472,0,-7.670432256219687e-05,0.17587777215220957,0,-0.002780776861254451,0.7812140426793315
10000,-0.1,92,0.004123015015401962,0,0.004882044703173702,0.4859766602858504,0,0.0010193735505648217,0.7575498442646789,0,0.006594175119975976,0.5069784844733841
10000,-0.1,93,0.0021048745184388956,0,0.002693573294934558,0.7046483591556297,0,6.461125565684653e-05,0.5311296993887341,0,-0.014990725089605653,0.13801706822875148
10000,-0.1,94,0.0021964586485101177,0,-0.004030915644795161,0.5749221925995721,0,-0.0006374488619112813,0.504919810898375,0,-0.008326222727306784,0.41217433358048716
10000,-0.1,95,0.005032849675268521,1,-0.01855057037706031,0.009042877245945338,0,-0.0007271889805457731,0.42608991703192267,0,-0.006088012281354763,0.5477668689174835
10000,-0.1,96,0.0036382872056308856,0,-0.009682103848850376,0.17313948185203434,0,-0.001183966623414451,0.2634687227018129,0,-0.004793245232440081,0.6297676003443013
10000,-0.1,97,0.0015916697650843307,0,-0.005066475145309769,0.47566054799041757,0,-0.00027446048703050905,0.28566134170743496,0,-0.005192755416240264,0.606293765730852
10000,-0.1,98,0.0019238016928748275,0,0.0013893642259403946,0.8440548696154209,0,6.592395901591558e-05,0.80325837579986,0,0.01398799498148164,0.15434366968823476
10000,-0.1,99,0.002305401562048745,0,-0.00443405083048974,0.5358276258130146,0,-0.0004164583111380028,0.14698973223114908,0,-0.005031350124850571,0.6144760093376632
10000,-0.1,100,0.0016988941777741273,0,0.008168940319338722,0.24577432827194523,0,0.0009151701736637866,0.8475345887934671,0,0.012291518893497659,0.2177204020537146
10000,-0.1,101,0.0042761517357082215,0,0.0019205145046251098,0.7876123643069579,0,0.00013005117523515305,0.5867217056290761,0,-0.010112678593192679,0.3190745797878694
10000,-0.1,102,0.002141915202992952,0,0.013106197691096078,0.06632560368261924,0,0.0011981089422825643,0.23279429037607424,0,0.009092003696483851,0.36388063923919134
10000,-0.1,103,0.004574850276406751,0,-0.006428666973957655,0.36294438611233504,0,-0.0004115054658814425,0.9756948819783989,0,-0.014588968444651372,0.13815735510613178
10000,-0.1,104,0.0019737266655555207,0,0.0069382333130861675,0.32440213511699756,0,0.000559376398139143,0.28656606932723183,0,0.013902015012267998,0.16695827532726576
10000,-0.1,105,0.0027922872000910367,0,-0.006384201615712897,0.3753746882636796,0,-0.0005504229663787997,0.5555915102740852,0,0.0024046158561951774,0.8080133867148911
10000,-0.1,106,0.0024237864117553766,0,-0.011012048829567895,0.12031600092408815,0,-0.001169417742919662,0.45043521281228993,0,-0.015549212949698953,0.11530410432419401
10000,-0.1,107,0.002300875324968423,0,0.0009144646292765591,0.896142730465763,0,0.00011502027429662906,0.5219268249622476,0,0.001851916951949223,0.8514374436962112
10000,-0.1,108,0.0034819064588689835,0,0.008163691661276546,0.2476250838539284,0,-1.4115744194641186e-06,0.4058860940708231,0,0.005139793573517877,0.6077317407312839
10000,-0.1,109,0.0019430365341605606,0,0.006656141463161243,0.35283725520431164,0,-0.0001500356187884946,0.10194559573816775,0,0.00754540889281423,0.45238764783380914
10000,-0.1,110,0.003863624394452812,0,0.0035318615452809587,0.6149547468762416,0,0.000439988790426192,0.7008967421585366,0,0.003623275202846545,0.7133903441821918
10000,-0.1,111,0.003759562461498248,0,-0.013719216201127623,0.05050885494800862,0,-0.0014697035019811061,0.2935890313644508,0,-0.0052151340042498745,0.6022531501488404
10000,-0.1,112,0.003474925538129101,0,-0.004124560832905426,0.5648221363564987,0,-0.00034125545614221666,0.6699041221069145,0,0.004869898043839097,0.6240515533108966
10000,-0.1,113,0.003066507719640716,0,-0.00042946762792986045,0.9511094182844568,0,-0.00023197754621300976,0.4667723844255567,0,-0.004445639781563724,0.6549277265723814
10000,-0.1,114,0.002187764282676518,0,0.008818917795238915,0.2090918081444839,0,0.0005635893544713658,0.12636236863067485,0,0.0061477750339471605,0.5334129946244854
10000,-0.1,115,0.0025080505453066774,0,-0.010408704815514834,0.14350393986318916,0,-0.0008179375387139032,0.6650677556631315,0,-0.007433431752337113,0.4623737653805998
10000,-0.1,116,0.004842977656176902,0,-0.002603593976130562,0.7130833720406073,0,-0.0005408519177633119,0.5791918850442178,0,-0.0003293706506873823,0.9738673615715856
10000,-0.1,117,0.003008509159428262,0,0.006780922431874815,0.33972233950041053,0,0.0008924898408693779,0.6183791917501633,1,0.0218865286486308,0.029574256662043434
10000,-0.1,118,0.0036994710316241466,0,-0.004131082392951991,0.5594233693401727,0,-0.0003049779153795775,0.9492711991398781,0,0.0021242182408644254,0.8313205407062273
10000,-0.1,119,0.004412345916957235,0,0.00602113312853102,0.3909880527380186,0,0.0010753973349709124,0.12103697434550209,0,0.015558507462475196,0.12046465897887924
10000,-0.1,120,0.0030341882871992003,0,0.002142545090281084,0.7591242004496453,1,0.0005815267787000847,0.03535408171922494,0,-0.006920447734591436,0.48121260615234984
10000,-0.1,121,0.0013518357794293813,0,-0.0009671169918426849,0.8917514048723381,0,-0.00028305371170673507,0.4737423586772972,0,-0.001843327385069666,0.8548966422262931
10000,-0.1,122,0.0020870358073894544,1,0.01934312472189436,0.006329786573187045,0,0.0011305570186207945,0.4706128823755713,1,0.02209856895041912,0.02754986863735384
10000,-0.1,123,0.0020242660367444684,0,-0.00448067232028822,0.5253561624201832,0,-0.0001473853108795014,0.09256182405745295,0,0.002393987760786408,0.8095293490523182
10000,-0.1,124,0.0030586644510377046,0,0.011251327386745592,0.11468120987391624,0,0.000998098485799226,0.9341775301474997,0,0.017823191659512853,0.07659796757794729
10000,-0.1,125,0.0032175637143781245,0,0.0010634234792993992,0.8783194163322441,0,9.67106406084728e-05,0.6111207326549144,0,-0.007590858185684772,0.44178093860222845
10000,-0.1,126,0.0038619739973991527,0,-0.006871541363969334,0.33586580592249327,0,-0.0006031422533842918,0.35742456353043384,0,0.007931931983389526,0.4238085257841302
10000,-0.1,127,0.006130476835045247,0,-0.00447356992313604,0.5197529479786128,0,-0.0005839822552092525,0.9577696693408778,0,-0.006827238654176641,0.4872702268225856
10000,-0.1,128,0.0036576959132759547,0,0.0028749512308204584,0.6835575015705553,0,0.00032210264704114484,0.9205743501012303,0,0.010248512276437652,0.309261504049963
10000,-0.1,129,0.0023072020596630323,0,-0.004205168737098449,0.5488073478643503,0,-0.0010650969693928804,0.5046970484664849,0,-0.0020096832728188564,0.8387109934723695
10000,-0.1,130,0.0022846167696257452,0,0.003296957484284876,0.6387763798178545,0,0.0002850456754832947,0.09501967784294518,0,0.002715428052780939,0.7826490575061307
10000,-0.1,131,0.003414437970238265,0,0.010155156172106944,0.14616658125856719,0,0.001140820244093604,0.5499060742317488,0,0.013125671406360534,0.18838199754484844
10000,-0.1,132,0.003749249902487803,0,0.0004136315767144976,0.9535525795005869,0,0.0003595549623120956,0.32557624881516156,0,-0.00400267561545938,0.6865413558584268
10000,-0.1,133,0.005097515675665389,0,0.0007662374370095487,0.9139340557942642,1,5.5973543689920424e-05,0.04020625591890714,0,0.008428083909747086,0.3927880789773298
10000,-0.1,134,0.0014924573875528587,0,0.004997953577874113,0.4774173188433024,0,6.074632390624121e-05,0.4791715676000782,0,0.006432975395195609,0.5193110856484362
10000,-0.1,135,0.0023511454741862474,0,0.005638350863412233,0.4148103409788749,0,0.0005057751197041273,0.25497358628644473,0,0.014965233633784734,0.12925669896638445
10000,-0.1,136,0.0033037231207334664,0,-0.0004849398609131279,0.9455868220005921,0,-0.00011418135016633982,0.7596133018917084,0,0.005351139176635182,0.5910804607071837
10000,-0.1,137,0.0022835111016081553,0,-0.0006848311395794835,0.9214241709778059,0,9.884212527179218e-05,0.2619738227274694,0,-0.015929453116001788,0.10447303980263746
10000,-0.1,138,0.006056505032075303,0,0.0011095941177151135,0.8722846766482689,0,-0.00010821236676836751,0.5114181734367437,0,0.011954652944268883,0.22568672216518323
10000,-0.1,139,0.0031501399150780673,0,0.0013583578024249487,0.8482381967343522,0,0.0005227166051439658,0.08750557566031181,0,-0.003867324292205154,0.701292528485705
10000,-0.1,140,0.004170855520128765,0,0.004993588933567499,0.47363897624612783,0,4.25899445558414e-05,0.9359684585040837,0,0.015139864665676206,0.12223455258143415
10000,-0.1,141,0.002509822243541279,0,-0.0013712675098197737,0.8459551203937201,0,-0.00011994083096135935,0.9940132174677913,0,-0.0022799894833326582,0.8194926182293352
10000,-0.1,142,0.0015079638021436807,0,0.008819041937338214,0.2055161256425957,0,0.0009554569060785307,0.07328121018398759,0,-0.00011853273664566132,0.9905480106310088
10000,-0.1,143,0.003910601228864426,0,-0.006946328768442706,0.32293600362271824,0,-0.0010267372968415657,0.7781959464865331,0,-0.01187250530466151,0.23280566620741605
10000,-0.1,144,0.004346874727917042,0,0.00477321386534755,0.5077995829580733,0,0.0005478608873436706,0.8548887540131593,0,0.00696506668850044,0.4861064466734315
10000,-0.1,145,0.0029154091921530074,0,-0.010497764944377888,0.14791215033016863,0,-0.0003274103935121938,0.6550800521849658,0,-0.012286859576015378,0.23146644871778552
10000,-0.1,146,0.0030001298555797926,0,0.005751538292352211,0.4178093042129509,0,-4.6609850508888313e-05,0.33403281411044905,1,0.020584260371042627,0.037127302483165515
10000,-0.1,147,0.003999583645748473,1,-0.014821977917426551,0.036231876468709116,0,-0.0008367319818732526,0.5469112684962105,0,-0.00886375269438816,0.37489183590156405
10000,-0.1,148,0.004851475340325642,0,-0.013661714136049607,0.05350430616835666,0,-0.0013009678736589292,0.9164670299326904,0,-0.017664656205744544,0.08064475233958224
10000,-0.1,149,0.006409212251887956,0,-0.0034019570400359534,0.6244140628723339,0,-7.67597693283812e-05,0.5280096758387276,0,-0.007198550997301553,0.4684553260261901
10000,-0.1,150,0.004390378206042072,0,-0.008196412334399106,0.25180849348341305,0,-0.0003858471950855363,0.8159758792843789,0,-0.009305426426579893,0.3516552181928325
10000,-0.1,151,0.0023941377743432694,0,-0.005739375611559636,0.40355456777658516,0,-0.0008646623098767005,0.8277362872856562,0,0.001302014478888893,0.8941133601033224
10000,-0.1,152,0.0024524541223627143,0,0.000943781221316331,0.8933493039564979,0,-4.079663775508152e-05,0.22840998351035346,0,0.006403634901034955,0.5201321158179592
10000,-0.1,153,0.001867404951691515,0,-0.0072146006949344674,0.29802752904461927,0,-0.0006090141355745336,0.6782965655963624,0,-0.003641953387431493,0.7116135863889759
10000,-0.1,154,0.0020085576296961214,0,-0.0007246227127988367,0.9185317315591469,0,0.0002469392430729387,0.5258106235187454,0,-0.004102702364439275,0.6831054588360068
10000,-0.1,155,0.0011144151113577868,0,0.006484701574385809,0.361620994269907,0,-9.447375512356605e-05,0.16492899759728363,0,0.01795342813767746,0.07094333039124265
10000,-0.1,156,0.0025590207040018203,0,0.001747278319293027,0.8026116377138386,0,0.00026598583492586737,0.10146612556913415,0,0.006628705219422784,0.5041126262734621
10000,-0.1,157,0.003646369304589077,0,0.006416186009131854,0.37086192474422663,0,0.000692049319550999,0.8625578451828959,0,-0.0017028400514465993,0.8653482306679571
10000,-0.1,158,0.0042183068801672045,0,0.010118300451032968,0.15836281285841555,0,0.0012175485516452624,0.4270582589027583,0,0.006196055210850049,0.5358191962645535
10000,-0.1,159,0.0035903568404842133,0,0.007484436409507815,0.29302178791112954,0,0.0003091817655165834,0.9122752401185598,0,0.015152846233712254,0.13380311290110947
10000,-0.1,160,0.003041007543753826,0,0.006438644637604721,0.35809822043126527,1,0.00043593952324987717,0.0017180656118497284,0,0.006092754801053558,0.536783572445565
10000,-0.1,161,0.0033016878586356563,0,0.0016042093125165162,0.8215141452349952,0,-0.0002371301850536216,0.2957858343748069,0,-0.003291627402296462,0.7429295272575825
10000,-0.1,162,0.004490633022134837,0,0.00434218359243565,0.5343036257232432,0,-3.500352474404915e-05,0.1582812001792845,0,0.01374532220674336,0.16245710285106332
10000,-0.1,163,0.0013185640873170886,0,-0.005178587871716931,0.46108915118925486,0,-0.0004322323729507186,0.49626773805453883,0,-0.0001864099707642869,0.9849685534014405
10000,-0.1,164,0.003540167354974363,0,-0.0030171986420871586,0.6732031904756051,0,-0.0005840524972205744,0.0892239348485937,0,0.0025329859473909723,0.8016991963340617
10000,-0.1,165,0.00493358943771846,0,-0.00779646995596664,0.2644212167775417,0,-0.0007257314102642163,0.6343625374508921,0,-0.006985542992255693,0.4832806043246656
10000,-0.1,166,0.003709354516885021,1,0.016836332157656807,0.016465677380204186,0,0.0013699659406789316,0.3425253390032401,0,0.005631548696426529,0.5750875821671066
10000,-0.1,167,0.004346199874700574,0,0.00934447405949946,0.18400737427128366,0,0.0010527174206710844,0.6154875113576119,0,0.013803922602459872,0.15914826934796725
10000,-0.1,168,0.003391408960787973,0,0.012644132050829617,0.07421857633705106,0,0.001078539262078227,0.5067498349664367,0,0.008815878258377315,0.3743858233087388
10000,-0.1,169,0.003938944273208095,0,0.00616932323078958,0.3821966882654735,0,0.0008556385088523722,0.05602990424195431,0,0.006105530720611599,0.5400775627161136
10000,-0.1,170,0.003205846013200186,0,0.004068527666498145,0.5722322250310284,0,-0.0001561136571840574,0.17835558852093947,0,0.010205921962462353,0.3162393316546474
10000,-0.1,171,0.003017313706181218,0,0.0052197651718651344,0.46010601734994105,0,0.0005276435224727257,0.7345264610401128,0,0.017469258842122602,0.0771939285480938
10000,-0.1,172,0.003904508444658712,0,-0.003637879507082905,0.604249525548078,0,0.00020167406166876563,0.31684575769064627,0,-0.005734492016156888,0.5663054937182876
10000,-0.1,173,0.0018213773878597954,0,0.007555350451323176,0.2795526023430985,0,0.0006937403559618676,0.5141382120211679,0,-0.000309249966836174,0.9753116773001667
10000,-0.1,174,0.0031403919232487307,0,-0.002127537024494598,0.7638684646328231,0,-0.0001901508643362924,0.6444785501196373,0,-0.010445037626909822,0.2936015174452371
10000,-0.1,175,0.0027797700385749514,0,0.010078093630956457,0.14811270471080265,0,0.001687645284190338,0.10498209314535278,0,-0.002140543797244674,0.8288898988023898
10000,-0.1,176,0.002622116664580893,0,0.008879155815693457,0.20419012664700117,0,0.0010471147965299724,0.21125740844116803,0,0.005918301246900786,0.5517637113361655
10000,-0.1,177,0.005500529049089987,0,0.009377224428640953,0.18527250682240454,0,0.0006846692767413107,0.5228303128261088,0,0.006235323243274445,0.5343055414378532
10000,-0.1,178,0.0026315679058731083,0,-0.0048033938915151096,0.5060784704626107,0,-0.0002617143440182956,0.10234574728567014,1,-0.026950897371738225,0.0075636374468492215
10000,-0.1,179,0.0032763973566959747,0,-0.003724015157379218,0.6020048318849268,0,-0.0005421460098943887,0.68007880464042,0,0.0006757451805473949,0.9455850823077594
10000,-0.1,180,0.003067024277432578,0,-0.003899501978153741,0.587335481340789,1,-0.0003445030935358525,0.041614420982177935,0,0.0013976013798384325,0.8896591308799358
10000,-0.1,181,0.0027594925587120195,0,-0.002917780365484738,0.6722099482277045,0,-0.00018320272636937468,0.9336761095204354,0,-0.012648395550234169,0.1955905871132283
10000,-0.1,182,0.004329593652984209,0,0.011086727154090443,0.11542615586920227,0,0.0008628314824133873,0.7673046617780543,0,0.0008808332095023475,0.9308041299360489
10000,-0.1,183,0.005492400576399468,0,0.008332967188732589,0.24106832662058558,0,0.0005601296334029856,0.8246469357457996,0,0.008267413074236394,0.4089363000481031
10000,-0.1,184,0.00416250118357546,0,-0.00865663096310238,0.22064409760276354,0,-0.0005761211378829725,0.6407914679528715,1,-0.02230166275812416,0.025576039431990254
10000,-0.1,185,0.0023438776438588172,0,0.0037364487958720456,0.608183933207745,0,0.0010210279896203695,0.8167680096182327,0,0.00907295052696256,0.3699392959599258
10000,-0.1,186,0.0039706653597288005,0,-0.0029315113537533733,0.6785342336836133,0,-0.0001623823831459584,0.4079706890379319,0,-0.003602620603038369,0.7197034511761002
10000,-0.1,187,0.0031183068144017374,0,0.0025812046214851057,0.7142212503958052,0,0.00013331629556345467,0.23156357265259142,0,0.015715536736406154,0.11324157742411703
10000,-0.1,188,0.002643367714962498,0,-0.0011338479599845987,0.8683752633466446,0,-5.389027009504203e-05,0.8007327714457084,0,-0.004442395238870163,0.656132050814539
10000,-0.1,189,0.0038398953879192226,0,-0.012798575133323584,0.06877612683943372,0,-0.00010509164692437742,0.06368857264907557,0,-0.008983738880872932,0.36268415586409675
10000,-0.1,190,0.002286771291736661,0,-0.0031322260015974757,0.6575004251214418,0,-0.00039088924719777755,0.9254232158293129,0,-0.003695165375011791,0.7108163284927114
10000,-0.1,191,0.0014766458647198215,0,-0.0006807323623077828,0.9221680384620079,0,-0.00032767267344610876,0.15921805965758873,0,-0.002290557596587671,0.8169565481176789
10000,-0.1,192,0.0026812260328157233,0,-7.268125184766924e-05,0.9917653947778027,0,-0.00044514161933370745,0.6454549014374171,0,-0.00980480638020988,0.3210303603433158
10000,-0.1,193,0.003878886942222362,0,0.0025527513402950797,0.717869543438969,1,0.0005184266774208918,0.03852754138913039,0,0.0037135804132151524,0.7107891841999612
10000,-0.1,194,0.0021293296929166395,0,-0.008625662367166177,0.22476694585487444,0,-0.0008734049296722988,0.23766039050860321,0,-2.1779306876924462e-05,0.9982317580364866
10000,-0.1,195,0.0028653658640481936,0,0.008316291888245356,0.23497859161671977,0,0.0006883900742873603,0.8013140403592836,0,0.009562525593902835,0.33630487877954474
10000,-0.1,196,0.0033563134233836954,0,-0.004334106246216754,0.5438101701718864,0,-0.00023238595326743205,0.6106022251299785,0,-0.01181201985014333,0.23510706135526674
10000,-0.1,197,0.005740078017342158,0,-0.011421613595798802,0.10462593205175671,1,-0.0010818754276744873,0.01912378690681582,0,-0.01688149410031018,0.09123070044644749
10000,-0.1,198,0.0033631864388343935,0,0.011769746844216774,0.09851629279040777,0,0.0008574612232221713,0.17877150132015696,0,0.0074740702350544,0.45001536155131716
10000,-0.1,199,0.005152499016462226,0,0.000629821715683303,0.9285792142737901,0,-1.3291864090626303e-05,0.8018945633675613,0,0.006032301472552969,0.5466187344162758
10000,-0.05,0,0.005421223697972067,0,0.005256024850940615,0.4513774012634615,0,0.0008593525043696916,0.8842188187600168,0,0.006787425041757283,0.4977933472805224
10000,-0.05,1,0.000755372769558212,0,-0.002347833670761647,0.7374888741095503,0,-0.0002465390470118874,0.8633284690259565,0,-0.0023185737495014596,0.8159275256258458
10000,-0.05,2,0.0021293671288132978,0,0.0014655119060856545,0.8370888076904536,0,0.0004133361295467508,0.7366075701858258,0,-0.005302502547141217,0.5988147983607288
10000,-0.05,3,0.0026656469262897097,0,0.008124600602312041,0.2495329365940469,0,0.0004523925590378505,0.050368279187261056,0,0.014737092786730988,0.14659001642527125
10000,-0.05,4,0.0032193446430301064,0,-0.0009763936801079443,0.8917317447560512,0,0.00012801927904383442,0.7001213037444758,0,0.01615700097445523,0.10712340588562952
10000,-0.05,5,0.0022571857059917014,0,0.0015018123347918418,0.8332822035610142,0,-0.00015080344517393043,0.42937205770320885,0,-0.007860667544241091,0.4361163426826583
10000,-0.05,6,0.0035625267537031627,0,0.00021311144531779933,0.9760557698223419,0,-7.175135114402548e-06,0.07500104694757703,0,-0.004648789415723964,0.644839893170384
10000,-0.05,7,0.002892746618500313,0,-0.014038665507168714,0.05092188121552778,0,-0.0009434612382538108,0.6028573702973012,0,-0.014279635143024225,0.15919271625763715
10000,-0.05,8,0.0017086447623036842,0,0.009873175607647326,0.16213340950499547,0,0.0008306616471247006,0.1788225538383753,0,0.00886572804103091,0.37253989045490854
10000,-0.05,9,0.0037441608982886915,0,-0.00014455003355120458,0.9831787233183037,0,0.0003656332968476113,0.728422616665998,0,-0.006382118896892697,0.5078247605841013
10000,-0.05,10,0.0028519095021472575,0,0.0035439612063903852,0.6198860909100374,0,0.0002799222716510338,0.2457428541351715,0,-0.00466453828546281,0.6443480976356504
10000,-0.05,11,0.00506785730571509,0,-0.0018610878139255285,0.7907409410642713,0,-0.0005039429677055388,0.3839363523853311,0,-0.011846189748314247,0.23781138772173993
10000,-0.05,12,0.0023777249053030278,0,0.0038458711516402575,0.5850804916190473,1,0.0008426848265009898,0.03576169296221121,0,0.007389696110371738,0.4599891189239048
10000,-0.05,13,0.0023428744954375603,0,-0.006751720184521581,0.3331801485107694,0,-0.0007415772496192388,0.38221352467707825,0,-0.003418952538058848,0.7287670760158224
10000,-0.05,14,0.0027523918886463764,0,0.002498604383423491,0.7206641215809085,0,0.0007246074077175053,0.5595605839736122,0,0.004464711402266317,0.6525396962238363
10000,-0.05,15,0.004285525942967693,0,0.0033186801486242952,0.6442552654728215,0,0.0006095162806657393,0.44924274194838243,0,0.0003889577563060744,0.9696224673794325
10000,-0.05,16,0.002852321800653603,0,-0.004341916582831371,0.5430269713440731,0,-0.00016931171347684293,0.7946821849576174,0,-0.007213858884904505,0.47320395306684615
10000,-0.05,17,0.0014932525619382603,0,-0.010577680661683174,0.1384408604867944,0,-0.0009348347772799473,0.5517225782703667,0,-0.012387086886756198,0.22002603575827126
10000,-0.05,18,0.0016155952097126325,0,-0.0021135402291760125,0.7619060213037439,0,-0.00027014928007678784,0.6186116303693228,0,0.005370450273886973,0.588725422286451
10000,-0.05,19,0.0022393175878572423,0,0.013050189705506622,0.06054739293597367,0,0.00045812271358647896,0.21712631134562432,0,0.009211089600550023,0.36387184373174764
10000,-0.05,20,0.00288903435025282,0,-0.012459757125526164,0.07700524808280622,0,-0.0010144383235481018,0.4695727604710598,0,-0.01042878660847454,0.2969883828916124
10000,-0.05,21,0.0056199025831042675,1,-0.01567361739468945,0.02469641587873937,0,-0.001188069584701059,0.11722550795907438,0,-0.01394679685140721,0.16050169837095038
10000,-0.05,22,0.0032269522667458953,0,0.0017166780694240144,0.8085141329950278,0,-0.00038851367581724635,0.4371980175626118,0,0.005364249692601387,0.5952401084956318
10000,-0.05,23,0.0031688815725566147,0,-0.0027145256204564785,0.7088656121877985,1,0.000359284205140576,0.01223537430755628,0,-0.006540615631465896,0.5179245738163468
10000,-0.05,24,0.0036918561559326104,0,0.004116008903524608,0.5624049706424576,1,0.0009334759458918576,0.0211363929357834,0,0.014281133719300454,0.14871260837049233
10000,-0.05,25,0.0025611798354181984,0,-0.010384521962158465,0.1445268898015964,1,-0.0004140478714312059,0.009390075671351972,0,-0.012292155529034931,0.2125636034845721
10000,-0.05,26,0.001859745060429843,0,-0.011633991046307197,0.10046933865325679,0,-0.000385705893470081,0.4666670905774143,0,-0.006435660439416351,0.5266556112600356
10000,-0.05,27,0.0016115706090558254,0,0.006423012411216352,0.3563163513777805,1,0.0005178969509865416,0.048611071909693826,0,0.0044867850201627734,0.6518375800106846
10000,-0.05,28,0.0032817492298933475,0,-0.004757940208407608,0.49196935339040726,0,-0.0005403453194309045,0.7052619311341334,0,-0.0022203961106380217,0.8230268762181014
10000,-0.05,29,0.004136504698283326,0,0.00711271520327524,0.3156878470982345,0,0.000408475077126358,0.696905872069693,1,0.022961013346077336,0.024257311567076743
10000,-0.05,30,0.003983382649067168,0,-0.0033139136333924417,0.6458115928701531,0,-0.0003576110444422081,0.31902447517868704,0,0.002720500991627052,0.7882865694468101
10000,-0.05,31,0.0025098347438102606,0,-0.0022957163735845667,0.7497192038349121,0,-0.00028823501254329666,0.9203850526970515,0,-0.014297189683287928,0.15472230008361243
10000,-0.05,32,0.004933811566519787,0,-0.003445922639152812,0.6240132684694708,0,-0.0009101292050015274,0.8489134300398803,0,0.0004638448908352204,0.9624927198593399
10000,-0.05,33,0.0016449788171950792,0,0.008772596239884238,0.20786579563523128,0,0.0008800734876857953,0.9661404762860866,0,0.006753202390363284,0.49868437032505697
10000,-0.05,34,0.003605836429250457,0,0.00015192165207779992,0.9829627878686511,0,5.8694106894249987e-05,0.09604959379012046,0,-0.0070544159417769555,0.47983926450708225
10000,-0.05,35,0.002813468308696693,0,-0.003085076303954156,0.6582170523552591,0,-0.00040739246415965615,0.9632672726570197,0,-0.013231372499322425,0.17935900180844264
10000,-0.05,36,0.002319082729737313,0,-0.00023098765927061292,0.9735768363694924,0,0.0010215135725930215,0.9000064454377203,0,0.008394589619005553,0.3931676198531484
10000,-0.05,37,0.0032397745803772345,0,-0.009839269144352281,0.1636007299195977,0,-0.0008999542513179901,0.9549387156684771,0,0.005542607318981601,0.5804333678005544
10000,-0.05,38,0.0024095021363471536,1,-0.015640983228074272,0.026192750190341202,0,-0.0015202757388439497,0.7805276311713326,1,-0.026254265353513134,0.008513016951740367
10000,-0.05,39,0.003982090707459675,0,0.011387246963829709,0.1116176754054978,0,0.0008603156549045607,0.4496050385441459,0,0.006286704418642585,0.5339801791337808
10000,-0.05,40,0.0048222764831809236,0,0.004516576102252496,0.5236561027358164,0,0.00038885032617827855,0.17769536904788497,0,0.0032708128096491746,0.7447984852463341
10000,-0.05,41,0.0015844781940484308,0,-0.004070659691433201,0.5636591504707633,0,-0.0006771765443418728,0.7677409125397923,0,-0.01192174233273086,0.23326047336582206
10000,-0.05,42,0.001099144103381599,0,-0.0017644144076622223,0.7984828566537957,0,0.0004806486053534272,0.7521006664439271,0,0.005601213633737123,0.5638717113815741
10000,-0.05,43,0.00613362126922011,0,0.01144180021088054,0.10913976343308276,1,0.001208404191543823,0.01249964276637694,0,0.01357078584688812,0.1771790359083564
10000,-0.05,44,0.0029183064323649276,0,0.01114259379108837,0.11079770133364027,0,0.0012284528630115575,0.38668589277980525,0,0.007305907826108423,0.46553629971160204
10000,-0.05,45,0.0018402687392597632,0,0.0019504660903014704,0.7815183006620566,1,0.0004791696900856498,0.024649588934978484,0,0.002053898729236898,0.83843137133337
10000,-0.05,46,0.0015092381161800263,0,0.0028779727756101424,0.6838203893618282,0,0.0006162193057400771,0.29859122401257043,0,0.0016658211700438029,0.8683365396283274
10000,-0.05,47,0.001976843403703751,0,0.0032407393247871636,0.646272088598526,0,-0.0001473872151402877,0.37023155952394426,0,0.004503165000678625,0.6532408945192554
10000,-0.05,48,0.0024321051676555517,0,-0.007060170213259872,0.32872363810168925,0,-0.0003917121576140429,0.43239931593885217,0,0.0024732511654849444,0.8099900273144846
10000,-0.05,49,0.002758584837881562,0,0.0012536338065510231,0.8617242178948507,0,4.250966557700637e-05,0.30559129534287965,0,0.0012840148576925472,0.8993964185857573
10000,-0.05,50,0.003354594391908802,0,0.0021948367237519715,0.7548737936539405,0,0.00030943470771638,0.3112012459142326,0,0.005115955021826772,0.6061343171535316
10000,-0.05,51,0.00307576228134485,0,0.003120135800854255,0.6582266925853948,0,0.00020925578868757203,0.1520984744489331,0,0.013484501977945618,0.17469828171611282
10000,-0.05,52,0.002654027961633536,0,-0.005161743351739955,0.47034062120986175,0,-0.0002472474629827177,0.45331636788971097,0,-0.013413788809701541,0.18066568185120846
10000,-0.05,53,0.0027594560840790176,0,-0.0014040566887194527,0.8415262501034215,0,-0.0004223224311158049,0.5649651041548476,0,-0.0002287105719721511,0.9813393977763328
10000,-0.05,54,0.0040556126610225484,0,-0.0010783169506122891,0.8782999763762942,0,-0.00018989820341592153,0.21654989434431582,0,0.0017470479635911507,0.8593762311527559
10000,-0.05,55,0.006271566565455664,0,0.002495251013851398,0.7269632691544147,0,0.0004518676046265376,0.7070565206731712,0,0.010126652878033528,0.31218101067363124
10000,-0.05,56,0.0015859780244127767,0,-0.00240398195971482,0.728093976361943,0,-0.00047508316959648877,0.05124683012304365,0,0.006002829639436176,0.5401736991247692
10000,-0.05,57,0.0038851825899768344,0,0.002826502594777432,0.6873093130317927,0,0.000152462497701939,0.401478624632317,0,0.0012160539654702883,0.9029229140850739
10000,-0.05,58,0.0036903736661855337,0,-0.0042058973529600415,0.5518367560865696,0,-0.0001583045473758317,0.2796647252374722,0,0.0026661706394839092,0.7895064727297272
10000,-0.05,59,0.0031593528244009683,0,-0.006377018774353555,0.35514055816213896,0,-0.0009423046851544049,0.5486003860625706,0,-0.017541688806663465,0.07826176029761363
10000,-0.05,60,0.002730818880013441,0,0.005121265457094289,0.45741524881313245,0,0.00015554768943011092,0.24728459931544666,0,0.01017494835170984,0.30037096522772044
10000,-0.05,61,0.003947484965571682,0,-0.004751269865474135,0.5015281213937344,0,-0.0009798723508661824,0.2529081004704328,0,0.0002139387933901976,0.9826757057375044
10000,-0.05,62,0.0027010985334521885,0,-0.006179669234978095,0.38452945984451736,0,-0.0003568950049175955,0.41499502809655064,0,-0.010356648082347254,0.3064967646142708
10000,-0.05,63,0.0025137322083289017,0,-0.002886876170838561,0.6772974715723157,0,-0.00023817626330110514,0.5734283696689025,0,-0.012032982400060347,0.2183645518513291
10000,-0.05,64,0.002300771795051829,0,0.004482233226920691,0.5287831749981308,0,0.0002413544569855199,0.0818439521494515,0,0.003443818504201373,0.7276528388804844
10000,-0.05,65,0.004532338955419475,1,-0.013938512001685837,0.04708186842638831,0,-0.001280302243049518,0.1146683436182816,0,-0.01407103927085425,0.1622676247800866
10000,-0.05,66,0.001156807156338577,0,0.0037808242938857494,0.5934012197989854,0,-3.8747660415312776e-05,0.3006395853725675,0,0.0013135926336687634,0.8949325757687809
10000,-0.05,67,0.0032963885366455313,0,-0.007832130820000872,0.2718623521468738,0,-0.0006815346932529014,0.573860229781922,0,-0.008255987262288399,0.4114211361004084
10000,-0.05,68,0.002281466469587672,0,-0.008675143178193229,0.21487895363860102,0,-0.0010168909666581278,0.44031178032850793,0,-0.015204507168295201,0.12314660762214583
10000,-0.05,69,0.002658805035094245,0,-0.012386718559149468,0.08347732774205427,0,-0.0015575457876123558,0.4322337206708049,0,-0.009035918402474497,0.37114825459665424
10000,-0.05,70,0.0016022025433479082,0,-0.000769820037148002,0.9140062925743698,0,4.450118704552884e-05,0.9040749929120524,0,-0.009523138021014621,0.34115928991939115
10000,-0.05,71,0.0029807555771413793,0,0.00226782910519697,0.7418106343477046,0,0.000181411882039293,0.7588536042108687,0,-0.004381093117922383,0.657661443040833
10000,-0.05,72,0.0020581440553455563,0,-0.003797458395934388,0.5944120618942351,0,-0.0005542764243231154,0.19759240236471365,0,-0.008137488926001045,0.41662776878460206
10000,-0.05,73,0.0027908465386941336,0,-0.011325832183582376,0.10921530171198959,0,-0.0012065076357426793,0.3534959075742756,0,-0.009005890320384418,0.3689321808804302
10000,-0.05,74,0.0017554643597865976,0,-0.001431190289422007,0.8361853257402646,0,0.0002807938499655046,0.8767544409117264,0,0.0003622054087552913,0.9713418211101167
10000,-0.05,75,0.0035722421172262983,0,0.005114600515525906,0.4595991043323845,0,0.00044598363311255604,0.21839860956487256,0,0.008802136297134337,0.3702449876676037
10000,-0.05,76,0.0015519915713994702,0,0.004760939951670309,0.5004366967798559,0,0.0009446950362579379,0.9336228523612388,0,0.0026535421409135734,0.7899254397924518
10000,-0.05,77,0.0034124689715170097,0,0.0035814861267282278,0.61115095641285,0,9.295586923585257e-05,0.24275197458401598,0,0.008623982308072275,0.3791599041047514
10000,-0.05,78,0.0027833328761402167,0,-0.004059352766804853,0.5677800005135223,0,-0.0003266466924698279,0.5814055200314661,0,-0.005048778340461651,0.6128961081746896
10000,-0.05,79,0.0029576667293305073,0,0.005461554324073394,0.43540731676215527,0,9.917388780267423e-05,0.12233689271692605,0,0.012779094955896598,0.19731650653295663
10000,-0.05,80,0.0044848935964060975,0,-0.008766844530950021,0.2093457605880361,0,-0.0013798663045480565,0.8741117796738122,0,-0.014443800077450632,0.14536623443859964
10000,-0.05,81,0.00462213452801949,0,0.0032626901135017093,0.6414700188500757,0,0.001037171369988276,0.3713210182037203,0,0.009245019031024208,0.3532221975607791
10000,-0.05,82,0.004050462894344013,0,0.011066954612211535,0.1080358863746417,0,0.0015518502875087538,0.6823711428359921,0,0.0011133878394243416,0.9098221376794475
10000,-0.05,83,0.002847748732150607,1,-0.016649995749711446,0.021097333067274876,0,-0.0017141318636678317,0.08274123374437359,0,-0.014494216750972285,0.1503013042983157
10000,-0.05,84,0.003752521814004129,0,0.007090582409851785,0.32177779413556745,0,0.0003140927638604307,0.3360602603022341,0,0.004602088014790647,0.6502784602848546
10000,-0.05,85,0.003917277374802975,0,0.002664374629187659,0.7026445963103137,0,0.0007209865580673287,0.6448107013969215,0,0.010157971187032835,0.30709547212840704
10000,-0.05,86,0.004604126684679336,0,-0.0018604784822111528,0.7919337680341706,0,-0.00034032281909426594,0.21841176193494094,0,0.0073970402126956394,0.4583774406561316
10000,-0.05,87,0.0029716435044215826,0,-0.013356705360371979,0.058347856057057265,0,-0.00029114315904155917,0.9092201133051205,0,-0.015895061495652583,0.11112412061002278
10000,-0.05,88,0.0021040229802820115,0,0.0018334858780653085,0.7966198711084441,0,-0.00010880948406490065,0.7959001986650039,0,-0.0016248159295864876,0.8716770720031726
10000,-0.05,89,0.00381912119295657,0,-0.0010822521003833931,0.8785647612520148,0,-0.0006783316529111552,0.2374298852496084,0,-0.004536347923971877,0.6507446186663746
10000,-0.05,90,0.002098122543555625,0,0.008608765386188271,0.2359255185258591,0,0.00031182323704412383,0.40197067678468024,0,0.00994499383643698,0.3253985563674142
10000,-0.05,91,0.0037085374272958845,0,0.00840939923089336,0.23102291320748658,0,0.0006057345069638252,0.26648455387519465,0,0.00321137500435673,0.7460105106466721
10000,-0.05,92,0.0021391066575923347,0,-0.0035955214815578587,0.6180608896114379,0,-1.2740954945435865e-05,0.950982594227653,0,-0.007957500001542177,0.4254884375699589
10000,-0.05,93,0.0040760444303511965,0,0.0039018583226227794,0.5830341109122372,0,-0.00014589615462194073,0.15620906783413468,0,0.007334778041577738,0.46824720451470114
10000,-0.05,94,0.0027701435254942476,0,0.008651749089164017,0.21827325553055493,0,0.0005610696019020552,0.31351908722114075,0,0.010591376802789897,0.2867051688777519
10000,-0.05,95,0.002516492175427072,0,-0.009924252448990735,0.14780903773144977,0,-0.0010405889802960866,0.3104161268615797,0,-0.0019628874880753843,0.8394096923793943
10000,-0.05,96,0.003021800825741626,0,-0.006777134087286606,0.3380477836720205,0,-0.0006061949182144837,0.7815149253337336,0,-0.002041731111372282,0.8372057547361706
10000,-0.05,97,0.0026341596839170906,0,-0.0025670727931526383,0.7187054800122952,0,-0.0004753384979927203,0.9974912816509612,0,0.010524933181858126,0.28696538846726416
10000,-0.05,98,0.0038691788454120507,0,-0.008059052131818682,0.24932112516794933,0,-0.0007891398472556696,0.8080853248525817,0,0.004137230006543048,0.6750643745703943
10000,-0.05,99,0.001693532606976284,0,0.006442898296977021,0.3592779713665061,0,0.0005792325088607234,0.08685541061546154,1,0.023134277658469052,0.020085214454278136
10000,-0.05,100,0.0035195973037256624,0,0.012981349363466649,0.06672957876799183,0,0.000726576798122779,0.4357171023634464,0,0.007376421084136926,0.4631165838029282
10000,-0.05,101,0.0025883989384573123,0,-0.001987430670560072,0.7789718997791215,0,-4.7610157059916837e-05,0.32153675584662844,0,-0.004474006056026393,0.6540610803180036
10000,-0.05,102,0.0029513337722645947,0,0.0010380170964092933,0.8832560458920695,0,0.000626387338062335,0.7280798290504984,0,-0.007665729147770715,0.4437306728857261
10000,-0.05,103,0.0024652677476882244,0,0.004794410948899003,0.5032069992238406,0,8.522860125862559e-05,0.3410396163709297,0,0.019352688058696246,0.05054918146721382
10000,-0.05,104,0.0019467710189016722,0,-0.005449113672901865,0.44733242618407343,0,-0.0005918638188613932,0.14111262336257757,0,-0.004133410128226556,0.6832840035835804
10000,-0.05,105,0.0028743681227957783,0,0.006065848566650696,0.39366230930857316,0,0.00125904400698158,0.11202533767189349,0,0.014757431670282456,0.14140989286972278
10000,-0.05,106,0.005794827814972796,0,-0.0077612893519668396,0.27957407738252965,0,-0.0007889132966379856,0.0874157504347558,0,0.012542526201224456,0.21381182665010637
10000,-0.05,107,0.0017961189028778586,0,0.003560535275099412,0.6156444755969028,0,0.0003945526307993292,0.7388165640923015,0,0.0014544855841701829,0.8850127944476207
10000,-0.05,108,0.0026578444798055797,0,0.002903799287258179,0.6788405447662237,0,0.00033479972218845676,0.14882016192906633,0,0.0002760295323935343,0.9781551538092985
10000,-0.05,109,0.003071993523518856,0,0.0039234142606780625,0.5708066224652939,0,-0.00018723424277010146,0.38634591476935176,0,-0.0021385057881582953,0.8289915722321155
10000,-0.05,110,0.0028059694024292064,1,0.01579806591205643,0.025554610446054213,0,0.0011071532265641275,0.5173364248473769,0,0.01407159274925442,0.16071592723253803
10000,-0.05,111,0.0020254713985119847,0,-0.0054878859251344305,0.4341995380000362,0,-0.0003711439299464138,0.09313285637414748,0,-0.018694635242502373,0.05941455269504812
10000,-0.05,112,0.0028367495266468806,0,0.0058482508894250025,0.40290111049437116,0,0.0005263723052085765,0.22125949530347744,0,0.003058053043939609,0.7584721626176842
10000,-0.05,113,0.003190126403248121,0,-0.0015212920482938948,0.8311129369126289,0,1.8702260776267772e-05,0.9164696553996885,0,0.002170093553975207,0.8303008555060275
10000,-0.05,114,0.0029021063370371926,0,0.00013042689466007465,0.9851987851898176,0,2.2988273749376223e-05,0.8254565227981461,0,-0.004083964159720729,0.6798370372080949
10000,-0.05,115,0.0034821159558538007,0,0.0013620697991089284,0.8463816875257837,0,0.00041997631972416594,0.5215148081035021,0,-0.006101090315321894,0.5387488385219621
10000,-0.05,116,0.002643100658426021,0,0.01237441772736023,0.08264150490376354,0,0.0011871276997544723,0.18005857337780928,0,0.0020037301660657133,0.8407244788957948
10000,-0.05,117,0.003922768949494325,0,-0.006543396936985377,0.3445127666145007,0,-0.0006199562411742813,0.3871283218582793,0,-0.010561325369193755,0.2829681266232454
10000,-0.05,118,0.0028252064635696937,0,-0.008018570985393528,0.2523422597861458,0,-0.0006873799883658182,0.8198980424891282,0,-0.0010226829133312037,0.9179951703336653
10000,-0.05,119,0.0031059559717550025,0,0.0013107001451447085,0.8530502028861698,0,-6.003474915788233e-05,0.8568816095857965,0,0.0026106169391240394,0.7930007420247713
10000,-0.05,120,0.003790660092626596,0,-0.0033640667036239054,0.6327539206878836,0,-0.00035905341611817607,0.734471315139068,0,0.005025412480557794,0.615765590090372
10000,-0.05,121,0.005894314672597881,0,0.008937520492612856,0.20428327218935455,0,0.0001470368381409753,0.7234579222784594,0,0.009466451962952352,0.3466600050701386
10000,-0.05,122,0.00368035669898301,0,0.007784243399139433,0.2627417409783826,0,0.0005252210153923717,0.6348315870012982,0,0.007885555727952125,0.42953708705063687
10000,-0.05,123,0.0034214641828998944,0,0.0021869843402054423,0.7541449505533859,0,4.065266599290617e-05,0.7487058727939588,0,-0.005755289227652091,0.5578552093262672
10000,-0.05,124,0.0019959988811257532,0,-0.0025382754923229823,0.7209913201291784,0,-0.00046905206307451053,0.1372691337802876,0,0.0017774680751654129,0.8605252828892213
10000,-0.05,125,0.0021944950177088455,0,-0.004359712054544672,0.5393147215482934,0,-0.0008548304051483937,0.23855567542846456,0,-0.006677572807733555,0.5022577058322337
10000,-0.05,126,0.004610041449191736,0,0.00880229000171248,0.21114423887360093,0,0.0008859740315006203,0.3898723153666088,0,-0.00693340671685879,0.47253594978303615
10000,-0.05,127,0.0029401583780886424,0,-0.010107447012745933,0.1401746349812519,0,-0.0005770643359310005,0.2376814671039691,1,-0.020616475673863766,0.037353087548433736
10000,-0.05,128,0.0029509658492257985,0,-0.0003836414588696507,0.9562448391337857,0,0.00021720697355202234,0.831074750257142,0,-0.005193909137043164,0.5977962950749147
10000,-0.05,129,0.0015926590025585375,0,-0.012098635294915438,0.0854366709163035,0,-0.0009493917345926631,0.4174307995917058,0,-0.01646737282709762,0.0962610164405114
10000,-0.05,130,0.0018864618627494213,0,0.0008028454781838197,0.9088197027314071,0,0.0002805475681399315,0.11524623223221198,0,0.0006140489131404737,0.9515416885768695
10000,-0.05,131,0.0025702267420806843,0,0.002219529414340387,0.7515469484842856,0,-2.1119059907310353e-05,0.7756134542520703,0,-0.003315528865505802,0.7429213900762154
10000,-0.05,132,0.0025733344692814,0,-0.006702353285398034,0.3386198329937655,0,-0.0008589579431569812,0.13391570899752936,0,-0.0021015944544628055,0.8307192558858714
10000,-0.05,133,0.002365886860451664,0,0.013460037203851642,0.059444717194013556,0,0.0011599045002234983,0.6028062631480218,0,0.013634418019577562,0.17509652780038076
10000,-0.05,134,0.0027973879680161804,1,-0.015662536501772215,0.02657770214683621,0,-0.0016172462127751592,0.7990057729738241,0,-0.019158573196012385,0.056555814080103586
10000,-0.05,135,0.003814730802602291,0,-0.004799221582324906,0.5014088263003633,0,-0.001038421854284558,0.3106862574829926,0,-0.019326640716723822,0.05638254790009248
10000,-0.05,136,0.002389842005800239,1,0.018163336937029602,0.009913309464984409,0,0.0008480575116188931,0.9595696902258667,1,0.028540628002988278,0.00420189441096363
10000,-0.05,137,0.002966245213345291,0,-0.003044217959716938,0.6658587180731577,0,-0.00018840133704448416,0.8459939987044016,0,-0.016119525390497984,0.10877347054623215
10000,-0.05,138,0.0029135851244014863,0,0.0031683500448371374,0.6475336256101198,1,0.0008565693290639655,0.012754780260485044,0,-0.006188917967488321,0.5351959284003154
10000,-0.05,139,0.0025684957027208005,0,-0.0025491829956040065,0.7187804465752212,0,-0.00048381913939007985,0.10472257521158657,0,0.0001471456978470627,0.9882058898797184
10000,-0.05,140,0.00611840688459249,0,-0.01231955662196738,0.07856475869723163,0,-0.0016154901391793593,0.5891544700806234,0,-0.01866430176120479,0.059258883501737476
10000,-0.05,141,0.002460774711175717,0,0.0014421168766993236,0.8388595517231727,0,2.463062455475747e-05,0.548711729817053,0,-0.008970645568837499,0.3629253118906379
10000,-0.05,142,0.0038783259449032353,0,0.01014989607804587,0.16366805453253655,0,0.0004953143839358029,0.6778302142706161,0,0.011263050028819551,0.267713614319797
10000,-0.05,143,0.0035738040761035647,0,0.004382884724838578,0.5321888053837408,0,0.0006057841556714883,0.3179692581483511,0,0.007507055426135823,0.44786448655743305
10000,-0.05,144,0.002597058697141845,0,0.0007578922274317811,0.9149539606002378,0,-0.00045978566930358965,0.7666695334750144,0,0.005923012018545413,0.5520839417387056
10000,-0.05,145,0.005431198322592366,0,0.00513658352846196,0.46276709570389396,0,0.00042681190015964607,0.981050179992809,0,0.007572720729481925,0.44369660150739054
10000,-0.05,146,0.00328752564778557,0,0.002359246198804249,0.7377927691279842,0,0.00027294518214427045,0.3829833869457828,0,0.0027156014761944396,0.7841426246462507
10000,-0.05,147,0.004077043977465947,0,0.0044116870383450555,0.5272801373285515,0,9.987162106193535e-05,0.7242356591510237,0,-0.00777582246396609,0.43266114119612165
10000,-0.05,148,0.0029906872631447123,0,0.0013426467073635057,0.8502174841496647,0,0.00018860942771840614,0.5102405830176244,0,-0.005531555046007089,0.5777393597884208
10000,-0.05,149,0.002727343472988218,0,-0.0018012672576166408,0.8030102807888703,0,0.00022230532074961378,0.23328288122505136,0,0.008738342250811552,0.38293394790883206
10000,-0.05,150,0.0037377993241033947,0,-0.008662940003144486,0.22424769702100047,0,-0.001585890696752539,0.8070198710797037,0,-0.007577897482689069,0.4476196046483555
10000,-0.05,151,0.0035555778631038747,0,0.0018098199230123142,0.8005504243976549,0,0.0003751054460412051,0.6120554918683891,0,-0.0010404862150627994,0.9176007644946362
10000,-0.05,152,0.0028685895175393655,0,-0.0036576857552680212,0.6014277512222962,0,-0.0008359225663647728,0.3008452714686991,0,-0.0009833189049072363,0.9209239704030594
10000,-0.05,153,0.0038722914603053485,0,0.002390882678482442,0.7401700569090202,0,0.00046422239334870883,0.44760223217752815,0,-0.01105375613936326,0.28165758795167656
10000,-0.05,154,0.003970337288729469,0,0.0041141967651805705,0.547141241876781,0,-8.327593671890388e-05,0.5485479685746353,0,-0.0028272963006073597,0.7724068666105557
10000,-0.05,155,0.00322949424616993,0,0.002648063159745251,0.706887807650101,0,0.0006255825261854143,0.8965701718109552,0,0.013063284577851393,0.1946481262195344
10000,-0.05,156,0.0016714496189427746,0,-0.012288213310616004,0.07904380646232233,0,-0.0011093262750981867,0.6925164069559699,0,-0.01457845705398873,0.14107391106652936
10000,-0.05,157,0.002674178124618662,0,0.0027036200976801724,0.7061352531582039,0,0.0003625993818486202,0.6873007778193914,0,0.011595314095149706,0.2558838294496955
10000,-0.05,158,0.0029157295657803468,1,-0.01434905548339171,0.037469102554690284,0,-0.000813908910085812,0.9075806965952963,0,-0.011486818400433038,0.24018271664462224
10000,-0.05,159,0.003739011916951084,0,0.0019738256556339367,0.782753710532584,0,0.00015201383273814607,0.8799823803749687,0,0.002617701899997529,0.7936656702828241
10000,-0.05,160,0.0035818079969628185,0,-0.00178312991296091,0.7935614204741099,0,-0.0002630387751104558,0.8209368611191349,0,0.0036327798619184472,0.7121284869214368
10000,-0.05,161,0.0034665531220197583,0,0.009699131432862933,0.16726054358356995,0,0.0008558933965837936,0.6174650800972504,0,0.011790017554842144,0.23008190326793554
10000,-0.05,162,0.003210781778240455,0,0.007221667691680233,0.2939197104906769,0,0.00023052753502997365,0.32399769276889256,0,0.014540925623173545,0.14330955867249537
10000,-0.05,163,0.004534154637231695,0,-0.0038893415034224675,0.5787165647444987,0,-0.0007858214177079,0.11319589226787363,0,-0.014591120923640738,0.14290413923849452
10000,-0.05,164,0.005209542698608723,0,0.0011658429270778733,0.867872767078109,0,0.0005146349036709977,0.817054138098842,0,-0.01425546084487299,0.15649361740102732
10000,-0.05,165,0.0025099335971125606,0,-0.010271552635863684,0.14696162027955,0,-0.00047307106913221876,0.3650843959920941,0,0.0005503322952861885,0.9561933131358543
10000,-0.05,166,0.0034402188096877093,0,-0.004017418909910965,0.5596622597256421,0,-0.0003421169251596098,0.22264996798532455,0,0.0002014033809379014,0.983658513900848
10000,-0.05,167,0.0038526358709020546,0,0.001153671835439957,0.869426285929134,0,6.307942367271707e-06,0.8370627088774105,0,0.016052469102471403,0.10527844360692468
10000,-0.05,168,0.0030819439689155305,0,-0.009967841792951473,0.15552490170569672,0,-0.00046451290039220696,0.5618318623596639,0,-0.009677680919928069,0.33290230452897507
10000,-0.05,169,0.004767338119509856,0,0.004640382426885099,0.5178630423612763,0,0.00040950810039971463,0.6222718801457189,0,0.007201804543123217,0.4749503186529378
10000,-0.05,170,0.0032186663828603014,0,-0.006287412052944781,0.36785546208462394,0,-6.094445593893224e-05,0.2125034570322888,0,0.0034244116464550835,0.7326918668287142
10000,-0.05,171,0.003140196677144781,0,0.00026392247321406796,0.9705812078512877,1,0.00015769275041589668,0.034377102839943774,0,0.0005064780536811488,0.960216046905886
10000,-0.05,172,0.003521504265295224,0,-0.005257649413624535,0.4556146756370386,0,-0.00018774696558411134,0.9617369402254823,0,0.004125342280965795,0.6783508228577828
10000,-0.05,173,0.004550156956428514,0,-0.009163071463094264,0.20603964008513706,0,-0.0010118768474515463,0.652897806907285,0,0.00579022510341561,0.5659851235367463
10000,-0.05,174,0.0038421530700206733,0,0.0034750218099729915,0.6171396953652184,0,0.00026181412962220525,0.3083536470927246,0,0.006165664602964993,0.539233941550082
10000,-0.05,175,0.00206522151446101,0,-0.00315326953106925,0.6590707882584039,0,-0.000536619001880173,0.4167256750291354,0,-0.00355781893820086,0.7229427630980336
10000,-0.05,176,0.0029611458356407065,0,-0.010753587841399539,0.12891110224233046,0,-0.00046775344351593926,0.31225836474973356,0,-0.014741186809820759,0.14380383922837672
10000,-0.05,177,0.003984737776942207,0,-0.005545539702717056,0.4325230139231143,0,-0.0008222310146850875,0.5438176754050394,0,-0.005546384333847997,0.5778820680659669
10000,-0.05,178,0.001996031108566712,0,-0.002166097230055907,0.7588138152175161,0,-0.00048637006508825734,0.8530586092443675,0,-0.005086942016252012,0.6084340614602645
10000,-0.05,179,0.004851204172164913,0,-0.0036660785125059913,0.6098140665961113,0,-0.00016905626223207257,0.8882996353649423,0,-0.009733153178565206,0.3301183618774305
10000,-0.05,180,0.004542239847390754,1,-0.01495513242984665,0.03236132638063257,0,-0.0013703116588705177,0.7990454375895905,1,-0.027837422159614524,0.004855123598507415
10000,-0.05,181,0.00466569848532145,0,-0.004123581011910922,0.5575800234673098,0,7.417203588816515e-05,0.4008015332507314,0,0.008174164696159017,0.41031124231656935
10000,-0.05,182,0.004364188545647232,0,-0.005492497975724772,0.4467137032993572,0,0.00015279974865055823,0.06024623382346417,0,-0.008820749851404347,0.38089418267413433
10000,-0.05,183,0.005442929824631304,0,0.0015775899735435833,0.8184551765333989,1,-0.000251933992929697,0.03176715164117416,0,-0.007789739395578376,0.4249096023058614
10000,-0.05,184,0.0032578805900847514,0,-0.012275452825519631,0.08343031680081256,0,-0.0007523486729493127,0.27589983714924116,0,-0.018940420906431096,0.058801880210170555
10000,-0.05,185,0.002639351441251369,0,0.003706666344831388,0.6005773717684566,0,7.595070263260174e-05,0.6854968476998063,0,0.006832516166680544,0.4941776596034275
10000,-0.05,186,0.004743063742598079,0,-0.003016186815189545,0.6727775103633828,0,0.0003642577220123379,0.19708341480007208,0,-0.0048732556128333136,0.62248317247733
10000,-0.05,187,0.0037869846328386224,0,0.00022376636140471022,0.9753844999414768,0,0.000227397374963715,0.704955421452532,0,0.004778932360292634,0.6390454326178837
10000,-0.05,188,0.003453590812642981,0,0.008373154705287189,0.24011007572620008,0,0.000709025260524621,0.830955160966544,1,0.022323699782714406,0.026804461834705844
10000,-0.05,189,0.004349614360455029,0,0.0069762315548783866,0.3217158924356278,0,0.000337081552184244,0.5282390798957148,0,0.0045608924085158665,0.6463957803072078
10000,-0.05,190,0.0025921946583192298,0,-0.007133125342312415,0.3073121541405775,0,-0.0003267948722127255,0.2444551558308108,0,-0.007699500669188215,0.44220856673613107
10000,-0.05,191,0.0037730351175021435,0,0.0017379608761344074,0.8083949508665051,0,0.0004581002935217638,0.5196889740786161,0,0.0006567951100819908,0.9489857207267494
10000,-0.05,192,0.0018088421512262708,0,0.0001308091485356358,0.9852982295843736,0,0.00021571489678020594,0.7821228495698547,0,0.0034005267828017354,0.735379082258522
10000,-0.05,193,0.003559250441326749,0,-0.007310321747386298,0.29275383307068364,0,-0.0008954879717994295,0.3512416242472143,0,-0.007310139724639315,0.460515575902798
10000,-0.05,194,0.005090628161343745,0,0.007636595689639824,0.27771838948954064,0,0.0006361917817553541,0.5861025206374262,0,0.011324059039812305,0.25128391817860724
10000,-0.05,195,0.002932693537478405,0,-0.0018706485256610391,0.7930997644001856,0,0.0001381999381105457,0.9522518640066111,0,0.007866187263466853,0.438466187643476
10000,-0.05,196,0.004449887533862705,0,-6.377327302753595e-05,0.9926763482728349,0,0.00020062953658859972,0.96413456462354,0,0.003418673592364257,0.7286375126854675
10000,-0.05,197,0.0015488188349597083,0,0.0033415308258481274,0.6371190692623984,0,0.0007336272095692452,0.9473555245864725,0,0.004137688416336653,0.6811999523398511
10000,-0.05,198,0.0019757731086229545,0,0.005917952936669023,0.398893792258303,0,0.0004908836056472692,0.22121727483501896,0,0.0006602028158734126,0.9468005086897883
10000,-0.05,199,0.0012403107311524729,0,0.010608624625228737,0.13697329395435257,0,0.000815420103806314,0.19323472402786768,0,0.005330133222372132,0.5954329579464943
10000,-0.03,0,0.0034986826252805157,0,-0.006596334958297118,0.34721331666758415,0,-0.0006904169849296682,0.45732948196725,0,-0.0025049390211697173,0.8034741016234515
10000,-0.03,1,0.0042302368914901994,0,-0.009647300316880958,0.17551610777888116,0,-0.001072590101521117,0.6647359049722257,1,-0.03308475833562117,0.0010905273305542953
10000,-0.03,2,0.002812691146710778,0,-0.005689242249375381,0.41910720503024035,0,-0.0007265863180699259,0.3023630292454753,0,-0.01435382039606957,0.1503814235317613
10000,-0.03,3,0.0031669587657278436,0,0.0024469813193512702,0.7333566889528988,0,-0.00022523609952893785,0.0897194629820145,0,-0.008779003081923647,0.3802684353855723
10000,-0.03,4,0.004192301135556961,0,-0.008079437662368228,0.2549277796738774,0,-0.0011226461667133622,0.26822462186709406,0,-0.005681300971017847,0.5707526135310632
10000,-0.03,5,0.001610729183633468,0,0.009970992101576514,0.15657499002103398,0,0.0011158422203853527,0.6005538142082384,0,0.007549611193327924,0.44347390599390757
10000,-0.03,6,0.001861996377444159,0,0.006930068275887187,0.3242265865818723,0,0.000568311984203543,0.7853290262595418,0,0.009515523130152703,0.33744855160566434
10000,-0.03,7,0.0008743409821303109,0,0.004673606009114178,0.5123065552967387,0,0.0007344365931535327,0.6573130368189966,0,0.007419811256861189,0.45764709085911137
10000,-0.03,8,0.0034296803727890796,0,-0.007883967377466015,0.26409320764529026,0,-0.0010125683039312009,0.9646978235597916,0,-0.011550158649465563,0.24350534023045184
10000,-0.03,9,0.003965310408618548,0,-0.006513423966049594,0.3526290082340281,1,-0.0007297568328325734,0.046883691474189804,0,-0.0066451065078277334,0.5054235945289958
10000,-0.03,10,0.002475098203782907,0,0.007756413547540603,0.27239327065347146,0,0.0011054713221208025,0.5852709675173959,0,-0.0010381199660190344,0.9167659422334091
10000,-0.03,11,0.00523984966885565,0,0.00734071807512219,0.2981259797230616,0,0.0004606838003549414,0.6040860137861811,0,0.015296977950734784,0.12293608024387949
10000,-0.03,12,0.003289701303237912,0,-0.0097503130608255,0.16583054046044043,0,-0.0013637584663308516,0.8620345614524888,0,0.0006654145297729059,0.9466338293815495
10000,-0.03,13,0.004838723538970453,0,0.0026463282056455647,0.7100358172671943,0,2.4001900889871616e-05,0.5024529880444516,0,0.009154209610622549,0.36336854131143015
10000,-0.03,14,0.004632609729617366,0,-0.012418484223144812,0.08122456236018497,0,-0.0015011500315104166,0.05534585853268503,0,0.001162271159184897,0.9074010386253881
10000,-0.03,15,0.004691639103419623,0,-0.008131872019157297,0.24313452472654978,0,-8.400162778558648e-05,0.2650132501314735,0,-0.0020551193437664825,0.8369144426654825
10000,-0.03,16,0.0034672831003068377,0,-0.0036791282217185205,0.5937371598713838,0,-0.00033646150387267186,0.4328253054163934,0,-0.005212603141411165,0.6021092253817919
10000,-0.03,17,0.00499245070310731,0,0.009485730636721151,0.18231300911985096,1,0.0003441988083408341,0.0428949374045573,0,0.003633478182926133,0.7159071439612255
10000,-0.03,18,0.003134738598558676,0,0.0048743837627820245,0.4913485080302904,0,-5.2729852345985915e-05,0.11983476780566593,0,-0.009234510081010158,0.3568318495990056
10000,-0.03,19,0.0012838972867756334,0,0.007307421016262481,0.29908230447050355,0,0.00012022042461285183,0.938503027395131,0,0.0018199585722560715,0.8555276996883171
10000,-0.03,20,0.0026301630529005967,1,-0.023698670566791674,0.0007957471672918172,0,-0.0019705526609429423,0.6609626227659726,1,-0.023928874031929066,0.01578705239226997
10000,-0.03,21,0.004766243733686937,0,0.008017435171942042,0.2407298710998382,0,0.0009658064678929467,0.791936351109662,0,0.010053587760734586,0.3019255439471765
10000,-0.03,22,0.0031624559882563455,0,-0.01076524058180968,0.12946397132026857,0,-0.0009172070998484492,0.31387494447709474,1,-0.024770373918716056,0.01290962460915281
10000,-0.03,23,0.0025287366580362637,0,-0.003809135943547513,0.588600403518863,0,-0.0003816495777674652,0.2408827147482031,0,0.0005495238828560254,0.9556653914883966
10000,-0.03,24,0.002201821756872167,0,-0.002117101631966731,0.759961375151208,0,-1.6920263168089226e-05,0.23291097113704862,0,-0.003405991387704102,0.7307029312678233
10000,-0.03,25,0.00209528406960103,1,0.022953058267149985,0.0013259441362842002,0,0.0021080188679119746,0.7107987502246127,1,0.033315004603439176,0.0009487145436476646
10000,-0.03,26,0.0008876417271733079,0,0.012084450936675095,0.08963773179658499,0,0.00045852341222948917,0.11043355820585199,0,0.014835988344206692,0.13912465801845644
10000,-0.03,27,0.0026152583263011476,0,-0.009820142781394122,0.16269937753336758,0,-0.0010700561556007434,0.9799350917655424,0,-0.015291390634991396,0.12378764953522406
10000,-0.03,28,0.002085166242369399,0,0.0033696507723224227,0.6348135985117178,0,-0.00012552649931649596,0.47309413500961806,0,0.002160056222527156,0.8278029371866746
10000,-0.03,29,0.004274296303875265,0,0.0021232031384838855,0.7673922101986764,0,-0.0003113188897920466,0.756076822922203,0,-0.00681256464861609,0.5010933181851795
10000,-0.03,30,0.0021770184150987477,0,-0.005830673280648031,0.40975710694853495,0,1.7578955346925355e-05,0.6568337147547924,0,-0.013310682455637483,0.17924952994777932
10000,-0.03,31,0.002801851157810552,0,-0.0068195951564183595,0.3362468160578027,0,-0.0009302357187416501,0.6315022702594573,0,0.0025133697976519437,0.7971285387078761
10000,-0.03,32,0.0031433683874903928,0,-0.0012946684757570636,0.8524532870919161,0,0.0006096420707358626,0.7727252088307215,0,0.003943694016886757,0.6918628701779834
10000,-0.03,33,0.0035236244197793774,0,0.012928290108738198,0.06838668792779518,0,0.00047254048544105375,0.8287165875266563,0,0.01322104366427149,0.19057607648548697
10000,-0.03,34,0.0029632690199472085,0,-0.0056615153513366115,0.42603330425919295,0,-0.0006837523965269596,0.6580004632678028,1,-0.022920589835642338,0.02440005313769523
10000,-0.03,35,0.002269382719623411,0,0.003531634200466583,0.617527956051878,0,0.00020643402170844865,0.4242058728299116,0,0.005180470740587161,0.607231101559641
10000,-0.03,36,0.0017704643970067632,0,-0.00012487263756355603,0.9861243311416522,0,-0.0001787153727717366,0.1256718478304537,0,-0.005312171079273016,0.5954558904510083
10000,-0.03,37,0.0031888857668312303,0,-0.007381916384409503,0.29073710626281457,0,-0.0005134158373581375,0.2052920852580813,0,-0.007468941000960098,0.4468670081478646
10000,-0.03,38,0.0040690520316729855,1,-0.017263812747769558,0.015287886066378173,0,-0.0016529761708294816,0.30865421844640406,0,-0.015442447356425103,0.12766758497330422
10000,-0.03,39,0.0030497061258466093,0,0.005840223064077128,0.39922585392100596,1,0.00047805786800623795,0.009904754430897889,0,0.003956942448588852,0.689169496813292
10000,-0.03,40,0.0028186970346328255,0,-1.6794931712380088e-05,0.9980593272927635,0,0.00012454004457151832,0.9332030829327822,0,0.005411801900292623,0.5880669283107569
10000,-0.03,41,0.00400445797183606,0,-0.0025765733530340043,0.7127630151440778,0,-0.00030024988516696364,0.7344552139177795,0,-0.002083661426299778,0.8354969546664561
10000,-0.03,42,0.004253006826981405,1,0.018766835991983144,0.0075847414270194735,0,0.0014393078848677812,0.7064403130364261,0,0.005082487484403856,0.6068173304198297
10000,-0.03,43,0.004094373937708803,0,0.004698012917723009,0.5000341579688466,0,0.0004910892600588505,0.8061800732841764,0,-0.0010930257496081976,0.911842097254705
10000,-0.03,44,0.005244856409150992,0,-0.0022825401116465856,0.7479673021768853,0,-0.0003010650208233722,0.8156194256080094,0,-0.007735575641816659,0.4436252279738092
10000,-0.03,45,0.00226172451100281,0,-0.011468854746570395,0.10322024667867817,0,-0.0006391513095443293,0.43101634044205384,0,-0.00836714375199079,0.40090148604000964
10000,-0.03,46,0.004149255629639126,0,0.006431025832828345,0.35780926478905717,0,0.0003745278042470413,0.2629286409853382,0,-0.002861523667716661,0.771554190981311
10000,-0.03,47,0.002235333736658407,0,-0.0032302748626339725,0.6473680536976463,0,-0.00023271592017410633,0.4790055100542745,0,-0.009480775693735913,0.3394882273559845
10000,-0.03,48,0.0037451579698157766,0,0.0006929430956153076,0.9215627704210316,0,0.00011688414467051042,0.7909278232588717,0,-0.0005077268676231157,0.9597066549928888
10000,-0.03,49,0.0038055199778614557,0,0.010880834460809317,0.1253700983808981,0,0.0009652513254388825,0.24223701707180778,0,0.011118923615509022,0.26346636807820856
10000,-0.03,50,0.004326042604089157,0,-0.011253670920242674,0.11491073404325942,0,-0.0011781787870221855,0.35190752027501726,0,-0.01226554480567863,0.22044143178990558
10000,-0.03,51,0.00316122814707934,0,-0.008042331065805992,0.24279696586323068,0,-0.0006002380922702165,0.8464887399485133,0,0.003682484952587988,0.7114365625092638
10000,-0.03,52,0.0017090143472513002,0,-0.006539708068308305,0.3619218719495607,0,-0.0005636668390947426,0.8140400070143552,0,0.0007699635119857505,0.9390569371526638
10000,-0.03,53,0.003355784890023699,0,0.007883084278474391,0.2585086538437884,0,0.00019042528098826288,0.06826297090937716,0,0.0023928276108167654,0.8095742314168133
10000,-0.03,54,0.005220776755734415,0,-0.0021334827695272396,0.7681018863989657,0,-0.00026236539552994416,0.6784434516132594,0,0.0019498115284895985,0.8471347401095173
10000,-0.03,55,0.0021620259357336205,0,0.005683554152716913,0.409145788200875,0,0.00048644755371682216,0.24816086913569047,0,0.010624293777235661,0.2784856457945697
10000,-0.03,56,0.0020545067513679568,0,-0.004703532261753002,0.5038960311964821,0,-0.0003342512313633315,0.7389450210506379,0,-0.008844121064872722,0.37180424455539285
10000,-0.03,57,0.005792058838233569,0,0.010307770211668362,0.14569414735820357,0,0.0006785235043141484,0.8016479959847768,0,0.012469390556706506,0.2171385354810324
10000,-0.03,58,0.006685111472826291,0,0.007072746045717111,0.313208850085556,0,0.0005718482853999044,0.958760908623624,0,-0.0006813542200985742,0.9446214378476989
10000,-0.03,59,0.003491224179433823,0,-0.005436627170740499,0.44358904392654064,1,-0.0008343132479262791,0.011486431855516233,0,-0.015331795423988917,0.1260421281618316
10000,-0.03,60,0.002393707691283576,0,0.008478757105829456,0.2051257897422272,0,0.0003941251929144511,0.5322213239957057,0,0.009363402244035693,0.33339201380424044
10000,-0.03,61,0.0023301958345219006,0,-0.0013799666202550399,0.843869455345497,0,-0.0008139641685456984,0.24263395090724382,0,0.0010355297974280306,0.9181422796575587
10000,-0.03,62,0.0023739253563061793,0,-0.005215932098336358,0.4690249264029782,0,-0.0005783654330171041,0.8748133392212978,0,-0.009116565891256772,0.37117568379485566
10000,-0.03,63,0.002962327722408148,0,-0.0032508595130377716,0.6428420108734422,0,-0.00025687942889965934,0.1367917088977193,1,-0.020169946736617587,0.04257312805188736
10000,-0.03,64,0.0027244898720015865,0,0.0024073132813326654,0.734100855852537,0,0.0006940988021522241,0.28317306878618154,0,-0.00266807689750459,0.7909947427221845
10000,-0.03,65,0.0033064141623080356,0,0.0049745919083459544,0.49031828704543723,1,9.51865044127469e-05,0.01770858110316842,0,0.0014927280414150836,0.8792831619781072
10000,-0.03,66,0.003725540246684252,0,-0.006559683664492677,0.35266676730846647,0,-0.0011303734312529026,0.6838851724202692,0,0.006651511352109043,0.5092209693803138
10000,-0.03,67,0.0028078136405400678,0,0.006207318668040069,0.3810933450795091,0,0.0004932631223037809,0.2749885908933093,0,0.005985110592697322,0.5493621139433369
10000,-0.03,68,0.005322565658816654,0,0.003901354410129892,0.5844400608569887,0,-4.954243136215764e-05,0.7143058465806229,0,-0.012964924863125036,0.19746370681644812
10000,-0.03,69,0.002298772882871015,0,0.0018833736042198476,0.7941513411626686,0,0.00037683751116778186,0.9934330106342859,0,0.0050817918568871355,0.6143168830335051
10000,-0.03,70,0.0018080164210853053,0,0.0021252928855347813,0.7671168695007468,1,-0.0006489166279338716,0.006980426448879085,0,0.007546471656030604,0.45319978051270116
10000,-0.03,71,0.0045953963232636865,0,-0.006357698036734371,0.3724462803237435,1,-0.00093587297025605,0.0038592067165356125,0,-0.009267393774512895,0.3603711703560535
10000,-0.03,72,0.005049204328860651,0,-0.004484975551216086,0.5194767763617376,0,-0.0005405327081012699,0.8170793338576589,0,-0.005961973616656742,0.5476356029803793
10000,-0.03,73,0.005522656190051522,0,0.004193823993468334,0.5543648486235999,0,0.0002081368740455939,0.46790075277923593,0,-0.004134044590451156,0.6762776405003019
10000,-0.03,74,0.0013885791286162015,0,0.0022895131983487636,0.7342571220827045,1,6.805020245266574e-05,0.022693901123762128,0,0.0025799946126568926,0.7923533272846508
10000,-0.03,75,0.003869344896861854,0,-0.012963557119267177,0.07341238443796193,0,-0.0013569975060455926,0.9111917367865874,1,-0.027509540890934363,0.006272311924284673
10000,-0.03,76,0.0036232596099559466,0,-0.006405361525968716,0.3554032781074232,0,0.00035368230547582223,0.8834923446133142,0,-0.006429958286088065,0.5136433141884904
10000,-0.03,77,0.0026616745571889206,0,0.006970394311090842,0.3154324786536488,0,0.0001488744387184801,0.8802446296475874,1,0.021819005283172703,0.027485655812805255
10000,-0.03,78,0.0034898630483894914,0,-0.0071704227152545865,0.3220114683392871,0,-8.796714520236637e-05,0.4252332789072968,0,-0.015088338701807818,0.13891843744666643
10000,-0.03,79,0.0031190641972748947,0,-0.008551860241422182,0.2212331851476549,0,-0.0003843328867646301,0.7193538440650011,0,-0.014615240735866251,0.14037629701825738
10000,-0.03,80,0.0035849366386823396,0,0.002403285598940483,0.7319008096754565,0,8.833764083741679e-05,0.06110947493793217,0,0.008705389428551123,0.3819529535244621
10000,-0.03,81,0.004590127739055429,0,-0.002128685337751549,0.7611890725171092,0,-1.2821387364649778e-05,0.7505963199978605,0,-0.01468652150798011,0.14112110295074834
10000,-0.03,82,0.005864391885584981,0,0.0012201923839475191,0.8620720430504363,0,0.00013320558475787443,0.9160010960554315,0,-0.00030384292756720395,0.9752188189439817
10000,-0.03,83,0.0036550402366006475,0,-0.006093472910715482,0.39369114525065607,0,-0.000371855470081613,0.26002136518507746,1,-0.022262370936309235,0.02593421260019121
10000,-0.03,84,0.0036076082094134007,0,-0.004190674023572554,0.5481485715139734,0,0.00014139976881275806,0.8694808288445229,0,-0.0008642944688785092,0.9305197987244569
10000,-0.03,85,0.003344008726803751,0,-0.0022995778360040933,0.7480288813837555,0,1.0794070706927925e-05,0.9566840616887462,0,-0.006588102639444729,0.5115317480189103
10000,-0.03,86,0.0013586098255507569,0,0.0038834904597291075,0.582422829049126,0,0.0003829093013275534,0.4888833609176576,0,0.000736301304972626,0.941058032778384
10000,-0.03,87,0.003125250863283424,0,-0.011918374984828273,0.0962730915034886,0,-0.000769606067714919,0.28722890499758225,0,-0.013532302507881053,0.17868497222469137
10000,-0.03,88,0.0037053466164060204,0,-0.007041476823033688,0.3141366813235305,0,-0.0004486006832040531,0.6106137342326382,0,-0.016541317798265613,0.09531547402834864
10000,-0.03,89,0.0040759768764147795,0,0.009920584498421852,0.1602347622739174,0,0.0011491312339538154,0.94537713456118,0,0.008935739217520255,0.3716849957312798
10000,-0.03,90,0.005190815384951938,0,-0.0028472889930425257,0.6884326515638788,0,-0.0005770743852914532,0.8450864640226523,0,-0.01471853940401079,0.132270025291767
10000,-0.03,91,0.0034282167573937245,0,-0.0013757815253723038,0.8469882080877371,0,-0.0007513441439023862,0.07360815638085105,0,-0.010683844844608843,0.2828403587185078
10000,-0.03,92,0.00461239991323085,0,0.005417876348459303,0.440423221663201,0,0.0008202999406088064,0.4288035335940945,0,9.218914965050825e-05,0.9925998421255747
10000,-0.03,93,0.003633457323218288,0,-0.005153983071776284,0.4742324818083139,0,-0.00014810583547066164,0.5450762748360314,0,-0.000943943716358431,0.9257870172127998
10000,-0.03,94,0.00246560555201707,0,0.005352198736280578,0.450941155042349,0,0.0003338931907138134,0.7631146831439625,0,0.016266102049258793,0.10985743150929737
10000,-0.03,95,0.001921260997667127,0,-0.0016522161528011313,0.8150376601317395,0,0.0005008876188967248,0.976231326898726,0,-0.0017914779982295603,0.8581423226714333
10000,-0.03,96,0.0036245765715236682,0,-0.0031810816937407563,0.641678355423982,0,-0.00017312730952186744,0.1900873481808345,0,-0.009221966973820356,0.34862417496688136
10000,-0.03,97,0.00476205910249017,0,0.008901810297270833,0.20358438889506042,0,0.0004069980898899673,0.5890235466866535,0,0.012244604897106283,0.22159829802520353
10000,-0.03,98,0.0006556234772502092,0,0.0014088711443018805,0.8461087777308055,0,-2.1592037595827306e-05,0.6036290606285253,0,0.014414458481603862,0.15617434922110618
10000,-0.03,99,0.0012370647210451903,0,-0.00659980389125229,0.3515326913455512,0,-0.0007548898151074143,0.7487416308486609,0,-0.00685976375801005,0.4887751353250267
10000,-0.03,100,0.0024097503981987066,0,0.0036564664732940382,0.6106944900543381,0,0.00022630309647843038,0.8327184106475224,0,0.01360526078333616,0.17263261359511392
10000,-0.03,101,0.0037527603163983944,0,-0.010870287146657422,0.12168935158099453,0,-0.0005824061900624955,0.7502893464966081,0,0.0019026265805774257,0.8467094041038958
10000,-0.03,102,0.0065057322986952024,0,0.0014695921222858087,0.8400529926988172,0,1.6069381523091187e-05,0.5250570945674374,0,0.0029694533962398117,0.7696989427715873
10000,-0.03,103,0.004496209506119573,0,0.008198108244118143,0.24329573138668226,0,0.00038580340871406774,0.9065861847784038,0,0.004461804775959597,0.6552629073122649
10000,-0.03,104,0.006076170322924021,0,-0.009128655545497917,0.19318835411309004,0,-0.00010801227825236732,0.1613771811769441,0,-0.010996789757832467,0.2622699958856642
10000,-0.03,105,0.00339196382180043,0,-0.0053250866856386254,0.4525135238678657,0,-0.0006762690191018518,0.4592761114389605,0,0.00017916470232272786,0.9857347291308425
10000,-0.03,106,0.0030839865546746113,0,-0.00404559794541238,0.571684712557353,0,-0.00014357808593152473,0.5171973120722366,0,-0.00922118557780253,0.365173500902219
10000,-0.03,107,0.0027934145206035287,0,0.003941674450458956,0.5793651522436543,0,4.1918260461625555e-05,0.8869774899724103,0,-0.009690338813086232,0.3334473666369433
10000,-0.03,108,0.0035964418747863347,0,-0.0032124415170226217,0.638054538341665,0,-0.00013896036286122594,0.4828508280094572,0,-0.009002397413173366,0.36035310328287706
10000,-0.03,109,0.00542226809252459,0,-0.001128680672841673,0.8741236738906607,0,6.717065581047603e-05,0.6706790579633255,0,-0.004966410954564805,0.6155076074022137
10000,-0.03,110,0.0028445051823353038,0,-0.00040160762389115565,0.954421214742162,0,-0.0003659777803161275,0.412259421875788,0,-0.009326857233396936,0.34526129045291
10000,-0.03,111,0.003873172751632061,0,-0.005462780660374609,0.43577372679807447,0,-0.0005627384773970082,0.5151697463391536,0,0.013150683398338721,0.18390698582056447
10000,-0.03,112,0.002829100765875682,0,0.0008693420429032113,0.902633429253334,0,-0.0010167784446385886,0.07530031409069815,0,-0.0049756468524857055,0.6211765990288723
10000,-0.03,113,0.002999286715355463,0,0.003364380979673842,0.6168261634991256,0,0.0006514999237822438,0.5749684785933832,0,0.0004032879922393614,0.9666494829647817
10000,-0.03,114,0.003627323891595465,0,-0.0008399701364284862,0.9040928200970217,0,-0.00035754097288402274,0.0734269281287061,0,-0.00617910700756686,0.532901697068406
10000,-0.03,115,0.0031886205760868697,0,0.009744147530352458,0.16132875944785605,0,0.000463373246214319,0.6728608976242679,0,0.0009837069573571913,0.9209321858186135
10000,-0.03,116,0.0032082579435692453,1,0.018156421940771987,0.00993121899868909,0,0.0011298000055414278,0.8001311119649696,0,0.01185512188463114,0.2310806139085717
10000,-0.03,117,0.004234175661206153,1,0.014459673879129446,0.040710980282593845,0,0.0014254630952676348,0.4045888198432164,0,0.006458668874886818,0.5163324235560993
10000,-0.03,118,0.002410192087449034,0,-0.0030601210358838565,0.6596507247290204,0,-0.00034732140620373893,0.5929177127691685,0,0.0008988146965496905,0.9280744478498414
10000,-0.03,119,0.0019021024021291786,0,-0.004187067403485186,0.5571651422233651,0,-0.00038712840480643423,0.5829599644614276,0,-0.014215956138490762,0.15597645687673245
10000,-0.03,120,0.003543892514822588,0,0.0032747617911823264,0.6390434984767492,0,0.00011019972919353586,0.8970166091238456,0,0.0038941997174287485,0.6922205704166173
10000,-0.03,121,0.004788951241193479,0,0.011467836560787424,0.10451050740448972,0,0.001029877750256779,0.2726284585936596,0,0.015784808126908943,0.11414110542970309
10000,-0.03,122,0.004950230878390896,0,-0.0001257588312468588,0.9860262250477437,0,2.5068620618768868e-05,0.22286837615220845,0,0.010894928755350938,0.27721866346854696
10000,-0.03,123,0.003168012889465369,0,0.0009577051410387329,0.8892035922690484,0,0.00022097294181341239,0.4171349196324756,1,-0.02011094855690663,0.039373777350829975
10000,-0.03,124,0.00296293402623439,0,-0.012565239134636466,0.07591812826460363,0,-0.00032395865706778506,0.7647579434835794,0,-0.01559736363257688,0.1185220883359368
10000,-0.03,125,0.004209494230120559,0,-0.007819100735976976,0.2679318371022124,0,-0.0012501189812308337,0.09093607363809952,0,-0.01370899051279183,0.17276450578453423
10000,-0.03,126,0.0014885959353357209,0,-0.009407191091267414,0.18059014523175898,0,-0.0011965778210873137,0.08969924914491945,0,-0.001671591929366392,0.8667176319236801
10000,-0.03,127,0.002467385314916309,0,0.0069102931843580346,0.32682504110669763,0,0.0010708281188899975,0.5935644659338475,0,0.011091410621720196,0.26482252757066443
10000,-0.03,128,0.0017136165716115132,0,0.0003959510988265631,0.9555019979441609,0,-9.974612110533956e-05,0.6454516446569968,0,0.008474722409319665,0.3996628977812271
10000,-0.03,129,0.0028832168301704316,0,0.011026981135072713,0.124396150116863,0,0.0010737199709160538,0.7925063599321307,0,0.01128065059559875,0.26612173215102086
10000,-0.03,130,0.0030570117749903225,0,-0.0063586678813926266,0.3656977461170884,0,-0.000633641129578016,0.5793915040991668,0,-0.013386859650023387,0.1813957461131586
10000,-0.03,131,0.0032834627935992644,0,-0.003001943975607011,0.6679998910408174,0,-0.0008655528150071553,0.07913937417207084,0,0.0013904826767539352,0.8885314763874831
10000,-0.03,132,0.0023463067413046026,0,-0.010652540715965305,0.13056611095681636,0,-0.0006562097961983071,0.587545726380659,0,-0.017508886958696963,0.08601505549945773
10000,-0.03,133,0.0017549400757898557,0,0.004910135784264689,0.49504064871213027,0,0.000620235038623036,0.11982731786862122,0,-0.003216083806295614,0.7486838472883839
10000,-0.03,134,0.002462602945686289,0,-0.004186603700249784,0.5578723070198638,0,0.00021172242027668386,0.6068778831026138,0,0.00027039372815181257,0.9784038918385274
10000,-0.03,135,0.003993480566438913,0,0.0005687153319356847,0.9353571795438794,0,5.848107164833943e-05,0.4886935961102066,0,0.001007202272165263,0.9199936173505938
10000,-0.03,136,0.0034262081147728323,0,-0.0017178743482485213,0.809828174069914,0,-0.0001237575259473565,0.6816559988167297,0,0.01401304902207759,0.1683359343777687
10000,-0.03,137,0.0035761437470850795,0,-0.003043247598398563,0.6610156993302181,0,-0.0005412604662783922,0.6766493710732041,0,-0.00917414995029366,0.35562374910994143
10000,-0.03,138,0.0031389990892634165,0,0.004206750421081231,0.5542808213426393,0,0.00046019803124041785,0.956870290447061,0,0.004925778067976575,0.6277311689670908
10000,-0.03,139,0.003126116264949457,0,0.011275701958942907,0.11787265198091626,0,0.001437218948551715,0.9974461489476367,0,0.00606418829501633,0.5550300323886986
10000,-0.03,140,0.0045563079186754715,0,-0.0075897677741014,0.2797171936545589,1,-0.00010837800808196607,0.012818428197582166,0,-0.0007721464254343891,0.9382257780570142
10000,-0.03,141,0.006244352904290057,0,0.0008138567453842387,0.9073813202560749,0,0.00023622572098416498,0.6823533704645046,0,0.0005964973385358223,0.9521499855199163
10000,-0.03,142,0.003619116477290551,0,-0.0018687381944542036,0.7930417199954963,0,-5.9118672263106686e-05,0.7808391642564276,0,-0.006345784539627089,0.5223167635561179
10000,-0.03,143,0.0034683049932106285,0,0.001476178021140207,0.8364137517859795,0,0.0004704255692399941,0.6396134325237544,0,-0.002573822574761653,0.797119103979942
10000,-0.03,144,0.007901001349505497,0,-0.007812464669450677,0.25919066166786986,0,-0.0002470332691058975,0.10433290996070255,0,0.0036624720698202984,0.7090927411977604
10000,-0.03,145,0.001853129933448612,0,-0.006039371865949075,0.39650198814170634,0,-0.0003947563501942025,0.3998768748113326,0,-0.005564649391933277,0.5766645570519129
10000,-0.03,146,0.004852689675952655,0,-0.00010344543327224726,0.988373868934061,0,-0.0005962366024689236,0.7021143374205274,0,0.00469185529398127,0.6404564246383725
10000,-0.03,147,0.0018345063292462167,0,0.01075399472017256,0.11713099125111108,0,0.000802796521807069,0.7742536311329228,0,0.018161330963940774,0.059465005287478716
10000,-0.03,148,0.005324120762767589,0,0.0003962381108890329,0.9548209385208709,1,0.00013844479421229726,0.02896427847699501,0,0.004025188503142955,0.6838737097430001
10000,-0.03,149,0.003861191847508457,0,-0.0076693958303234114,0.27817161329835494,0,-0.000742557111177598,0.43286437358663776,0,-0.019064311848920712,0.05391787551871646
10000,-0.03,150,0.0017289338308387994,0,0.005191908019080569,0.4628432468496746,0,0.0006724039366644822,0.7590837667591299,0,0.008178595118861185,0.4151507388433302
10000,-0.03,151,0.0018942745256262483,0,-0.01017084737636998,0.15089323141390132,0,-0.0009557108590973495,0.2077394176056555,0,-0.01367025233623279,0.17201858059268468
10000,-0.03,152,0.002363581970942447,0,-0.005854119109726429,0.40843580295590753,0,-0.0007011124623830222,0.6443337012526584,0,-0.014509580309134544,0.14699538948202864
10000,-0.03,153,0.003174180576596747,0,0.00029375292009537835,0.9664785937170484,0,0.0008628140249696859,0.8962696731160543,0,0.005910764774470578,0.5516336487917267
10000,-0.03,154,0.003903681348948076,0,-0.004242650443254982,0.5454990830132012,0,-0.00014266816126955767,0.49071522333359485,0,-0.003570020765134201,0.7161745397444179
10000,-0.03,155,0.0016199700575597771,0,0.006025193657219621,0.3915079831588414,0,0.00037164334031334045,0.5646850001147135,0,0.0147838171754371,0.13311706075036553
10000,-0.03,156,0.003307004023832848,0,0.002474282868980415,0.7274203723649477,0,-5.308231344763676e-06,0.5672718976074345,0,-0.005999787867650084,0.5501023419267239
10000,-0.03,157,0.003968202441065463,0,-0.008326466274500175,0.23092525492096969,0,-0.0005207850738818171,0.37207239839106676,0,0.001778158365658649,0.8563412236641724
10000,-0.03,158,0.004095204112630114,0,-0.010796676516954668,0.1217575257746503,0,-0.0006422144208605955,0.5302146472906497,0,-0.008080812480178527,0.4132861404670384
10000,-0.03,159,0.005187623291888422,0,0.001956912623993178,0.7816086238131026,0,0.00011212260457794059,0.055354827861611056,0,0.003979466765675442,0.6881423454111866
10000,-0.03,160,0.0027544740230962014,0,0.0021919613219409453,0.7609748454273585,0,0.00025008682481387736,0.8406342755285239,0,0.0076389469732275495,0.4491905583271888
10000,-0.03,161,0.004109750848579842,1,0.01421634852069885,0.04630531654272383,0,0.00106174078863351,0.05711398303170612,0,0.012684931101756194,0.20231708772097495
10000,-0.03,162,0.0032474511156460432,0,-0.0003685777868344608,0.9578576699517134,0,-0.00021655117609417832,0.8500721332759721,0,0.002503304814773584,0.7998978082785445
10000,-0.03,163,0.004527774512465473,0,-0.007954033730210109,0.27063329826909444,0,-0.001046486932199417,0.1739485578199088,0,0.00499777485427696,0.6175504152586706
10000,-0.03,164,0.0019196240206707587,0,0.007422540858734951,0.29635414304022173,1,0.00044327736645394066,0.019424370883484254,0,0.00901481972954468,0.3739289664873292
10000,-0.03,165,0.004235380447267605,0,-0.0028884144811770923,0.6856548776739312,0,-0.0003914966749599116,0.6591973874878585,0,-0.0016528123847700596,0.8706217129387589
10000,-0.03,166,0.003321771727537713,0,0.004735440740627003,0.49633075691195006,0,0.000382322383221976,0.19256234407105166,0,0.004490809612727962,0.6511092740046878
10000,-0.03,167,0.002633146564107515,0,0.0009699541740579658,0.8913957283360027,0,0.0003741366249621697,0.9776110044516038,0,0.012172585825739891,0.22710538064303096
10000,-0.03,168,0.0019873478275420917,0,-0.0004398357911961602,0.9507117241712677,0,0.00022452204238809502,0.7414843124065033,0,0.004492691225956068,0.6606447742973678
10000,-0.03,169,0.003930603428591116,0,-0.006127460878075655,0.3876685505503974,0,-8.883529139870796e-05,0.5706772583056421,0,-0.018359047729304318,0.06670813083198483
10000,-0.03,170,0.0014033323709351196,0,-0.002262669348034541,0.746511952944412,1,0.00039182682620213314,0.021793635964196367,0,-0.005121295017042354,0.6093555210666192
10000,-0.03,171,0.0020017630218977576,0,0.0051423681444477,0.46792254607063744,1,0.001042535128873236,0.046307593683939996,0,0.016363623940480906,0.10362676679884811
10000,-0.03,172,0.0042414471414340274,0,0.005718991441512344,0.4167241120675219,0,0.0003770840872885752,0.4698741278285732,0,0.000612920616060842,0.9501443344275788
10000,-0.03,173,0.0034918653183707046,0,0.005598499829662931,0.43650076079182176,0,0.0005837151254766281,0.060932310165862535,0,0.011203897122226423,0.26612733010109735
10000,-0.03,174,0.0059837983013552734,0,-0.004352842459752691,0.5336873269691231,0,-0.0006957102869126741,0.7086935742469966,0,-0.002023288931452971,0.8377785737959987
10000,-0.03,175,0.002766128551451885,0,-0.005990585217246443,0.3975029510753658,0,-0.0002571641096717082,0.7835257059530125,0,0.00760737171589501,0.4454929147767581
10000,-0.03,176,0.002526425427181872,0,-0.008112170118043185,0.24767560501311361,0,-0.0008159949226717342,0.46934437399297013,0,-0.013346372743700267,0.18451458717713026
10000,-0.03,177,0.0023622982311652762,0,-0.0002718086941742991,0.969414468611061,0,-0.0007551268709629071,0.9458587638828224,0,0.0029874677515464403,0.7647806564380605
10000,-0.03,178,0.003479370639770633,0,-0.003967401129364609,0.566811579693772,0,-0.0010288557343972385,0.1712987522107804,0,2.9627972270617484e-05,0.997603192736181
10000,-0.03,179,0.003699683502625207,0,-0.0019427821415000683,0.7821755585530527,0,-0.00038231438873949044,0.49982484715556974,0,-0.01149477237989317,0.24476484311898702
10000,-0.03,180,0.0027598652599700076,0,0.0017912986186889275,0.7987877587751481,0,0.00037676279550363746,0.5714753022316053,0,0.0010081830253437485,0.9206788995977903
10000,-0.03,181,0.001622964387325779,0,0.0030769970220023285,0.6587190421456568,0,8.734713221930465e-05,0.09991274229559921,0,-0.0021580213087305034,0.829318482175164
10000,-0.03,182,0.00349706077262045,0,-0.007967762239729687,0.26162742871472894,0,-0.001091222534871121,0.5626866344439028,1,-0.020554330165852373,0.041040202961700904
10000,-0.03,183,0.0039712353511794085,0,-0.0122532186355856,0.0829689890517008,0,-0.000781047354753368,0.9844400327644243,0,-0.014063257960429888,0.16315677206052678
10000,-0.03,184,0.002372492469109036,0,-0.006941003398444581,0.33599809873188746,0,-0.0006998793470933761,0.8713743712969717,0,-0.01690800759179848,0.09731093712401746
10000,-0.03,185,0.0020850363052728068,0,-0.010136770028407386,0.1471087533093386,0,-0.0009528190311778017,0.8042783188293141,0,-0.011292921445195087,0.2517035990590163
10000,-0.03,186,0.0036206164055713067,0,-0.005382827973405311,0.4398794287129896,0,0.0002156011038241795,0.4704480804071952,0,-0.01323720765670023,0.17769547796963292
10000,-0.03,187,0.0023447955334092753,0,0.008176190493992843,0.2442699102220052,0,0.0004093262141667488,0.4477918361959594,0,0.013160009429775228,0.1820294573616914
10000,-0.03,188,0.0022525999850498196,0,0.002740193259641386,0.707738397763451,0,-0.00020444821223315613,0.517021045169586,0,0.003954926328584046,0.6945266871604374
10000,-0.03,189,0.0034268320684956374,0,0.007315639409266668,0.29928529284772193,0,0.00046361635814333246,0.6460840999257406,0,0.012871865926199471,0.19901449718328498
10000,-0.03,190,0.002627023040794345,0,-0.00778363703504993,0.2730355710241207,0,-0.000790289599791897,0.7349481147241433,0,-0.0027646363003646637,0.7849964452487144
10000,-0.03,191,0.002786503454190685,0,-0.008817845600370619,0.2067698480651174,0,-0.0002822236120122719,0.8651430391534742,0,-0.004432698225923095,0.6573297812972585
10000,-0.03,192,0.0007821441595914362,1,-0.016031204531649947,0.021158640110337038,0,-0.0012517172169520948,0.6431363015408718,1,-0.02550996100353919,0.010772596851826053
10000,-0.03,193,0.005050144842552314,0,-0.010916190031648417,0.11740746134903537,0,-0.0007194947736562287,0.9283356209807687,0,-0.012797442482079315,0.20186539039482262
10000,-0.03,194,0.0053138535011834406,0,-0.0002556799326278855,0.9715463308476395,0,-0.00014044700554782046,0.877304218957562,0,0.0024470860510978154,0.8092496567983096
10000,-0.03,195,0.002371619824021102,0,-0.01035543875487175,0.13926592016950565,0,-0.0012443215017406727,0.6183600905272337,0,-0.010096896540090595,0.31333743157994626
10000,-0.03,196,0.0012296777505862641,0,-0.010578745329433765,0.1404285183670957,0,-0.0007882036351993303,0.1670235874135655,0,-0.002180192783454965,0.8280823310531944
10000,-0.03,197,0.004162366081246724,0,0.004378811206911595,0.5389788830866118,0,0.0007633809097054849,0.19138397125135798,0,0.0026050412204181002,0.7947726879120656
10000,-0.03,198,0.004320367983643712,0,0.0012765727461651183,0.8571326586128556,0,-0.00017081087986776637,0.7672859656420276,0,0.008068264367395583,0.4158929746562158
10000,-0.03,199,0.00444834987031281,0,0.00365696176459134,0.6044383271589278,0,0.0002120543897702385,0.5854053017912765,0,-0.0018039001200019552,0.8548658371868568
10000,0.0,0,0.00304785031887013,0,-0.002310721036820679,0.7478886690771358,0,-0.00017543872959398585,0.2634191178990761,0,-0.01065771869452509,0.2889329211939174
10000,0.0,1,0.002582686136891401,0,0.0010355677738767832,0.881736009160399,0,0.0002676156386592913,0.3032297902682517,0,0.008026429296574504,0.4215503316260081
10000,0.0,2,0.0015397461508322523,0,0.0038873151028960967,0.5895805209638982,0,0.000697236443538585,0.5912884548164816,0,0.00819960972633232,0.4184924422975086
10000,0.0,3,0.0026826182190781227,0,0.00745465519144502,0.30413344353259486,0,0.0004002751672134821,0.4044159854222672,0,0.005001419624658604,0.6207249719791157
10000,0.0,4,0.004123120992563178,0,-0.003364217739266424,0.6390683727689601,0,-0.0008043413414404467,0.41672302390071514,0,-0.013872571110817442,0.166694549634074
10000,0.0,5,0.0035645464508117,0,0.008023865056396972,0.2554561682330004,0,0.0007511878595373862,0.635077856227571,0,0.015260942588329426,0.1235109398166103
10000,0.0,6,0.00386141581000721,0,0.003988994223277902,0.5635633435066195,0,-5.054516953193704e-05,0.6616072452775185,0,0.012222663593295479,0.21272968994786107
10000,0.0,7,0.004531319303685607,1,-0.021027008841211697,0.002998466841693649,0,-0.0014447171312762443,0.05373079734766317,0,-0.01541764734699508,0.11948233062240686
10000,0.0,8,0.002054249343794313,0,-0.0027511263745850106,0.6947819062384846,1,-0.0004706904811032037,0.004504532806477113,0,-0.003661646930257944,0.7096656739774275
10000,0.0,9,0.003908399307512715,0,-0.00448844616250408,0.5107375648508827,0,0.0004037689734932474,0.3704110836514585,0,0.003380309577662239,0.7255114759532508
10000,0.0,10,0.002767306070727829,0,0.0012248775617148856,0.8643033678391505,0,0.0009517290094575968,0.5669436580568132,0,-0.0008283829280837625,0.9342426043293521
10000,0.0,11,0.004165048692683577,0,0.00840700930091624,0.23021716098272196,0,0.0012065863731899424,0.3846243346719531,0,0.014528516028965613,0.14210007653363302
10000,0.0,12,0.003013567269356271,0,-0.0034929686439350406,0.6156342539026327,0,-0.00011834161930553475,0.5892788098479245,0,-0.009443414762203848,0.3432465357733441
10000,0.0,13,0.002575440264642426,0,-0.008339022984770086,0.2443468368260691,0,-0.0004790177489728794,0.8271439023250196,0,0.005342552970801914,0.6009325220128322
10000,0.0,14,0.002603375373820986,0,0.00036855401811595155,0.9586312097347639,0,0.0004601020663292038,0.07293077591696595,0,0.00508757702637501,0.6123370808611808
10000,0.0,15,0.001571337109069859,0,0.005694667482376645,0.4056645638753471,0,0.00041412513974643626,0.7565447690167157,0,0.0017744461821068635,0.8596461577716045
10000,0.0,16,0.0028733743082080478,0,0.00278162916465783,0.6892883490562937,0,0.00027299287823245,0.20950212213375996,0,0.007051926617542349,0.4726295732135596
10000,0.0,17,0.0016868776635819613,0,-0.0023823188333528156,0.7338922093751626,0,-9.002623524977982e-05,0.45031012173195406,0,-0.0029869374210005446,0.7641804234604005
10000,0.0,18,0.002248689536267821,0,0.00651465094894386,0.3632448912056847,1,0.0006601885056129127,0.04501221630823937,0,0.011695207621342267,0.24581675877740314
10000,0.0,19,0.004392301037691835,0,-0.005034811110476286,0.46785653326785126,1,-0.0003598302832195512,0.03796781886809675,0,-0.012998033841299422,0.1849891358853141
10000,0.0,20,0.0026736449967567568,0,0.007263907020666757,0.3115085332914452,0,0.0007586068893416999,0.16074637904230438,0,0.017121544635411608,0.09135742656422004
10000,0.0,21,0.0029392502820802047,0,-0.0013834866569156397,0.845875620463233,0,0.00011802935760645525,0.9750611699911261,0,0.004626582976762135,0.6489262813510006
10000,0.0,22,0.0022855655135006793,0,-0.007854607486283834,0.2623634554343383,0,-0.00036230240025387405,0.9321181844043657,0,-0.006125646787619639,0.5387190773283763
10000,0.0,23,0.002763674989819064,0,0.0017829913939974035,0.8001768616128218,0,-1.725601549951756e-05,0.09059186279081388,0,-0.007358757522635848,0.4656276530615747
10000,0.0,24,0.0024625380420528423,0,0.0003536960370778756,0.9597031671895951,0,0.0003066027240371105,0.5935134070244924,0,0.00015274853243897168,0.9877922804681499
10000,0.0,25,0.0033221986358847105,0,-0.008267214742820436,0.23646258036865037,0,-0.0012896909601919913,0.3802494885126301,0,-0.002629130926359146,0.7907708276711699
10000,0.0,26,0.0019639649508115904,0,-0.002440579258115877,0.7298032694620273,0,-0.00047939877181248265,0.4113795251550141,0,0.0005012881698348002,0.9595010618666004
10000,0.0,27,0.0034385319198927643,0,0.006285787901217241,0.3746229006009869,0,0.0008049489631616055,0.14132895672838952,0,0.0036579165635217074,0.7168699289768916
10000,0.0,28,0.002982046026110844,0,0.004947058450269753,0.48162654098309465,0,0.00035147694239264963,0.869033854234875,0,0.01243215764660401,0.21016538487095476
10000,0.0,29,0.0027109599253686317,0,-0.0006905956102024797,0.9207903395351015,0,-9.729234681855643e-05,0.17943621693151557,0,-0.00568183940047454,0.5662870906644313
10000,0.0,30,0.0030453286606692215,0,0.0017426413601773487,0.8034190285040371,0,0.000278586720151411,0.5217787649825292,0,-0.001199025457272183,0.9031837015102193
10000,0.0,31,0.0021862391542256648,0,-0.004724139815853758,0.5062397474662688,0,0.00029318757078663734,0.14476874695730269,0,-0.011403301316666286,0.2537453561836337
10000,0.0,32,0.003469319825343515,0,-0.009784686510693578,0.1726006610184024,0,-0.0012137620340541622,0.9373215262196528,0,-0.014147576918257259,0.15819522637820513
10000,0.0,33,0.0011683485623911962,0,0.0021526176481140033,0.7648099949327517,0,0.000198772088934312,0.47478245625893356,0,0.003366045182391565,0.7369637764007886
10000,0.0,34,0.0020440207139202525,0,0.001451237909589812,0.8385626805535896,0,-0.00020101327689829484,0.9540092922169202,0,0.0019969434556339543,0.8439457417606162
10000,0.0,35,0.0028939717910981743,0,-0.0023739809585938123,0.7394991859085671,0,0.00014338241873547425,0.125416926238323,0,-0.0033406315143054022,0.7372374425669899
10000,0.0,36,0.004400135423253155,0,-0.004084299957950396,0.5685676536948205,0,-0.000279004813128051,0.0822949154758984,0,-0.015836134531619958,0.11591995319227699
10000,0.0,37,0.002086775485985267,0,0.0008695451164651364,0.8989188298390559,0,-4.789594284643143e-05,0.8695576652041221,0,0.0021011824969561785,0.8318639229528119
10000,0.0,38,0.004762924363963304,0,0.006352100845217463,0.3603745170389113,0,0.00051856940830329,0.7585314921295125,0,0.0007918646864445069,0.9363419887210127
10000,0.0,39,0.0028636209671473226,0,-0.0019528259766374446,0.7852960414173378,0,-0.0003081604956513517,0.7805749488608287,0,0.005097574312905368,0.6132178907381944
10000,0.0,40,0.0023700448029603653,0,-0.012541611010676652,0.06871310975532097,0,-0.0011776405396866849,0.15207458067952317,1,-0.027685019473818552,0.0048879249770563
10000,0.0,41,0.002972655053989566,0,0.0011351947626514177,0.8725294668718954,0,0.00018477097634734765,0.8480818086823182,0,0.009082351055874247,0.37019761312557675
10000,0.0,42,0.004520921687013376,0,0.0035283477570114347,0.6158689562445285,0,0.0007292975150488108,0.5894356666596681,0,0.004693182654939514,0.6436988975046921
10000,0.0,43,0.0036402514506511884,1,0.015369667304607754,0.030700930224145915,0,0.0013424697575745944,0.453013573079879,0,0.016167888021126786,0.10714797677821067
10000,0.0,44,0.0025389757087784953,0,0.003484641229223695,0.6256751723976166,0,0.0002629918816962969,0.9337791607557705,0,0.002549592038508299,0.8003859511750381
10000,0.0,45,0.0037265722281416966,0,-0.00034749727586587354,0.9599596323023906,0,0.00016520487958014018,0.9193802476693744,0,-0.012771294611341156,0.1972025173820063
10000,0.0,46,0.004301410770842277,0,-0.0011586450481838049,0.870884083651251,0,-0.00043525786256388266,0.39718008737708144,0,0.01045135823671986,0.29257298842750645
10000,0.0,47,0.003773484068511554,0,0.00047410047154371453,0.9468231164691943,0,8.211703859342801e-05,0.8007684296109026,0,0.0028814875722719025,0.7723685030768135
10000,0.0,48,0.00586221983619749,0,-0.0021108565952095994,0.7659357494587156,0,0.0001556317435795642,0.4511795208563203,0,-0.009380756985208748,0.35340370600462157
10000,0.0,49,0.0017706322936210663,0,0.00751050626244957,0.2892931878382654,0,3.2616517472765736e-05,0.5918453881335397,0,0.01635785014343947,0.10602399497457517
10000,0.0,50,0.0018911262517952755,0,-0.0016002903191839283,0.8217805184625574,0,-1.1394243960755226e-05,0.9342411508573892,0,0.0016315187348184225,0.8692208130054433
10000,0.0,51,0.003791873671809259,0,0.004062356164456108,0.558100285253513,0,0.0007220166657559208,0.14815115734430628,0,0.00464567477554104,0.6374872027370357
10000,0.0,52,0.0024864379104774384,0,0.005465904738135384,0.44550577388809054,0,0.00046543100949267545,0.9386427389044801,0,-0.002513418317428388,0.8022632033914116
10000,0.0,53,0.0029659265636322748,0,-0.003930300321188114,0.5800899702125716,0,-0.0004967409060044056,0.6776184290041247,0,0.01001400730777504,0.31961153286300314
10000,0.0,54,0.0019266868413439428,1,0.014772504908933254,0.03920648128584601,0,0.0013416524995576121,0.39339254906583954,0,0.019591423466743675,0.05054670905358983
10000,0.0,55,0.00416486517512841,0,0.0017829190904833786,0.8018102298114095,0,-0.0002648348696718939,0.8749486206267634,0,0.008518836695698404,0.3940464096833066
10000,0.0,56,0.004263319878149849,0,-0.004782085165075646,0.49460707457986064,0,-0.0005483312839682284,0.3417279753838255,0,-0.0033420626895712393,0.7344536255060694
10000,0.0,57,0.0034436838152141942,1,-0.015572035174542299,0.025699171348519675,0,-0.0006748280458111744,0.5418723560451378,0,-0.006042047381984554,0.5438449083954767
10000,0.0,58,0.0032050404842810555,0,3.821819383167859e-06,0.999565874338116,0,-2.9347052929602774e-05,0.6849109808983379,0,0.014111106292627996,0.14978953448737267
10000,0.0,59,0.0019792283331357464,0,0.002354150743363124,0.7419327171733321,0,0.00023756858141394313,0.10294755271723688,0,-0.0032655401283839557,0.7445113963985164
10000,0.0,60,0.004149344247318783,0,0.0010088890093571151,0.8866937271037771,0,-0.00015940706222153522,0.07058229251708292,0,-0.0005064209240967085,0.9596857462054296
10000,0.0,61,0.0032500861447621672,0,0.000819263740224367,0.9069342197782289,0,5.3138629441628585e-05,0.5781148718915226,0,0.001022226866914033,0.9179671985904374
10000,0.0,62,0.0027788094286951112,0,0.005098200664712468,0.46818891800200946,0,-0.0001214297819497285,0.8722626283185368,0,-0.012233235917765616,0.2170779976150496
10000,0.0,63,0.002962646381284742,0,0.0005243378966075132,0.9396297556972337,1,8.11232332086246e-05,0.049122373575736566,0,0.0016658799805954272,0.8668741923580907
10000,0.0,64,0.0026584798732670607,0,-0.011517823396402737,0.09879192138123911,0,-0.0007151297002555415,0.43426684664928783,0,-0.010701745193351087,0.27238612276484736
10000,0.0,65,0.002504423597805004,0,0.005828049611420664,0.4071098498280463,0,0.000713692039595524,0.15447281905925125,0,0.010709943741295438,0.2853331622644291
10000,0.0,66,0.005997882444107598,0,0.011254412035067812,0.10678176579364591,0,0.0006088162937117933,0.3693986402143494,0,0.0013096927912427652,0.8954691794944487
10000,0.0,67,0.002760904743242208,0,-0.00256426345847721,0.7136651661876326,0,-3.300278175341824e-05,0.25761255132245964,0,0.002342598146345108,0.8127147434130984
10000,0.0,68,0.0036983170961159577,0,-0.003890888458714156,0.5861026464991488,0,-0.00024898009144954514,0.5878030481853358,0,-0.006701341713875342,0.5041976205744039
10000,0.0,69,0.0053595109381258214,0,-0.004107913529709019,0.5684611921799305,0,-0.00037403512128073816,0.4315412429750658,0,-0.001640961584781833,0.8695276237011286
10000,0.0,70,0.0020010232010019323,0,-0.005366338302918784,0.4414176653950531,0,-0.0007880076639958528,0.7841624636030871,0,-0.009025102812482682,0.3533223650560129
10000,0.0,71,0.0008244892002327064,0,0.005514000886563353,0.44605921033978413,1,0.0008299513479647592,0.04511548061619952,0,0.00988620505206831,0.32895114983712603
10000,0.0,72,0.004110032615878327,0,-0.008030818661658315,0.2530591184772078,1,-0.0007572949854721598,0.02821038359576611,0,-0.004667048650147283,0.6391038903464921
10000,0.0,73,0.0018424971855877815,1,-0.015684789132451558,0.026809957244811142,1,-0.0008737265789914302,0.0010578352065716556,0,-0.017834391141026862,0.07158412966001805
10000,0.0,74,0.0036786871058969955,0,-0.012224975395680614,0.08418088465960698,0,-0.0006596442717663546,0.5429971047473532,0,-0.0004581519599924557,0.9631002993691341
10000,0.0,75,0.00444719990391808,0,-0.0010268898575519609,0.8854718985474692,0,-0.0003409549014003998,0.3686984440486609,0,-0.006451044769169044,0.5250801355600261
10000,0.0,76,0.002444795224392484,0,0.006924143295496005,0.32558181578015066,0,0.0012756720093069797,0.25113876524611534,0,0.0057841839840982985,0.5614748004110293
10000,0.0,77,0.0024201181814304056,0,-0.009847823596833798,0.1555929442519081,0,-0.0006577840986681241,0.7933645315828982,1,-0.02290758456057609,0.01862558051429575
10000,0.0,78,0.002401736132697008,0,0.003122264797115383,0.658737956814911,0,0.0007267215580583284,0.5303405031630113,0,0.0014435298775189028,0.8861044517557372
10000,0.0,79,0.004422874576231954,0,0.002871868429663639,0.6817828070180478,0,-0.00029567244342961537,0.15314752910531626,0,-0.004939967374907565,0.6163112923638556
10000,0.0,80,0.0032954517650686335,0,0.002280763831211081,0.7471391495424347,0,-0.00023241035826802482,0.6297761916089658,0,0.005439044504356768,0.5880971071456242
10000,0.0,81,0.0029312903241543826,0,0.0013540722312786694,0.8484428578289365,0,0.0004925494688279872,0.37370557970972396,0,0.006784688829633433,0.4948227446549397
10000,0.0,82,0.0015954306663867155,0,-0.0011101929952665591,0.8760671048239072,1,-0.00014087065089217392,0.026324711671828815,0,-0.01409105379278834,0.16089470369911607
10000,0.0,83,0.003925320687515078,0,-0.0037998689968212285,0.5887418438901213,0,-0.0008146127623319285,0.46951667842960565,0,-0.008157187618348232,0.41799865579604656
10000,0.0,84,0.0049128716994507075,1,-0.01380998431678309,0.04786968279000782,0,-0.0017093149818258326,0.6091029070703193,0,-0.00533423940784654,0.5899141894503761
10000,0.0,85,0.0024580397685034726,0,0.0038123602135989917,0.5869503711829391,0,0.00047333934130258404,0.05639713223159015,0,0.0018752134934063333,0.8489101982243059
10000,0.0,86,0.003513900351846733,0,-0.011623620186064556,0.10211019055427942,0,-0.001171586116278081,0.4366714330881327,0,-0.006824639622015319,0.4944741427737601
10000,0.0,87,0.004740928625354467,0,-0.0012317208671779331,0.8571567475814313,0,-0.001082582891342975,0.514937785245895,0,-0.003298555585074012,0.7355408183765975
10000,0.0,88,0.002836967795886599,0,-0.0026506037732727827,0.7083231926032599,0,-4.6447022612261535e-05,0.2326200946915713,0,-0.010908306616068444,0.2720258129609352
10000,0.0,89,0.0037270827809019378,0,0.011603733751670552,0.1010353260037093,0,0.001316872985257544,0.1585596977786693,0,0.011404431503605483,0.25443129034211737
10000,0.0,90,0.004619261616034333,0,0.007743484413126951,0.2756411253344248,0,0.0004615870878369153,0.2628417736071469,0,0.015515496698622094,0.1193865662991449
10000,0.0,91,0.0011785659991352022,0,0.003053751019505129,0.6683331882660205,0,0.00029522042539511747,0.7817774619744842,0,0.0027093732449638996,0.7886837048289332
10000,0.0,92,0.0037428321938842994,0,0.003784239350093707,0.5905609816794359,0,0.000535165874436263,0.4134644773159839,0,0.007204913053779042,0.46139344941254923
10000,0.0,93,0.003458391261932537,0,-0.0024144166414965165,0.7326124094138904,0,8.90723827711569e-05,0.06989924670525016,0,0.0019094231399655699,0.8502920351041751
10000,0.0,94,0.0016242549246834497,1,0.016392028888194778,0.021714694341169113,0,0.0012375329436818455,0.8481267807307069,1,0.02690814129323111,0.007824214937878987
10000,0.0,95,0.007245962744963987,1,-0.013994188784538673,0.048455620761729594,0,-0.0009576410447026977,0.6067651004408408,0,-0.014964513635922723,0.13322970660567426
10000,0.0,96,0.003811289247227646,0,0.011794065046737443,0.08890759508270091,0,0.000681847394098339,0.4642464846521268,0,0.01901555558028912,0.05481894358853662
10000,0.0,97,0.002729649672104708,0,-0.0035163086260690023,0.6173846527772205,0,-0.000733875855904115,0.5971770933580267,0,-0.0006950661805227806,0.9445721851523075
10000,0.0,98,0.0016600121361978891,0,0.0016243571978803632,0.818245375173475,0,0.0007800659548649111,0.1265418681468783,0,-0.0020304160878455452,0.8394617003632366
10000,0.0,99,0.003002925260865542,0,0.0008084066862034946,0.9077715823570923,0,-0.00048493844446965875,0.13456355969321454,0,0.003780654034129363,0.7051328753577303
10000,0.0,100,0.003183184057634782,0,-0.012092561202663183,0.09601240546404843,0,-0.0011150957088513584,0.9189158645160644,0,-0.011484207517352615,0.25744782268458316
10000,0.0,101,0.0012006820832970767,0,-0.0025073834104492434,0.7219588428851877,0,0.00027114402793648095,0.5407310364805045,0,-0.004027403791739897,0.6820373375225022
10000,0.0,102,0.002754377254689596,0,0.0005481719099418765,0.9379294486550905,0,-0.0001421841197693838,0.9681401364280711,0,-0.002436896428260143,0.8050586692215514
10000,0.0,103,0.002402130567108777,0,-0.007446825865159119,0.2823616981736758,0,-0.0008307900957915814,0.37563374900731317,0,-0.016901594242346885,0.09001017247826512
10000,0.0,104,0.004981764334565002,0,-0.006414946169011549,0.37080510824109825,0,-0.0010335522046770284,0.34182526212568953,0,-0.003453202134545818,0.7274087065696554
10000,0.0,105,0.0013489302249468163,0,-0.0007072159515994437,0.9188683411825032,0,-0.0002929864462688809,0.9524432462388872,0,-0.004639560124244181,0.6410930866628964
10000,0.0,106,0.003351247425503066,0,0.0035356968527472917,0.6215170434736927,0,-0.0002763027427094591,0.6588712740566566,0,8.374053461629796e-05,0.9933819676444395
10000,0.0,107,0.0032351195893164995,0,-0.0023272964321418045,0.7366803156200559,0,-0.000545763922996407,0.27720718781935516,0,0.0012255230338483857,0.9004877118005782
10000,0.0,108,0.004016934378259991,0,0.003440218110978773,0.6312839279051639,0,0.0008856139746229023,0.7700681586137244,0,0.011254312686761036,0.27135568432356494
10000,0.0,109,0.0018218682826351773,0,-0.004348300212861209,0.5398965170956426,0,-0.00021549750936464886,0.08763931779603118,0,0.003227968629266327,0.7458878841649446
10000,0.0,110,0.0032764905645554293,0,0.0028287454797262636,0.6941533025092143,0,0.00043065362083224236,0.5947759180714305,0,0.001794251388264991,0.8578812053697031
10000,0.0,111,0.0032847986246164226,0,0.001150492768413205,0.8693914817899402,0,-0.0001540868937280757,0.837479723348945,0,-0.002226442293285955,0.8216078889981154
10000,0.0,112,0.0024408005980062625,0,0.008369948345901207,0.23395264495196566,0,0.0008138152273665191,0.36089724584974525,0,0.01117712747707661,0.25089215874438475
10000,0.0,113,0.0016304775191205206,0,-0.008735443130269461,0.21527633254894613,0,-0.00048677989917254264,0.42661337871094285,0,-0.002938403133764936,0.7693310879817187
10000,0.0,114,0.003266872922986158,0,-0.0017349799141924784,0.8066152240163103,0,-0.00013802661099808413,0.8449110533074552,0,-0.004648196199432145,0.6423694754216529
10000,0.0,115,0.002139565323876559,0,-0.0008313224437061194,0.9048460652218899,0,0.00019186830676448693,0.7354581752460104,0,0.005640052134650687,0.5702716811902895
10000,0.0,116,0.0029589034419993756,0,0.007159057334735873,0.2969910725902118,0,0.0006428655780016859,0.8424459875902813,0,0.0008115597206773844,0.9339700206595927
10000,0.0,117,0.002767682061964621,0,-0.00021409847144987135,0.9757107654581431,0,0.0001853866974063591,0.5719905560136932,0,0.002626112584331144,0.791134597918109
10000,0.0,118,0.0012484566766376203,0,-0.005438854218527477,0.44493199018938945,0,-0.0006033661401734422,0.2871412837709595,0,0.004552629267281205,0.6514562662268697
10000,0.0,119,0.0026093099546832988,0,0.0016768964281491695,0.8100306731469181,0,-0.00018627563363603523,0.11718257141661925,0,-0.00880638480460744,0.3765129397997117
10000,0.0,120,0.0024047058618864867,1,-0.016688625681602266,0.016478147177571543,0,-0.0017112664868804152,0.3320053600455295,0,-0.018442588282663687,0.0576914116423987
10000,0.0,121,0.0038806163035432586,0,-0.009548226302047361,0.16884027991395936,0,-0.00028011311341316213,0.9847461744982227,0,-0.005494496190183427,0.5770099818209573
10000,0.0,122,0.0027724338538789865,0,-0.003883703701426813,0.5835788907914796,0,-0.0003057560676903266,0.22024389678595946,0,0.006524568437326163,0.5143119904304199
10000,0.0,123,0.002262770438832096,0,0.006396200004602648,0.36618597825330035,0,0.0001747387712402183,0.47534335650902637,0,0.006950772876661678,0.4874800736260576
10000,0.0,124,0.0028773453341747013,0,0.003100657425673122,0.6622200281820805,0,0.00016102939798893766,0.42132455353115095,0,0.005743489297048952,0.5741462658271677
10000,0.0,125,0.0020754469134647052,0,0.0034507891459695035,0.6305823199444044,0,0.00012752390184188008,0.21452629253552624,0,-0.009405482046821423,0.3470306983843876
10000,0.0,126,0.006438812463808465,0,-0.011087723508097138,0.12017127459485918,0,-0.000986690417151148,0.7392606141957963,0,-0.00518330030144888,0.6029736456279585
10000,0.0,127,0.0013612017216527237,0,-0.0035285033208654515,0.6174393023382911,0,-0.00023275112706378368,0.34375448291776944,0,-0.001594653904556426,0.8719884083530861
10000,0.0,128,0.0011252753429383867,0,0.008448957925869248,0.23415899148672556,0,0.0012460838186607347,0.396337394237249,1,0.022180553250543137,0.027086827661893118
10000,0.0,129,0.00372834492953536,0,0.007224562953764439,0.3056920738769211,0,0.0003263712692136528,0.3585707555439399,0,0.014199753973897826,0.15573960400005224
10000,0.0,130,0.003202780757770356,0,-0.004800060867692314,0.48946061617467873,0,5.655766985833169e-05,0.9210397685232595,0,-0.0034648552615278603,0.7285186819660111
10000,0.0,131,0.003520054976581044,0,0.0033355350006261967,0.6351552828151551,0,0.0010068927182443892,0.9117578205897632,0,0.00607869183968921,0.5406977007001733
10000,0.0,132,0.007351288745881218,0,0.005458442887462817,0.43258143184466047,0,0.00048808139733969393,0.17737713765443475,0,0.003790205902433343,0.7018324198250013
10000,0.0,133,0.0026205236259360895,0,0.00584978338436629,0.4001645214699431,0,0.0004013117611041154,0.40838366511809265,0,0.007633315952024575,0.44475579930140974
10000,0.0,134,0.0014293688077554505,0,0.0037726424263484224,0.5977737721829859,0,4.055183553099434e-05,0.7998298547247722,0,0.006855426780294746,0.49369925834907147
10000,0.0,135,0.004679167272967351,0,-0.006234572968845539,0.37053273202706805,0,-0.0002601764231630999,0.6066788022045964,0,-0.010327528198932366,0.2846947516152821
10000,0.0,136,0.0027431792114520717,0,0.0030584617255790367,0.6673354595200374,0,4.929376185982696e-05,0.95797609714598,0,-0.0008620399508962252,0.9290887824761961
10000,0.0,137,0.001740448812768058,0,-0.0026379520994527913,0.7060356204616474,0,-0.0008075347055670445,0.14018170589672108,0,0.0099124624864202,0.3159800972192299
10000,0.0,138,0.001839203002683843,0,-0.008238883250135644,0.25936447252121136,0,-0.0006332779800253934,0.8974218112557095,0,-0.007032346630340662,0.4774466293985491
10000,0.0,139,0.005445297201884616,0,-0.00139466110610924,0.8400767339894084,0,0.00022372987306277102,0.37348572081640086,0,-0.007330147036458874,0.4569254734501935
10000,0.0,140,0.0038505691660332885,0,-0.010207339112244125,0.1550958151375206,0,-0.0012014113177261005,0.9936427990353707,0,-0.0042947465516860045,0.6701231337582143
10000,0.0,141,0.003523521733310106,0,-0.005150271170673841,0.4638961194738349,0,-0.0005095015707559171,0.5559101280495388,0,-0.004510452727464121,0.6506952099781202
10000,0.0,142,0.0031974893019952066,0,-0.0059884261174728524,0.3941740474988361,0,-0.0003501575392942939,0.786127114230969,0,-0.018390441697447954,0.0694872519689505
10000,0.0,143,0.0020099361704451345,0,0.00028578082528735345,0.9676476811007985,0,-0.0004185407974898697,0.362769309422172,0,-0.01230508443925673,0.21735583881892923
10000,0.0,144,0.0023956953911250215,0,0.0017990991835824944,0.797703757581088,0,-0.0002433521783463018,0.5512536513553887,0,0.012530906847028848,0.2111306271491654
10000,0.0,145,0.0026199362740272026,0,0.00485367053651839,0.495089041813619,0,0.0005100256079220822,0.5945606822647733,0,0.009137217710970636,0.3577590194797745
10000,0.0,146,0.0041752743677968196,0,-0.0006049214716086389,0.9320588614036753,0,0.0002420787278089642,0.21190334351839168,0,-0.005361708167628221,0.593432791775208
10000,0.0,147,0.002691760779925479,0,-0.012363238552469536,0.07979565860293929,0,-0.0005655955053137832,0.7088362542034563,0,-0.014043583717981433,0.15724695422756982
10000,0.0,148,0.0032846558959783952,0,-0.005452843095938562,0.4297592283322238,0,-0.0007186394512557937,0.5879506381916257,0,-0.005397928987896826,0.5772766547987045
10000,0.0,149,0.002657420017455968,0,-0.006996079513902339,0.3250426445311536,0,-0.0005129365975398205,0.7900087817912895,0,0.00043735676679241674,0.9652529157926794
10000,0.0,150,0.004695786341557302,0,-0.007683679875121548,0.2747519504789395,0,-6.372104240371064e-05,0.8627721461783391,0,-0.010173633793785568,0.3052779292723143
10000,0.0,151,0.004017635571157973,0,0.0018897731039439177,0.7908234298303785,0,-6.95061217500184e-05,0.080313699666555,0,-4.924065336405902e-05,0.9960440305869258
10000,0.0,152,0.002476473480277725,0,-0.005094934985826322,0.47544824977572353,0,-0.0003738677332269643,0.7695848194507839,0,0.0025491384073687484,0.8004140297502265
10000,0.0,153,0.0035626631387600366,0,0.008985861802996455,0.20463279192311432,0,0.0006702334591771083,0.14283831549461246,0,0.003265555542816655,0.7450802139922164
10000,0.0,154,0.004535949389904096,0,0.0062215060375125355,0.37096805523235865,0,0.0007000015878827304,0.23866276878997472,0,0.004361237895434351,0.6596976320179203
10000,0.0,155,0.003015282935733035,0,-0.0022876211238717532,0.7418969267644817,0,-6.912986952165769e-05,0.582090519993888,0,0.004031010850300166,0.6858077892830339
10000,0.0,156,0.0037514185163574055,0,0.0021134833052119753,0.7655415666457516,0,-0.0001284220494000385,0.12194146514810955,0,-0.0022529585220972493,0.8221224811508671
10000,0.0,157,0.0029806727494806513,0,0.01085333546987398,0.1358681320266682,1,0.0009105319493597623,0.02352333723657596,0,0.017889028694645127,0.07571565002981182
10000,0.0,158,0.0029898066972993695,0,-0.0015330278780137374,0.8263383297312834,0,-0.00033716174263019924,0.09489104181952701,0,-0.010309161252708351,0.3038098604498801
10000,0.0,159,0.000976448980504314,0,0.000391947210448402,0.956749153365976,0,0.00014168786017229042,0.17569870119727826,0,0.007012494817793661,0.4856188992114787
10000,0.0,160,0.0017181201587956572,0,-0.001508237282654641,0.832111967507815,0,-0.0003678368884269352,0.3506102207376167,0,-0.0025460916410355037,0.801121972202938
10000,0.0,161,0.00204540511818703,0,-0.00110836160823793,0.8765978559919634,0,-0.0001977230411111273,0.9993127801116937,0,0.010319570457459898,0.30321807647011134
10000,0.0,162,0.0022386094139476556,0,0.0020505698361635545,0.772903954090809,0,0.0009261989994885391,0.1300657739660176,0,0.005276337870803255,0.6010472485745472
10000,0.0,163,0.0038669203509091358,1,-0.014393514726000778,0.04406195972909832,0,-0.0009227311737476814,0.577710480956922,1,-0.022488975511299088,0.024926045009555264
10000,0.0,164,0.002134327102323581,1,-0.017056054507299467,0.01461207426622658,0,-0.0014998514186450706,0.08198457821779348,0,-0.009820300222491692,0.316782218551981
10000,0.0,165,0.0028956438414143425,0,-0.012994662128576218,0.06172241685040804,0,-0.0009333269775371731,0.6207443826619006,0,-0.006227539155063024,0.5266774847156328
10000,0.0,166,0.001124785502495268,0,0.0032884651429869855,0.6288589294903844,0,0.000479701824893647,0.9361923689949252,0,-0.002063835277825262,0.8317763454035018
10000,0.0,167,0.0023246881178785083,0,0.00793292074102802,0.26215756976804855,0,0.00045258126180474983,0.23796941688037654,0,0.004467138960353099,0.6546958374956069
10000,0.0,168,0.004126320124998063,0,0.007724008640730074,0.27420167570482096,0,0.001109047148891695,0.19737883220787056,0,-0.006117225893712099,0.5395729283773969
10000,0.0,169,0.0021351926228426786,0,0.003658300695186266,0.6030200909420315,0,0.0005424125289412626,0.2437108583366866,0,-0.002263098763108033,0.8174152360792308
10000,0.0,170,0.004666109178845282,0,-0.007448623846332183,0.30175454318093786,1,-0.00012319811502593502,0.023644094275142358,0,-0.01751856962739731,0.08162402086413485
10000,0.0,171,0.006205830194387816,0,-0.000627347522601168,0.9289327057110148,0,0.0003688389640742483,0.3905104005132576,0,0.008434470969977487,0.3848236402897359
10000,0.0,172,0.0012227562083172436,0,0.005746205438944446,0.41030667650088015,0,-0.00016095157639777375,0.5821754699466235,0,0.012634610508659435,0.19650376431023484
10000,0.0,173,0.0048749932091331,0,-0.0055849055448974755,0.43512515984117905,0,-0.000665769862671276,0.0874630445784943,0,-0.011259618863615845,0.2615455958596239
10000,0.0,174,0.002469097361355691,0,0.004132606741889817,0.5583238865814096,0,0.0003978734986062885,0.40031994588714204,0,-0.004420283009954321,0.6590121346799614
10000,0.0,175,0.0035930276801846373,0,-0.00038510389465728784,0.9565322852223904,0,-0.00014558340098332737,0.09903396742214599,0,0.0002677713710209544,0.9783135085553374
10000,0.0,176,0.003714528102480491,0,-0.007218604467013832,0.3060377077260245,0,-0.001240209719321458,0.16148079698445605,0,-0.006268273717586766,0.5295790145248969
10000,0.0,177,0.004052340703973696,0,0.008969721764655311,0.21111139931216608,0,0.0008398650718994486,0.9024239573851158,0,0.011121679310427679,0.2726551240493265
10000,0.0,178,0.0014982917394780028,0,0.004956454125611433,0.4830289622343019,0,0.0008510366849335969,0.7052385922749249,0,-0.005272138919097596,0.5933844382826505
10000,0.0,179,0.0021726592243955793,0,-0.0023781569199644668,0.7365272031884862,0,-0.00048157992578054315,0.3318355517051017,0,0.0014395459531096784,0.8859295961291125
10000,0.0,180,0.0020013592357156296,0,0.0034826801382555365,0.6153337740691418,0,0.0006264803882011257,0.1407327151019916,0,0.010075408091378697,0.29920798969189494
10000,0.0,181,0.0014117198523730422,0,0.0009643443450561581,0.8909489884649865,0,0.0005386206615249033,0.847817165920284,0,0.0007216019000911805,0.9425527393054389
10000,0.0,182,0.0035154482434118918,0,-0.0019301349818855004,0.7890494708003627,0,0.000423032921570353,0.9208682720465897,0,-0.00855576570903286,0.3951176940104302
10000,0.0,183,0.002720591038289374,0,-0.0011172327274873704,0.8740637770754942,0,0.0006282073538010353,0.3015536189807001,0,-0.016284165485089326,0.10309210694952828
10000,0.0,184,0.0037704464050903486,0,-0.00715065709811934,0.3024923285798741,0,-0.0007797373336980111,0.49480598855156865,0,0.000809683417752408,0.9343394848154352
10000,0.0,185,0.0049929645387433805,0,0.005559264748805123,0.42710055506036715,0,0.0008440953703139197,0.22996942400274167,0,0.005724018442013801,0.5637202971853311
10000,0.0,186,0.002266459012129457,0,-0.013986355558120542,0.052278174396421344,0,-0.00131124751873605,0.7019756700769811,1,-0.022617843768522824,0.026263307019735678
10000,0.0,187,0.0037663659406263162,0,-0.00228491002881587,0.7407745655511473,0,-0.0005366423034134179,0.675996277285025,0,0.005096663490574194,0.6035458932509341
10000,0.0,188,0.003564323113976849,0,-0.0069657577132662025,0.3224456540172851,0,-0.0007020699452620628,0.7267056583537879,0,-0.0018160246707897652,0.8550367783708782
10000,0.0,189,0.003970514254982529,0,-0.010676903097254123,0.13578686506476167,0,-0.001400170963717797,0.4326284094753591,1,-0.021062663493030247,0.03721911495348565
10000,0.0,190,0.004118040327941772,0,0.0010433410736413987,0.8847423424006702,0,-0.00037734073022252865,0.3705159015087959,0,-0.006427557031002478,0.5267534845948487
10000,0.0,191,0.0028402580867410232,0,0.008846018031981106,0.2147784142677158,0,0.0012124522308171626,0.19837833205818922,0,0.008228044660387752,0.41252588626068
10000,0.0,192,0.003324292986889753,0,0.00179152941570376,0.7994267188123254,0,0.00012890460410569293,0.7073064083215235,0,0.0051096237677236865,0.6120897890203569
10000,0.0,193,0.003191306541590555,0,-0.0037487579952008524,0.6005431171828681,0,-0.00019314687560065405,0.9079471559232153,0,-0.0025546661872088115,0.7982919849505283
10000,0.0,194,0.0024570439138428047,0,0.0024056249926278006,0.734451950185504,0,8.775199764189974e-05,0.17275774060065707,0,-0.0026285566314678053,0.7906456920311393
10000,0.0,195,0.003608961236113553,0,-0.00038142007083879484,0.9563603335934342,0,-0.0002565029749104612,0.21087970665385436,0,-0.004798200268592993,0.6268661187651399
10000,0.0,196,0.0024956095758189374,0,-0.0003986122039324122,0.9545680926534328,0,-0.00021790265042945865,0.2308632874685258,0,-0.0023108054197310216,0.8154600604439746
10000,0.0,197,0.004370312407315319,1,0.01684040066270885,0.014995902516688576,0,0.0013181174275305346,0.1648379767082132,0,0.01741837629512847,0.08082580135563142
10000,0.0,198,0.0028309831133829944,0,0.005321435203422474,0.44279642784760964,0,0.0008948448518144935,0.22573716469187743,0,0.016807122939073153,0.08921434314495617
10000,0.0,199,0.005556711111549085,0,0.008886598399922906,0.20982160461572488,0,0.001060901875836189,0.4166851004913561,0,0.010445001056194402,0.2921736344740028
10000,0.03,0,0.0015227954489418752,0,0.010127318812633,0.1489322093548858,0,0.00024233306212350836,0.20421164661595037,0,0.00784938351196876,0.4361918069122821
10000,0.03,1,0.002595174224055245,1,-0.016343342080971046,0.01965394576630934,0,-0.0014601936043622307,0.1837885279862035,0,-0.005008988308922895,0.6190853498890947
10000,0.03,2,0.0030566577330477297,0,0.005707295767882248,0.41857558325721944,0,0.0006664336923504332,0.14189056585260917,0,0.0156694487554096,0.11397996399997641
10000,0.03,3,0.002023057084985052,0,-0.00398879754460298,0.5679364775496825,0,-0.00022661226315506876,0.415789894299448,0,-0.005182573631959984,0.6009050739496931
10000,0.03,4,0.001286609628679257,0,0.005270394308722754,0.45173467891279695,0,0.0005322222377446958,0.6419551432543078,0,0.005538126318104011,0.5754996796361587
10000,0.03,5,0.0026495284480076028,0,0.0024313785754153583,0.731508157294052,0,0.000584116307774378,0.519922457220031,0,0.008077008360082173,0.4205802148756639
10000,0.03,6,0.0025498772678933168,0,-0.0016361807786325732,0.8113807925279793,0,0.00014147301029055907,0.7560480118424902,0,0.004046159417976948,0.6786598618666239
10000,0.03,7,0.0016511251339415855,0,0.0012707378212007121,0.8543313839781791,0,0.000254990143505991,0.221602708078676,0,-0.002929590010628406,0.7657454168789073
10000,0.03,8,0.0021388842888040746,0,0.0029125814083977393,0.6818710624533029,0,0.00015284475879424482,0.6594530961730496,0,-0.00032299730606039946,0.974488295882423
10000,0.03,9,0.002603771901186868,0,-0.0021073027206587984,0.7667067769211857,0,-0.00039794926096804593,0.35236100318609387,0,-0.005474663248418335,0.5864949344083493
10000,0.03,10,0.0025793233945886917,0,-0.006114779962971987,0.3838464419774903,0,-0.0001320025207145107,0.3749738717248816,0,-0.0028213156984731,0.777148247982212
10000,0.03,11,0.003019255309933117,0,-0.0044017998115625,0.5275551677510091,0,-4.732378635393345e-05,0.4819115487614213,0,0.009664447068907723,0.3300574166282262
10000,0.03,12,0.0037902987208656724,0,-0.003312461764006841,0.6430946203985975,0,-0.0005661920411649368,0.310128748445895,0,-0.0073058832954834545,0.46390210724112435
10000,0.03,13,0.001763280963572147,0,-0.0038262117461666635,0.5896302549420347,0,0.00011575042850168624,0.4369860465031703,0,-0.002505327198323167,0.8036367710016717
10000,0.03,14,0.002861343207503861,0,-0.0016369286928394318,0.8171644253003374,0,-0.00023777050124286335,0.09569016822431253,0,-0.002581443789574128,0.7962227295293076
10000,0.03,15,0.0018361363009019064,0,0.00017922808726302008,0.9798511993030161,0,0.00044817935648611563,0.923415640308594,0,-0.0137733738450048,0.17277971362865752
10000,0.03,16,0.002707878706952568,0,0.008602825155426224,0.22945256787575202,0,0.0004387803244279931,0.8417063812301275,0,0.007462691439439188,0.4539987816558215
10000,0.03,17,0.0027803592790298175,0,0.006569884166729911,0.35453885504971394,0,0.0009138465750043311,0.6282709407425463,0,-0.006226030666627605,0.5327814323954535
10000,0.03,18,0.0021796542292085762,0,-0.00014779150107891966,0.9830903337716678,0,0.00012543258703537463,0.8756655699153024,0,0.005438849776441487,0.5837520576135651
10000,0.03,19,0.0018531311161810115,0,0.00543650316136799,0.4488304591819876,0,0.00024204194703583378,0.05772788369194892,0,-0.004901640682858969,0.6288092535908599
10000,0.03,20,0.003253422369875648,0,0.00287746703376254,0.6861558529318716,0,0.000606880226373299,0.7999373092413006,0,-0.0014651871059267628,0.8831516714649683
10000,0.03,21,0.0027613437743345395,0,0.00890775485251729,0.1903947150377803,0,0.0005234082468535948,0.786549054284912,0,0.007555577893421083,0.4428165608417862
10000,0.03,22,0.0030601892878690754,0,-0.007023011650679955,0.3252889501849152,0,-0.0006924221632183277,0.884710427579847,1,-0.02154276266550168,0.029636307812667562
10000,0.03,23,0.004088179182126376,1,-0.014306125097230692,0.039456683090836046,0,-0.0016108878831873083,0.6084146113215563,0,-0.006707031606736843,0.49899358277254535
10000,0.03,24,0.0024712868011727623,0,-0.012675539791186023,0.06801581595586967,0,-0.0008488179180714707,0.28376421045021205,1,-0.022683957131587933,0.023951718330179245
10000,0.03,25,0.005045942266091615,0,-0.0130667481531049,0.06308866962720765,0,-0.001124801166010083,0.14529192425911375,0,-0.01234658079656891,0.21733756141168784
10000,0.03,26,0.0035340345472273777,0,-0.011336165408492733,0.11194470530162928,0,-0.001320007168778243,0.3521202398863278,0,-0.015764852066380553,0.11428800687814651
10000,0.03,27,0.0029517326898704493,0,-0.005969378426775164,0.40692505243035215,0,-0.0003724346575064996,0.782598014672957,0,-0.014766652801985521,0.13983494369868762
10000,0.03,28,0.003715061527924604,0,-0.00699628649730423,0.3188105480906021,0,-0.0006822420358672534,0.9432555948390196,0,-0.004770554758542988,0.6309643082288039
10000,0.03,29,0.003931439011557074,0,-0.0032632230473559954,0.6421108625001448,0,-0.0001445350572220511,0.547653240875313,0,0.007432556537802339,0.4550427617801601
10000,0.03,30,0.001555545370408476,0,-0.013318910892953202,0.06135942633212104,0,-0.0004141748456104707,0.4520971980710926,0,-0.008877406004816152,0.37295467529320225
10000,0.03,31,0.004576032496491371,0,-0.0005435938117146952,0.9403146324844058,0,-0.0008579399580726969,0.5777141588171635,0,0.01048703590640038,0.2999520818698093
10000,0.03,32,0.002663694015296629,0,-0.00621969712342905,0.3798837005225144,0,-0.0007471913819262272,0.2640554698546962,0,-0.009626995966902096,0.3318281682593799
10000,0.03,33,0.0033659029703460323,0,0.006912210956013619,0.33037793220915523,0,-4.379544638860973e-05,0.9687568765484363,0,0.004130793568726786,0.6755269683526326
10000,0.03,34,0.0036918659589199997,0,0.004174355119816243,0.5541434438258752,0,0.0005304461236987279,0.5560728811532054,0,0.003519707294972724,0.7267639553932641
10000,0.03,35,0.002683345610962658,0,0.0011893374068307812,0.8656228947639449,0,0.0006095150924855062,0.43553812799146374,0,-0.005953793192217865,0.5489258343095369
10000,0.03,36,0.0034201249138909673,0,-0.004180296324396741,0.5423175845024055,0,0.0002487152365824346,0.9310058220354469,0,0.0007493774362751244,0.9387637291375046
10000,0.03,37,0.006327742279058272,0,0.004231538519503218,0.5504397752848822,0,0.0001684883146447427,0.7735986744534333,0,0.00019139397951677562,0.9845820693879586
10000,0.03,38,0.003613465785369175,0,0.008058577782955977,0.25526293138313333,0,0.0007158856986295771,0.2620394982531521,0,0.005684459047688552,0.5748656928509612
10000,0.03,39,0.0035156616435268622,0,-0.012782374307838401,0.07624636833190117,0,-0.0013690708153943267,0.17056534368081366,1,-0.03139861047845198,0.0018045513270385995
10000,0.03,40,0.0030889891850277625,0,0.0029054462089662895,0.678482517370939,0,0.00072790099706735,0.542003752186297,0,0.007864106673055326,0.4276543636818859
10000,0.03,41,0.004530635356212355,0,-0.007534049252124963,0.29354022547522274,0,3.224524706800916e-05,0.5969543034363437,0,-0.00735813415719341,0.4644519646445805
10000,0.03,42,0.0029969932045101344,0,0.00403579838734508,0.563111811768479,0,2.4255724853664427e-05,0.3036692667708981,0,0.002019099523252352,0.8399392545646316
10000,0.03,43,0.0033442952614556962,0,-0.006192707962079724,0.37487001659222774,1,-2.781269625909074e-05,0.005541333952370997,0,-0.014439850221583683,0.14168513697806168
10000,0.03,44,0.00481864628981327,0,-0.012411810025985414,0.0836372842744049,1,-0.0011157474530113158,0.005870017767514724,0,-0.011875132872809495,0.244149933027152
10000,0.03,45,0.0036479428336423396,0,0.0037905319867725224,0.5920317219226263,0,-0.00015862924706177314,0.504109710900858,0,0.005750636546994228,0.5620287014665888
10000,0.03,46,0.0053727503167039364,0,-0.002164291590541002,0.7597844667907403,1,-0.0005797650485870964,0.03493717241436134,0,-0.013635733904651412,0.17046344609516273
10000,0.03,47,0.003209992779187182,0,0.01345359855274961,0.05807179572307103,0,0.0006960769841004876,0.23450948929182935,0,0.012960771042257672,0.1909459027096757
10000,0.03,48,0.003282607143728055,0,0.007300502873282366,0.30508747403208697,0,0.00068445775221905,0.9221881735434664,0,0.014198133830599608,0.16088135460135025
10000,0.03,49,0.0024789471642134814,0,0.010765109079317688,0.13518003855931524,0,0.0007163215898924238,0.6330548707422046,0,0.002087247936177577,0.8352483132724257
10000,0.03,50,0.007027775870285584,0,-0.002260654862501224,0.7536832761935884,0,-0.0003229721201354695,0.35588831841125046,0,-0.0047000815565122036,0.6426786036663802
10000,0.03,51,0.003897621303167812,0,0.001255111542474827,0.8577740267666688,0,0.00012026426515383663,0.8933496825165654,0,0.0028967013337242798,0.7738364090587637
10000,0.03,52,0.003978394552446326,0,0.008595104829796984,0.2204149085503433,0,0.0006980886545290241,0.8041654839696796,0,-0.0024115262277552433,0.8055821405880866
10000,0.03,53,0.0037369138698139554,0,-0.001064168042562404,0.8808462724609883,0,0.00017122986344660283,0.18471913119339212,0,0.003853437668761582,0.7016764242350989
10000,0.03,54,0.002318335330086544,0,-0.002972510109842782,0.6722280431974684,0,-0.00048330461483938377,0.5739161089690274,0,0.01052244882180647,0.28496784066805503
10000,0.03,55,0.0017260817135906679,0,-1.5997687688561657e-05,0.9981825139883442,0,0.00012479874908968066,0.8419650154559546,0,-0.005267459504597432,0.5950842570227457
10000,0.03,56,0.0019868525500614104,0,-0.006681182736733376,0.33498935002553676,1,-0.0003990172794344379,0.008506533440095665,0,-0.003356140985923519,0.7379503958863411
10000,0.03,57,0.00263893503304048,0,-0.0008596081963665521,0.9045626247302949,0,0.00018384931988984888,0.3200890978853449,0,-0.005734610832793416,0.5744066868512792
10000,0.03,58,0.0031964671663700915,0,0.0033690687939299784,0.640196392920654,0,-0.0005879767398506326,0.23286926066821279,0,-0.008552861430933468,0.39793749095788467
10000,0.03,59,0.002677217947032729,0,-0.0018938922772400281,0.7909760638825729,0,-0.00017478426624891472,0.3651768187605271,0,0.006878677200975238,0.4963137098624747
10000,0.03,60,0.0041211122766272165,0,-0.0035631918503417916,0.6116241386531703,0,-0.00041811150602870715,0.6520207541541683,0,-0.006145037500027583,0.5345081240890153
10000,0.03,61,0.0025329106675252566,0,-0.0022342609555403756,0.7476685418887743,0,-0.0004459049188770714,0.4500046707024097,0,-0.003777562448939774,0.7016059191266892
10000,0.03,62,0.0037267039951923335,0,-0.0017057565305967537,0.8053750104648724,0,-0.00020205649942273132,0.4712880657468548,0,-0.0011077813038221558,0.9119907031703838
10000,0.03,63,0.005490717607972949,0,-0.0024321419857923046,0.7283452786751354,0,3.0439174105855253e-05,0.5521779308142771,0,-0.004880795956341676,0.6204790967132674
10000,0.03,64,0.0029434532037468605,0,0.003924941458930629,0.578023433234341,0,0.00034581762884299363,0.22246560495104206,0,-0.01238676409261629,0.21420130567541174
10000,0.03,65,0.0035628249855125856,0,0.001211051011926555,0.863422664154301,0,0.00013738718636275267,0.18839185243644607,0,0.006725373148551006,0.5033434089034907
10000,0.03,66,0.0018574069935118913,0,-0.005671394386028062,0.4167369568447832,0,-0.00026518213767719493,0.7726463506989834,0,-0.014757782400677544,0.13355235190124445
10000,0.03,67,0.002645670484806338,0,-0.001430228488202508,0.8361707775249305,0,0.00013360980342859953,0.33762741351391257,0,-0.002093818709749906,0.8312175893079414
10000,0.03,68,0.002999734406095191,0,-0.007987961593774304,0.25982971867512616,0,-0.00044179915084095517,0.48942823158243876,0,0.001645309952261628,0.8702510026148039
10000,0.03,69,0.001975593594178213,0,-0.00026606835165445724,0.970733316284373,0,-0.00023868758601836763,0.9340031526576903,0,-0.002021648367019727,0.8422142985659271
10000,0.03,70,0.002951351825027763,0,-0.005097058181738562,0.4655370504227375,0,-0.0006183448035776011,0.13001104706948707,0,-0.008064269719827887,0.4201298742067525
10000,0.03,71,0.0016348728046077104,0,0.006492712143508873,0.3751607954885252,0,0.0007981377134872555,0.8786286447154478,0,0.013711008148895485,0.1779233672579019
10000,0.03,72,0.002798241662942115,0,-0.004745399223686124,0.504327360790096,0,0.0002525119311171896,0.5645972362644947,0,-0.0041220558499235095,0.6831625162358528
10000,0.03,73,0.002275828129877831,0,-0.008843466319385727,0.20712262045292365,1,-0.0005776476698675988,0.0343115541124549,0,-0.007967661733913799,0.42534147221728924
10000,0.03,74,0.0034355077050589144,0,0.012758070652928326,0.07373328041107072,0,0.0013828383636463203,0.3694301015082777,1,0.022091674287781287,0.027529896916086705
10000,0.03,75,0.0026353383857598825,1,0.016111090160505895,0.024989866929953256,0,0.0010400928894144454,0.5078005869330986,0,0.006918590812719525,0.4838263103667968
10000,0.03,76,0.002671314047205054,0,0.0008470321450819995,0.9036116554322988,0,-0.00029330907799141135,0.9910437902228946,0,0.007594516842512189,0.4448298109175246
10000,0.03,77,0.0024869833695268305,0,0.0037059289929537048,0.5991505762597484,0,0.00023879325115837885,0.46261937378093776,0,0.01144469088067568,0.24743410039096814
10000,0.03,78,0.0020130951646780033,0,0.007169293322460007,0.29879988471607466,0,0.0002757685900742004,0.16069978309853095,0,0.012320367485391791,0.21237150690416234
10000,0.03,79,0.002541196414160042,0,0.003237893521464699,0.6508708451120178,0,0.00038316577681969736,0.7834241878081547,0,0.008011904485571491,0.42522759935395915
10000,0.03,80,0.0036491746582908544,0,-0.004792411980379704,0.4982695165926434,0,-0.0008427180937281842,0.7602158162776359,0,0.002780137725412078,0.7799238613786837
10000,0.03,81,0.0032960008457663405,0,-0.0011809793315231479,0.8683862207974671,0,-8.913454144241589e-05,0.8593214596909251,0,-0.007658960575454616,0.44136278789654015
10000,0.03,82,0.002971819286876762,0,0.00837261923816082,0.23715278793997394,0,0.0012572844208938456,0.5843351914382124,0,0.009147311885039866,0.36021825266556773
10000,0.03,83,0.001951666927613434,0,-0.008146579309249431,0.2572998882699463,0,-0.0006504020750302396,0.7616138628767364,0,-0.000643906161305538,0.9481476262342876
10000,0.03,84,0.003919321238999036,0,-0.004919824183914363,0.48459575972331026,0,4.920680609294533e-05,0.5634017799649158,0,-0.00609226923990511,0.5395677569196089
10000,0.03,85,0.006333997528109243,0,0.013644041006932743,0.054650296031705264,0,0.0010905777907158167,0.3416487086222497,0,-0.007322533636374459,0.4605269897008808
10000,0.03,86,0.0027504509640338573,0,0.012590090047220765,0.07750269375628828,0,0.0014184945286664723,0.16793476718083533,0,0.01550789145472523,0.12258842915505332
10000,0.03,87,0.005067317802860763,0,0.0046189007702293165,0.5212611969395606,0,0.0001243873900017359,0.3348480684640409,0,0.0035702333236309215,0.7207629356648761
10000,0.03,88,0.003971711474889774,1,0.016740513091759425,0.01802016936310358,0,0.0007144952241698322,0.3376707208984623,0,0.013295925599841251,0.17995665127785185
10000,0.03,89,0.0026785859744392314,0,-0.007264209477381114,0.31055197844330484,0,-0.001240060527599863,0.17679000431984426,0,-0.003337247860726986,0.7406471955372207
10000,0.03,90,0.005158407155992798,0,0.005242984698586944,0.45337298318281005,0,-1.0644233107548276e-05,0.1162413377066146,0,-0.006569305544081658,0.505662606499258
10000,0.03,91,0.003786729770088134,0,-0.00710413708472906,0.3151528727221538,0,-0.0007563012509186015,0.19874145314202207,0,-0.004005130755860059,0.6878937681802237
10000,0.03,92,0.002689788857338613,0,0.0011783200788611616,0.8659754356115363,0,0.00025336829312367314,0.7905416521990206,0,0.00810814326039408,0.416715095569388
10000,0.03,93,0.0050601014720527155,0,0.002967468174656231,0.6709711584693617,0,-0.00030533594018076327,0.622430718491886,0,0.009763839734942225,0.3253580214070464
10000,0.03,94,0.0034859944639153537,0,-0.012425567764131779,0.0829960019791131,0,-0.00031405399592188517,0.1155836257543863,0,-0.005346248340686267,0.5983141928481283
10000,0.03,95,0.003319617845073133,0,-0.004964765497589526,0.49567237894364946,0,-0.0002175828165777936,0.4399420268307568,0,-0.01959813663666275,0.05416388214324674
10000,0.03,96,0.0027455128935513972,0,0.005070790009291237,0.46116380487946085,0,0.0004818175422378273,0.8586051232180524,0,0.003259831786400367,0.7424860082939142
10000,0.03,97,0.0013744377018196855,0,0.010486372306464388,0.13652138868949037,0,0.0008583183566675041,0.548364586917861,0,0.012636713636260647,0.20631848098900885
10000,0.03,98,0.002377678057462942,0,0.003954084195258723,0.5766060610522658,0,0.0006872302796783167,0.9200279001539186,0,0.014203920871165763,0.15329857005811254
10000,0.03,99,0.003967357988913211,0,-0.00735013750350445,0.30026832797091185,0,-0.00012951422123298558,0.18053423348121278,0,-0.013190668149489897,0.18554074633294396
10000,0.03,100,0.0030112031275686866,1,0.015137055075262107,0.03151636268225235,0,0.0011375880905419792,0.417352807454089,0,0.006560409863725971,0.5056862212687878
10000,0.03,101,0.0031898723594168074,0,-0.013037021136280498,0.06514784724297003,0,-0.0012430267258731647,0.3783203323177493,0,-0.010404955132824752,0.298794311097899
10000,0.03,102,0.0016619721741619998,0,-0.005254687681958273,0.45224163082403557,0,-0.0005714308122782382,0.952059698780246,0,-0.01235018783785005,0.2085281019081658
10000,0.03,103,0.0026145625960123076,0,-0.003931127597652233,0.5778786655540229,0,-0.00015075300802168658,0.7057448653092544,0,-0.012992573771442702,0.18760490698288662
10000,0.03,104,0.004132688161436565,0,-0.002989830097388169,0.6737111309114066,0,-0.00021420045758359412,0.8624349359649855,0,-0.0033305576862242155,0.7400512556479057
10000,0.03,105,0.0009381607972677255,0,-0.001357392989288858,0.8461550833101623,0,-9.284848753074147e-05,0.7835238450001838,0,0.003887178375095033,0.6963577974229171
10000,0.03,106,0.002891165701251381,0,0.003983936317854747,0.5693993016695231,0,0.00024516031158529334,0.3106350499061863,0,0.0016603014601145561,0.8669428758734713
10000,0.03,107,0.002642912031180281,0,0.005044015354361659,0.48838221008298943,0,0.00013942671545698473,0.3077490477188948,0,-0.005547490839462948,0.5838230676134515
10000,0.03,108,0.0031638818591836794,0,-0.004807270669161614,0.4992588622209314,0,-7.84284518157401e-05,0.16890966776362082,0,-0.007044595834447862,0.48522627319859657
10000,0.03,109,0.00473168956826167,0,-0.005231129616765549,0.45498628111310857,0,-0.0007068248901879612,0.6818928067622616,0,-0.014791933257286798,0.13412402465899279
10000,0.03,110,0.0031462856895058825,0,0.005574812950158289,0.42592239204374105,0,3.619706673326131e-05,0.6632374484047487,0,0.002340289474399463,0.813770590717064
10000,0.03,111,0.004067471157122594,0,0.003708008794378872,0.5980016817164133,0,0.00015296776101626048,0.3014975665047437,0,-0.005075473953772501,0.6122050281311806
10000,0.03,112,0.005686959411485058,0,-0.0006590274838979393,0.9265005448247332,0,-8.197769857962972e-05,0.25592045302077515,0,0.01729693272885001,0.085748844414574
10000,0.03,113,0.003599152528236968,0,-0.0023363125698102525,0.7386989970471614,0,-0.0001315691439793457,0.7970241884637556,0,-0.0006743981835911181,0.9462251560603114
10000,0.03,114,0.0031335685522093874,0,-0.002442412996352185,0.7277600076815516,0,-0.0003275542675357228,0.8234205569266663,0,-0.004653102173282762,0.6413763762522715
10000,0.03,115,0.0024591422117908215,0,0.0083147889959577,0.23762086396385287,0,9.219698635998778e-05,0.956521761507823,0,0.01158070743894069,0.24669180536445393
10000,0.03,116,0.0039934526373896625,0,0.005490138434270307,0.43936415238707904,0,0.0004598825918823466,0.45712113336558025,0,-0.012238689358569461,0.21716412880226776
10000,0.03,117,0.003585506753372658,0,-0.0028528521217367903,0.6848537426872237,0,-0.00028040334156162846,0.0885506466577981,0,-0.005951271668095863,0.5503672608176697
10000,0.03,118,0.003609345550030472,0,-0.00517582861261873,0.4634576926011763,0,-0.0003969249229117637,0.0756629314423003,0,-0.0017502800624691213,0.8600337055454352
10000,0.03,119,0.003137375566012327,0,-0.0010532737573111935,0.8785953216680251,0,-0.0003547522255417947,0.8973402318204666,0,0.008663359194779294,0.3797500849720049
10000,0.03,120,0.0012434506609685335,0,0.004168682541828887,0.5588971410763277,0,0.000623797799398345,0.9152706398646611,0,0.0004937550173408113,0.9610933436436773
10000,0.03,121,0.0040245114271231005,0,5.5860821586739854e-05,0.9935973921926917,0,-0.00017745914619016,0.16412608182256527,0,0.0072352669609098315,0.46509800208177166
10000,0.03,122,0.002772609375749029,0,-0.005966537628163449,0.4026709668563403,0,-0.000658259564729513,0.16318195036106153,0,-0.0029882691223956795,0.772049676389856
10000,0.03,123,0.0031067269833987524,0,-0.0008389984286991043,0.906602715640086,0,-0.0001621289595159658,0.7437092558638898,0,-0.005160444495623046,0.6068918334827265
10000,0.03,124,0.002376925484541764,0,-0.011880861512335292,0.084675144315114,0,-0.0011197284687694438,0.9200269485023753,0,-0.014541308200805285,0.1386828484476901
10000,0.03,125,0.005621697945174905,0,0.012804340045852444,0.07050924704030954,0,0.001247644279559142,0.49234370559281637,0,0.018673812458717055,0.05976889730837652
10000,0.03,126,0.002656909085287128,0,-0.011388475253711082,0.1051549201492052,0,-0.00045663409344186414,0.16451867720609292,1,-0.022459884031035757,0.024661670581804577
10000,0.03,127,0.003679072086084438,0,0.004905001953782066,0.4881924828326638,0,0.0003020027238389778,0.7725324118048486,0,-0.0014525355537438967,0.8849486180506255
10000,0.03,128,0.0021272712532404195,0,-0.013531830494509555,0.051775325299393514,0,-0.0011268475987540447,0.5769570784686294,0,-0.004580186838415132,0.6414213593841609
10000,0.03,129,0.005995682537388659,0,-0.005914670190662457,0.39978021941809405,0,-0.0002939683038496488,0.628542969887576,0,0.0026289635838577874,0.7940545664518236
10000,0.03,130,0.001928810441590543,0,0.004583288223220681,0.522911007632558,0,0.0008998378096357043,0.14761573801496375,0,-0.0004360517411784036,0.964895626645759
10000,0.03,131,0.0036577325117022864,0,0.004001856419040021,0.5848465421794649,0,0.00037040850412553724,0.614489975676223,0,0.005606076983620751,0.5790625383619357
10000,0.03,132,0.005874827779603947,0,-0.0023559475681187497,0.7321653730595445,0,-0.0003522194384686902,0.7612427598371729,0,-0.006586313548494319,0.50403750562804
10000,0.03,133,0.0030303427923675515,1,0.013695921767636482,0.04931249003905342,1,0.0015748816242863997,0.020480467597064234,0,0.01679625431663727,0.09344776205481174
10000,0.03,134,0.0035696607793195474,0,0.0017978012568358208,0.7949363623545594,0,8.849242732350122e-05,0.3659423517039685,0,-0.0054131622243213644,0.5818774740461998
10000,0.03,135,0.0021015956423393036,0,0.007485898940797107,0.2862818332703273,0,0.0008091903004022154,0.7414472401148968,0,-0.006520258948287774,0.5141734965937249
10000,0.03,136,0.0024468598582971946,0,-0.008901888384072217,0.2050216834186638,0,-0.0010880619448612467,0.850296694652373,0,-0.013643027149483398,0.16586409506867156
10000,0.03,137,0.0046285618805356026,0,0.002313179616864465,0.7483805395121004,1,-7.10192419271323e-05,0.005652342182341119,0,-0.008076026709930871,0.4261176715586372
10000,0.03,138,0.002412131895887528,0,0.006106147199971454,0.38857512542967987,0,0.0003172538565779288,0.40003488743824134,0,0.0007584497182472839,0.9397345801838052
10000,0.03,139,0.0038020918463941393,0,-0.0010695577533166674,0.8790966150828172,0,-2.0996557615114175e-05,0.21220971371540687,0,-0.003953010328911965,0.6942878358608078
10000,0.03,140,0.0022167210374236393,0,-0.0013814866382479197,0.8445828256606003,0,0.00010580691685310331,0.41281821584860046,0,0.00600742427647749,0.5433895046336237
10000,0.03,141,0.002873903581961616,0,-0.0009750010530506828,0.8873265747041428,0,0.00013471502381495694,0.233227296383142,0,0.004129345144532708,0.6744010633944877
10000,0.03,142,0.004970008654147375,0,0.0046150003919993195,0.5099117909639266,0,0.0008571238092863047,0.7601669279262674,0,0.007851353745556873,0.4375413746726615
10000,0.03,143,0.0021449188354163247,0,0.005562875248289987,0.43646159999198086,0,0.00042942330758348463,0.32923589522510943,0,0.019737630627597702,0.050264790684013835
10000,0.03,144,0.002992468428720254,0,-0.0011262883177504787,0.873960582628299,0,-0.0005855704267614851,0.34844559909598694,0,-0.00933422466684842,0.35542514900405486
10000,0.03,145,0.0022890969391490463,0,-0.0022485122953807613,0.7523628735649305,0,3.9930767738314416e-05,0.8991873336842318,0,0.0026902369788154683,0.7850779003314609
10000,0.03,146,0.001187693653281595,0,0.010637111690475648,0.13600470630058664,0,0.0010792688739530995,0.38120186425565583,0,0.018280572912980332,0.06648499375591922
10000,0.03,147,0.004683458008290672,0,0.011605936470342032,0.09827185932229332,0,0.0006268864991452893,0.3554539194414077,1,0.026484112368404887,0.007736973066371888
10000,0.03,148,0.003007249061852998,0,0.00019849523502015528,0.9775325483942976,0,0.00017589879183469473,0.5181734133950295,0,0.006833321013837179,0.4943005523510824
10000,0.03,149,0.0032748165214657467,0,0.002169835385115299,0.7566141110534842,0,0.00018198377815143877,0.8144928043685044,0,0.013119984870285126,0.1918030771745966
10000,0.03,150,0.004279786993997367,0,0.0028226599615737607,0.685984731702776,0,-8.788004397167814e-05,0.5036516709952544,0,0.0072341201083843554,0.4687103062971383
10000,0.03,151,0.002514017014667448,0,0.007513363623888775,0.2896362343615383,0,0.000333269073811975,0.2712290278213525,0,0.01742148214689225,0.07945329168183568
10000,0.03,152,0.00383761836870218,0,0.0005598335109151436,0.936965700396935,0,0.0001500341757992679,0.4201831262189495,0,0.007547380797622506,0.4513616945586799
10000,0.03,153,0.0025443166643133682,0,-0.008106900827217052,0.25003030865272813,0,-0.000913813159573353,0.532217307973313,1,-0.027378114866428056,0.006015850709928592
10000,0.03,154,0.0019115518732777525,0,-0.0036217807569079606,0.6082956230440939,0,-0.0001056860084352362,0.5522224957605284,0,-0.008984930508899544,0.37130304373132783
10000,0.03,155,0.0035901488416219,0,0.008520940205902104,0.22858768779396588,0,0.0004266670243587579,0.13965680660988422,0,0.014760231847885837,0.14060880532184883
10000,0.03,156,0.0031630612137863653,0,0.008718237203338522,0.21997794432270182,0,0.0007941457719942654,0.4965623044777169,0,0.006902926084162044,0.4884234174076101
10000,0.03,157,0.005290795320028287,0,0.006011661958609582,0.39546024902266097,0,0.0004742333877415866,0.4194293636776252,0,0.005573915852678598,0.5832684662476494
10000,0.03,158,0.004582326409767337,0,0.0078906648415548,0.2742741092861562,0,0.0006987429610808261,0.07976519890775591,0,0.007462926082072411,0.4528844844093407
10000,0.03,159,0.003063693656175199,0,0.010739314101340599,0.13060441764716738,0,0.0007655374258217463,0.25061350734281196,0,0.004127004302534265,0.6808035795492249
10000,0.03,160,0.0023876497490246487,0,0.007709612520813838,0.2840330035730178,0,0.0009416414301687258,0.4218144028425931,0,0.009791643897624665,0.3335385766253669
10000,0.03,161,0.002200880028297078,0,-0.006299401963337215,0.37369698618743696,0,-0.000208865566960384,0.9431014605300937,0,0.0011358601068482215,0.9095520353094262
10000,0.03,162,0.0034588891340475024,0,0.004322638866121508,0.5369388507431345,0,0.0007722879037911959,0.9749814608393544,0,-0.0014974081522868615,0.880329225261758
10000,0.03,163,0.0031863280431987493,0,-0.003473314003129924,0.6211172460190826,0,-0.0007403783660069201,0.22685104231335618,0,0.0011141839563940555,0.9110119478378285
10000,0.03,164,0.0031138732006467367,0,0.008408571848659707,0.21988935617290606,0,0.0007072216502843158,0.5025583919996561,0,0.003988254633851473,0.6817973533425083
10000,0.03,165,0.0031939859253197196,0,-0.008307336129634498,0.2383556508146846,0,-0.0004530542725158519,0.4901307760991688,0,-0.008407266779752932,0.4008624678382354
10000,0.03,166,0.002331080515411044,0,0.012656923062261079,0.06980898064477295,0,0.0010842255266090349,0.5527990006629083,1,0.02609290847154163,0.008490815790538698
10000,0.03,167,0.002998198575426528,0,-0.0019191499559363533,0.7875916603822343,0,-0.0009366024864141693,0.21977448270593414,0,-0.008898023784324352,0.3765320746103936
10000,0.03,168,0.002498293013742729,0,-0.0029523612133342102,0.681868802766929,0,-0.00042103125452661776,0.07586191788938723,0,-0.0008455874314916133,0.9332581219098224
10000,0.03,169,0.0026866343445707806,0,0.006800974180676147,0.33621828084293237,0,0.0002878996915537283,0.12490126067545071,0,0.001648342241730839,0.8684151357244362
10000,0.03,170,0.0022794759148306192,0,-0.002874491859361365,0.6924358741893845,0,-0.0001451723226728093,0.7033818296150368,0,-0.005821229929099905,0.5602725630492706
10000,0.03,171,0.0005045070726160308,0,-0.008985612363457811,0.1959186254704423,0,-0.0010517657003049608,0.4181255783124076,0,-0.015115482241464627,0.1246832057857604
10000,0.03,172,0.002740196170848152,0,0.001956418485780316,0.7705343665739893,0,0.00035321097486231247,0.30845139808035693,0,-0.006221523010974558,0.5163998419423306
10000,0.03,173,0.004306936674826958,0,0.00276521346559893,0.6897455965864621,0,-0.00029156522034801325,0.6380828803773106,0,-0.003474415896518362,0.7232102920327654
10000,0.03,174,0.0016166647932825103,0,-0.0003393501085030533,0.9618283451604921,0,-0.00015850876877415986,0.12013774545953027,0,0.007432654433932941,0.4518589970673563
10000,0.03,175,0.003266594772616251,0,-0.008989971962616965,0.20578653148271758,0,-0.0009860787140416266,0.3092051075252106,0,-0.013087955865823193,0.19641634840310432
10000,0.03,176,0.0040968686416174415,0,0.0009957004707215928,0.8862557470006095,0,-6.63747556716911e-05,0.7622763048537267,1,0.02005560830269892,0.04459661092217784
10000,0.03,177,0.002204083992538402,0,0.0023650851466707687,0.741381058360025,0,0.0002930066968362248,0.536433641751896,0,0.008519151709063583,0.40371367726060636
10000,0.03,178,0.005299327745571583,0,0.007116460777731388,0.30898900230146675,0,0.0009417786987648886,0.8664250913737154,0,0.012443920126880548,0.20940953851436492
10000,0.03,179,0.0033925344523596155,0,-0.012824560803687417,0.07103629965125761,0,-0.0006542802924736084,0.2627225329975844,0,-0.008551474789785534,0.39502823997129743
10000,0.03,180,0.005623640696645224,0,0.004661243143335516,0.5165488070280833,0,0.0007467974934237046,0.44483467471485694,0,0.00445356321210346,0.6602771658690694
10000,0.03,181,0.002603670383772416,0,-0.009191872801888844,0.196362805198995,0,-0.0003450202544419378,0.9971981031437498,0,-0.010484128870987465,0.2975847898962275
10000,0.03,182,0.002592044232679914,0,-0.003875757941702961,0.5849651505081086,0,-0.0006994352092175442,0.06386374681600548,0,-0.01848662778215843,0.05633400610133545
10000,0.03,183,0.004067518537143694,0,-0.004758587058898521,0.49876393442380695,0,-0.00013080493575132266,0.8860132486210096,0,-0.003135070934942362,0.752747858013499
10000,0.03,184,0.004713439130409409,0,0.00619203506795671,0.3794303330231088,0,1.0356076021771486e-05,0.8242144488983255,0,0.0007794050306421108,0.9369799441775808
10000,0.03,185,0.003188780374729844,0,0.012347078295723977,0.0845084736508746,0,0.0011777951643227528,0.8094264966578442,0,0.006092260468959848,0.5442552824134415
10000,0.03,186,0.0037481121677655914,0,0.0027295434558021734,0.6988029519666106,0,0.0003885205748677816,0.4086297590543877,0,0.014309289842273037,0.15023857685888392
10000,0.03,187,0.0030438822447443003,0,0.002076898901810182,0.7718196756167379,0,0.0002495626654733965,0.17267807385385814,0,0.007622993491383533,0.4410813405777544
10000,0.03,188,0.001299409384841606,0,0.007325881628964061,0.29710407137113926,0,0.0006448287648528276,0.7056046915538446,1,0.02435839957661961,0.015458546513941091
10000,0.03,189,0.002725102464741858,0,-0.009612722500936113,0.17609164091888277,0,-0.0006760991334991151,0.3026154793517546,0,-0.009014121863676203,0.3588092385743178
10000,0.03,190,0.002300352190933185,0,0.013374458866949698,0.05435807955324209,1,0.0014427208521435584,0.04810688980041289,1,0.026288108128422055,0.008007588283149117
10000,0.03,191,0.002779266106031151,0,-0.01212641204017608,0.08630518594243856,0,-0.0010751944245640686,0.1810993885123403,0,-0.01799700715283958,0.07059159560936971
10000,0.03,192,0.0025900733809902515,0,-0.001668246934193178,0.8154254398134833,0,-4.228014476640921e-05,0.22027530167693687,0,-0.014714238980319934,0.1454849632959336
10000,0.03,193,0.002640378270244134,0,0.0006983742251571103,0.9216243100912132,0,0.00012113371073575881,0.47540053568646923,0,-0.007360727210390033,0.458143792845336
10000,0.03,194,0.0024214992367648657,0,-0.0025063461337575654,0.7196174174895185,0,0.0002152512563827555,0.9232636940516911,0,-0.007530402819106833,0.44334674458612866
10000,0.03,195,0.004265522702166473,0,0.006942641663304485,0.3254789457508419,0,0.0001732633168794474,0.8362445518287014,0,0.014590288981044827,0.13716564595029104
10000,0.03,196,0.0031342830746023333,0,0.0046211491418880375,0.5135896351906513,0,0.0006493936626169821,0.6299989630474897,0,0.007777870206285401,0.43997557130688514
10000,0.03,197,0.003174454959111131,0,0.005294982230739309,0.4552024318838769,0,0.00045024278492692993,0.7313427748792938,0,0.0015525909851264194,0.8759201273826122
10000,0.03,198,0.0027480968709701135,0,0.002571797794423099,0.7193529805127332,0,-0.000451746096428688,0.5962702737447787,0,-0.005262082400502462,0.6077615101087201
10000,0.03,199,0.0040732912669601195,1,0.01909695462092213,0.006731379007093704,0,0.001446118811494144,0.7228699094411242,1,0.022201762075544487,0.02593775616501979
10000,0.05,0,0.0035590203052911604,0,-0.005078926162285542,0.46841298588167213,0,-5.446000718421094e-05,0.34208996415155923,0,0.002780890866059529,0.7814238039176084
10000,0.05,1,0.0053170696427145385,0,0.0016824479429192061,0.8126719668947113,0,-1.570018355729938e-05,0.6499965421485374,0,0.001379407283707514,0.8913582053050634
10000,0.05,2,0.0034997316043268783,0,0.01008637648021233,0.1520321291737584,0,0.0011637278819343682,0.7815978668418476,0,0.007367834605704886,0.45799884025733506
10000,0.05,3,0.003013958378804909,0,-0.0023764604795379445,0.7347182977873733,0,9.316775423299791e-05,0.15219383723617774,0,-0.004318063222638142,0.6647037178690487
10000,0.05,4,0.0021791483998312234,0,3.4931944592429647e-05,0.9960750501572739,0,-0.00021890601368461393,0.8264665243184836,0,0.0020127479187610877,0.8377470895174128
10000,0.05,5,0.004784685259732899,0,-0.006844490143162381,0.33667947184800295,0,-0.0006330448431701282,0.9405965414780331,0,-0.006612233733151304,0.5098815816489053
10000,0.05,6,0.0034612566464578966,0,-0.0001562090488639335,0.982481723189438,0,-0.0003227126733663904,0.19998376747236735,0,0.0005433538563909353,0.9566309392438812
10000,0.05,7,0.004550545209085348,0,0.004487719291194677,0.5203104006174681,1,0.0003383077837352381,0.03737038624472755,0,0.005581833932556346,0.5757814114158484
10000,0.05,8,0.001986389047073958,0,0.00599847935296134,0.39598201602074323,0,0.0005217366980116942,0.5647664837170461,0,-0.00024196668055824055,0.9806115738885004
10000,0.05,9,0.003211435559265009,0,-0.007709005543989112,0.26876924014411013,0,-0.0006384722139888899,0.6800224222174459,0,-0.00393159705703436,0.6836735258904147
10000,0.05,10,0.0028573997671900303,0,-0.003504029397816411,0.6200887401481365,0,-0.0004603658880473168,0.6098449837125715,0,0.00627529071575404,0.530840400556282
10000,0.05,11,0.0021826306019157283,0,-0.0022080769634626705,0.755431471875482,0,7.942906106833218e-05,0.6548310044256584,0,0.00040656467988568236,0.9677607820054281
10000,0.05,12,0.002580477632513709,0,-0.0010365912149986113,0.884312555861261,0,1.6264853439044985e-05,0.34876502492055117,0,0.014834679164428394,0.13939339327488093
10000,0.05,13,0.0024604301757010618,0,-0.001675473520060559,0.813285218717926,0,4.3199578826396404e-05,0.5221566411121634,0,0.0038058715497589508,0.7021655500390562
10000,0.05,14,0.0035507227108474405,0,-0.007525310956568722,0.3002716094530951,1,-0.0009224958992719287,0.019508266938388363,0,0.0020374729545431175,0.844097225439416
10000,0.05,15,0.0022111778852879293,1,0.014902735675120607,0.03633779496471134,0,0.0009151763611019838,0.83347330713295,0,0.012641386557355356,0.19415261330031766
10000,0.05,16,0.0021334641334474426,0,-0.005119270286967605,0.4630354756960712,0,0.00013145655654423256,0.7093740751619102,0,-0.007963488892662823,0.42005919214290943
10000,0.05,17,0.0014699222019228183,0,0.004264135856308041,0.5498476458074613,0,0.00019415002692006885,0.23482298872849472,1,0.025759068011777707,0.010535036160007958
10000,0.05,18,0.0021059656040832925,0,0.01287445121978627,0.068127856455762,0,0.0007136134503680944,0.6954203809017516,1,0.02155761768615972,0.029941520941263733
10000,0.05,19,0.0036256028383128847,0,0.0019032751111058624,0.7897576759848749,0,0.00021449519067757826,0.11865919743518749,0,0.004155227032439676,0.6797825198491121
10000,0.05,20,0.002214183062582558,0,0.0026738392944608003,0.7057129354709182,0,0.0001580990650725053,0.25833355076432696,0,0.004038711058000535,0.6871157804899382
10000,0.05,21,0.0019085640725598606,0,-0.008097822306021244,0.25433690869624637,0,-0.0005357442399429241,0.4249395235116774,0,-0.005732987403727246,0.5716177731287118
10000,0.05,22,0.0022891358914060257,0,-0.009986288752913144,0.15441708780292235,0,-0.0011604524055290558,0.859935497618426,0,-0.012882188239544283,0.20057369755922705
10000,0.05,23,0.0028408386495912138,0,0.006927817246075692,0.3155225331264851,0,0.00040216913414216116,0.8608510861417675,0,0.011453502331807473,0.24924016671731877
10000,0.05,24,0.003686167435479795,0,0.0006843813750792467,0.9225316432381352,0,-0.00039952053860731635,0.23729296528775046,0,0.00828751896071207,0.40898218746465853
10000,0.05,25,0.0031258593017556855,1,0.016111603168762714,0.02038942315197824,0,0.0013633500955711276,0.5940792293715472,1,0.020953377040833207,0.03209592272873777
10000,0.05,26,0.003631173103590812,0,-0.00744863171018364,0.2930418318900041,0,0.00021468061815238713,0.09572238233025299,0,-0.0006075022697087126,0.951714528229749
10000,0.05,27,0.003401294670116102,0,0.0015035410672243421,0.8312947291039505,0,0.00011511344933870648,0.2682230741727287,0,-0.0006877610168073006,0.9453455727415023
10000,0.05,28,0.0037283960633565454,0,0.00953518271614587,0.18600723166059727,0,0.0009221551746979341,0.535332675872683,0,-0.006906614776575148,0.4960080280123865
10000,0.05,29,0.002018670221890901,0,0.008401904690774098,0.23477029791589624,0,0.000471947824920829,0.23144867879079511,0,0.002942492699206159,0.7689882670138493
10000,0.05,30,0.003808614572293692,0,-0.0025948180489978497,0.7052101012197265,0,-0.0007515947600814126,0.5214004679138509,0,-0.007626809550960558,0.44377359682110507
10000,0.05,31,0.0031003564752566334,0,0.011985350618574031,0.08281045366577253,0,0.0015480917875203485,0.25644897088568197,0,0.009208052138294107,0.34302796454042095
10000,0.05,32,0.004215597868174972,0,0.004359878275906665,0.5437880331358145,0,0.0005874220369832849,0.8154409740188473,0,-0.004707162576869862,0.6395572643523253
10000,0.05,33,0.004181648516452499,0,0.0035439760476197795,0.6209817357828682,0,0.000539810209059483,0.7305798085512578,0,0.01154210546579585,0.2595984032063844
10000,0.05,34,0.002528715376670163,0,0.0009622246874898279,0.8907067026090045,0,-0.0004079281679006804,0.9586796380442866,0,-0.008891214218092322,0.37249088391981133
10000,0.05,35,0.0045913545299881555,0,0.0018587676520905806,0.7939471918242406,0,0.00056936704382499,0.642029493251249,0,0.0018639149636294644,0.8536299192377481
10000,0.05,36,0.0040203163037767125,0,-0.0027372712937562492,0.6868970575064657,0,-0.00013163653339269034,0.7206470799118359,0,-0.004461862300083537,0.646947881473207
10000,0.05,37,0.003033541131620918,0,0.0003702455229309164,0.9580820479517151,0,-0.000560308767585882,0.9789495928826805,0,0.004565117356065534,0.6495276406846999
10000,0.05,38,0.0036887193970375487,0,0.010829868636735032,0.12786370483573922,0,0.0009460457424705487,0.09633072831664291,0,0.010357530244651261,0.3040827527991227
10000,0.05,39,0.003749108040094819,0,0.009696271821677014,0.16215208652726001,1,0.0008060434216834233,0.038560161364907364,0,0.001567517606616808,0.87390932837807
10000,0.05,40,0.0009643527291695534,0,0.0018580747585978338,0.7953193096829921,0,-4.311169057421279e-05,0.7406102895211886,0,-0.012182090430836495,0.22956301439015633
10000,0.05,41,0.004844178226190189,0,0.00046392207869158956,0.9461314369392799,0,-0.0007594841385852187,0.5472697696875836,0,0.0019802566401622276,0.8407182594309709
10000,0.05,42,0.003087873935559277,0,0.0013650906215376159,0.8497409679112415,0,1.718883383057222e-05,0.6468815484750143,0,-0.0005891902438209099,0.9538758166523309
10000,0.05,43,0.0022731029373751622,0,-0.005941700043816659,0.40304286597228334,0,-0.0009614062582422404,0.6294788863577438,0,-0.006564837430676212,0.5059061035156047
10000,0.05,44,0.0023551471553796333,0,0.0018197600783842539,0.7953948778416899,0,0.00013580182707553098,0.2844614045006516,0,0.008782451968744493,0.3732347435359472
10000,0.05,45,0.001641047622120432,0,-0.0010061231593802948,0.8891727337422046,0,0.00041370539336685054,0.05329594601889309,0,-0.008697111620937715,0.3969747248401042
10000,0.05,46,0.0026953407274760057,0,0.0026784928825518525,0.6996560397012799,0,0.0006229789742753388,0.29621776211067785,0,0.009506319742459805,0.33775316403933653
10000,0.05,47,0.0028593692386643895,0,0.005154863268130564,0.4829836207356637,0,0.000735743420464808,0.07349040921404226,0,0.0027610907911130673,0.7850677851349374
10000,0.05,48,0.00173270207682597,0,-0.007594311405569862,0.28087652155940196,0,-1.5313727176850338e-05,0.8454612906406018,0,-0.006511453908592199,0.5138327633804596
10000,0.05,49,0.003023098082508043,0,0.003181866255151004,0.6547797132985501,0,0.0007355168523511219,0.8337347174469799,0,0.0037757858982645676,0.7052144275574216
10000,0.05,50,0.004513059646909411,0,-0.004894937908030941,0.49005734215352337,0,-0.0004974892718563384,0.2387364625843691,0,-0.0027443330194723953,0.7815024698412888
10000,0.05,51,0.0029068248456442783,0,0.0004395436245665849,0.950061005729607,0,-0.00027671845043711286,0.7778298162939137,0,0.0098735758549418,0.31720079475430796
10000,0.05,52,0.0025390946993384777,0,0.01211000940757884,0.09100135367687193,0,0.0010374825060660484,0.6511833513392213,0,0.013961082655597189,0.16517975489630915
10000,0.05,53,0.00291563427705759,0,-0.0019536541368930923,0.7764075938349189,0,-0.0007613469336862045,0.7266428749937632,0,-0.008937597527269003,0.36075167381175355
10000,0.05,54,0.004938272233607126,0,-0.004295269551813641,0.5385910812783432,0,-0.0007044325196055475,0.1043220852850758,0,-0.00210398816466443,0.8310669082932756
10000,0.05,55,0.004469293545685699,0,-0.006836491187025933,0.33456726328707653,0,-9.059979412804081e-05,0.7100751238390446,0,-0.01380524655935646,0.17002584860115832
10000,0.05,56,0.0024981062985666574,1,0.021582183891646282,0.002782524464920387,1,0.0014934321418946992,0.01488615107491953,0,0.01329204447978713,0.18792051206238436
10000,0.05,57,0.005021521241259243,0,0.0083414131582841,0.23614859265406044,0,0.00015901747223106056,0.7012701788640302,0,0.0060316328876731315,0.5406366584266131
10000,0.05,58,0.0038691410409875102,0,0.00036682168684768076,0.9580740558260397,0,0.0001934665617783549,0.5049812023577822,0,-0.009472159524052465,0.33313534502693387
10000,0.05,59,0.0043200222539971096,0,-0.003692216914559263,0.5999293151193743,0,-0.00012752331717611186,0.1417662209701186,0,-0.015551329911609445,0.1150973394186687
10000,0.05,60,0.003400233386866571,0,-0.011884351409294374,0.099793596679324,0,-0.0015375039012771317,0.5829200368788761,0,-0.01643708736928446,0.10924703390844205
10000,0.05,61,0.002581110030017814,0,-0.006207965039512104,0.3747090408653533,0,-0.0006102470203289397,0.5417503200009475,0,-0.015240930296367802,0.12958128386166645
10000,0.05,62,0.0043991211460502186,0,0.002142733127978329,0.7612126398748065,0,-9.95682199912278e-05,0.6905680844817865,0,0.0016210707434901961,0.8712052268485273
10000,0.05,63,0.0020766515331153645,0,0.003951304969630742,0.5748215302979447,0,0.00038307653817824783,0.4876247603030318,0,0.015145303159253035,0.12417974487109823
10000,0.05,64,0.004130681233645753,0,0.005587511512990416,0.41682385489154594,0,0.00010198810652876603,0.7232593501615258,0,0.010559918268101346,0.2860034797411045
10000,0.05,65,0.005042833166784982,0,0.005438390279879017,0.44415706258956,0,0.00027465404533779167,0.5840674240480059,0,0.007782853285634635,0.4384982953405454
10000,0.05,66,0.00457290150567407,0,-0.0013302800597029545,0.8514411622687243,0,-9.129766564866862e-05,0.6798507975668111,0,-0.006164876701677322,0.539275229264095
10000,0.05,67,0.0047803099943236615,0,-0.0003309461932273284,0.9619949173349067,0,9.208690978147415e-05,0.9314146664689363,0,-0.002680437808936203,0.7882874943007742
10000,0.05,68,0.003681970119000791,0,0.001953588158231722,0.7806077745440716,0,-0.0002021653350126728,0.6543137664999528,0,-3.919654668086553e-05,0.9968594091897411
10000,0.05,69,0.0023756891086698906,0,0.0045588835481953135,0.5146536328620485,0,0.00014161490225959373,0.347841107111714,0,-0.002000715910609727,0.839647387984702
10000,0.05,70,0.0034408657951096717,0,0.0007491428031318685,0.9157950959639509,1,0.00036895024250244336,0.029391018660542834,0,-0.0018628878571262091,0.8505838262624958
10000,0.05,71,0.004345610808166849,0,0.0015205844599947838,0.8284423781459673,0,-0.0009025639049958995,0.05777134556500774,0,0.007017160496929208,0.48120141227258995
10000,0.05,72,0.0020239272354560522,0,-0.00021349164571578553,0.9752720632719929,1,1.1293055456745258e-05,0.02315807949152182,0,0.007078825330975834,0.4755525580475485
10000,0.05,73,0.003574075593545172,0,0.011459902383748029,0.1111805495581795,0,0.0012987667869916312,0.7149262137543531,0,0.003914019613667384,0.6971007134786936
10000,0.05,74,0.005341110338318087,0,-0.0016954270413815468,0.8124915596777323,0,-0.0003052402763429696,0.36511689454813423,0,-0.0010179776079889931,0.9182678583411331
10000,0.05,75,0.003583327359178131,1,-0.015002735353305596,0.029272843295611792,0,-0.0015029577890795997,0.6765222809394726,0,-0.016843310583001328,0.08961656683854487
10000,0.05,76,0.0020079480839591875,0,0.007273844104483736,0.30303727189483315,0,0.0012116392023766623,0.36204556707694535,0,0.0175913504163771,0.08164854267007726
10000,0.05,77,0.005546139242877916,0,0.006851180628721286,0.3251254011196941,0,0.00046121977137755056,0.190369109816646,1,0.019495132302042344,0.04710046576254104
10000,0.05,78,0.0017417034484266312,1,-0.01872253703699669,0.007648790581458888,0,-0.0013534057763274713,0.6837284034323906,1,-0.023622330449422083,0.016533656764376528
10000,0.05,79,0.002244508439088207,0,0.009837723918477089,0.15667971269354633,0,0.0009969415725647798,0.3992312081842744,0,0.015551611489702159,0.11882302325189054
10000,0.05,80,0.0021485776549469283,0,0.003308836929162719,0.6329194990196192,0,0.0002748788117928192,0.5977113010280655,0,0.008383616867806892,0.39389161862106437
10000,0.05,81,0.006159944543196154,0,-0.0017324225387270304,0.8092481873873838,0,-0.00015491715596420823,0.5344193354348398,0,-0.007852247725174361,0.43646040771387895
10000,0.05,82,0.0026718924333301126,0,-0.0057089714437161794,0.4209520905710874,0,-0.0002891463485152001,0.540361240029447,0,-0.00870764632413775,0.38411124485107395
10000,0.05,83,0.0018860474160872671,0,0.003179786152213991,0.6579216896533635,0,0.00026437729630048365,0.0753409630320484,0,0.00849696184525055,0.39583707339178265
10000,0.05,84,0.0044048431455742075,0,-0.0035789832481849583,0.614266053127,0,-0.000303190735536938,0.22522336197046322,0,-0.0012322262719289196,0.901772872745384
10000,0.05,85,0.0027838001571343987,0,-0.010187877705259895,0.1467995843174793,0,-0.0007264407859162649,0.7554586757363995,0,0.002275445633250198,0.8180493549841334
10000,0.05,86,0.004643475434119273,0,-0.013605061036435273,0.053565769766827386,0,-0.001363057377723618,0.8412636219167291,0,-0.014083109310243706,0.16079952157324554
10000,0.05,87,0.0037583959306787644,0,0.007993573877653488,0.2503437466153168,0,0.0006682216106078566,0.2643992884482974,0,0.006739769987461991,0.4941331345300266
10000,0.05,88,0.002275469018535424,0,0.00016508913795265862,0.9813420986584298,0,0.0006570490990691466,0.10467970751898792,0,-0.0031027674161277774,0.7564895333452868
10000,0.05,89,0.004861297367547184,0,-0.004152629345776732,0.5618738561542176,0,-6.451673825508324e-05,0.6209476180559761,0,-0.010112511176247204,0.3069828836100039
10000,0.05,90,0.0026013658202566846,1,-0.014731654712808535,0.034556740275955705,0,-0.0011880996270186585,0.5698280595061727,0,-0.01099530611005213,0.267861340594302
10000,0.05,91,0.002019580604200308,0,-0.004835267805619911,0.4993300225982278,0,-0.000625204258694026,0.16287494449870066,0,-0.004273753574955897,0.6693624037038107
10000,0.05,92,0.002490368964157648,0,0.004781112337779721,0.49062864365163217,0,0.0001943776074011138,0.7170739204940721,0,0.0023943481158155465,0.8107875195149405
10000,0.05,93,0.003637587208272933,0,-0.004873092760383795,0.4915077631971463,0,-0.0004882117237874768,0.9166972439674367,0,0.008036841682687885,0.4207361061467534
10000,0.05,94,0.003874558823519276,0,-0.005582852893447717,0.4318311706748832,0,0.0001645100492232623,0.8464152636845829,1,-0.02054257865909027,0.03774688410284349
10000,0.05,95,0.0018027170952249324,0,-0.0019546087228958205,0.7816954219866546,0,0.0005801201365057049,0.5089203678146881,0,-0.0018485066817718922,0.8523406810509739
10000,0.05,96,0.0016449584279471673,0,-0.0038804549306056813,0.5878677343899485,0,-0.0010386796264171255,0.138896742963023,0,0.0033432805701809187,0.742587935846444
10000,0.05,97,0.003731450240590209,0,-0.0071863261813482045,0.29758436861890936,0,-0.0010335644641559973,0.32542476188870273,0,-0.010460603011195741,0.287486067258857
10000,0.05,98,0.0025998197181151712,0,-0.002942599258033799,0.6738710402835306,1,-0.0011128980577133937,0.01881752785113744,0,0.009340390225608694,0.34741429664763934
10000,0.05,99,0.0032040083970088537,0,0.0002289886245136455,0.9741843298429913,0,0.00042342281784664394,0.556516658347207,0,0.0031773486667351944,0.7465022925210424
10000,0.05,100,0.0011493776251013082,0,0.0010519640817307856,0.8781112062848653,0,6.321715402928083e-05,0.8588415725285952,0,0.0030148549187208893,0.7556664983578336
10000,0.05,101,0.004494164108321513,0,-0.006629411854892738,0.348355253981694,0,-0.0007594850332127974,0.5026637763036376,0,-0.004770885487530372,0.6337604480644571
10000,0.05,102,0.0015039802356997067,0,-0.0009715702074481517,0.8916993496071783,0,-0.00015430222165767284,0.2896704817068132,0,-0.013667784090739892,0.17508464399333334
10000,0.05,103,0.001724900255338054,1,-0.01395925967854874,0.0478977167654847,0,-0.0015615218659239551,0.2544519987031577,0,-0.010872947393511866,0.2789024792976116
10000,0.05,104,0.002846616095842052,1,0.015066269067401543,0.031330297844946946,0,0.0016435636631388514,0.24071470879632728,0,0.007562963984304896,0.4515302438528219
10000,0.05,105,0.002585728433655813,0,-0.01144327498904076,0.11016941599672739,0,-0.0013733122664539143,0.3481101124459969,0,-0.010753850506534074,0.2860345680898731
10000,0.05,106,0.0067247554900946365,0,-0.0035986092651623712,0.6177592286804475,0,5.2121687280204805e-05,0.9273442382837294,0,0.006469169838084248,0.5204375799338992
10000,0.05,107,0.0030079660923642082,0,0.0047621995416857,0.4943928320027373,0,0.00038243707707082147,0.21071199743397795,0,0.00129259691502083,0.8962793008647425
10000,0.05,108,0.0017044005592710455,0,0.0051852650547410395,0.46009768146105934,0,0.000371413811566871,0.8530379039823943,0,0.0006124673211241926,0.9507360013099725
10000,0.05,109,0.001266364190501591,0,-4.4957996405054585e-05,0.9948709854135401,0,-0.0003479693635835423,0.638127158116701,0,0.017933230840951456,0.06929418787856366
10000,0.05,110,0.0031293744196393527,0,-0.005052509652907933,0.4787781363902559,0,-0.0006235010489658108,0.170648274341886,0,-0.0063559515177376725,0.5295203280123948
10000,0.05,111,0.002631594448811613,0,-0.005146880587174289,0.46292323064218266,0,3.392907842778063e-05,0.23040551673335163,0,-0.00507230511737295,0.6135635092152785
10000,0.05,112,0.0016700033554003558,0,-0.003970250758179894,0.5776943475741841,0,-0.0005789122742775607,0.998305688388147,0,-0.006136566284894022,0.5443984602339069
10000,0.05,113,0.0030124110634694064,1,0.016278889677404214,0.020816738130999202,0,0.0014270654172754058,0.12418398361195293,0,0.01949275609949285,0.05021563172876704
10000,0.05,114,0.0016831167945352437,0,0.003126063482062503,0.6607388539726087,1,0.0003794931363134419,0.04112987159872905,0,0.006679774875178301,0.5081145219937901
10000,0.05,115,0.0019315982425313824,0,-0.0057705432555597075,0.4197706497379132,0,-0.00038381687219928007,0.8383782703082,0,-0.002332441200548656,0.8169618272672087
10000,0.05,116,0.003058430198224144,0,0.004207891385108237,0.550482002677952,0,0.00042534194914861174,0.2925787133091873,0,-0.0011073893769775207,0.9130127034574563
10000,0.05,117,0.0031113087013661693,0,0.002040888110869545,0.7641530992251833,0,-0.0002271980031386715,0.5568965455128703,0,0.011815263681969189,0.22530413419484574
10000,0.05,118,0.0022182215117880336,0,0.003958189406563571,0.5760302487354565,0,0.00011913964285487453,0.3511212967779972,0,0.00670524440600884,0.49629431544995184
10000,0.05,119,0.0032406883194027376,0,-0.001856900624611035,0.7921285292884871,1,-0.00021811008282574573,0.005624900578206193,0,-0.00042052853936352507,0.9662553585132396
10000,0.05,120,0.0022013878630655205,0,0.0003394050014981511,0.9607844668978537,0,1.0522893103396495e-05,0.48475529047635324,0,-0.004305852740622456,0.6686207318491311
10000,0.05,121,0.004271808711035706,0,-0.004286505741837972,0.5362207334753959,0,-9.451985030594432e-05,0.24708467370849307,0,-0.010380441525758585,0.29101058062177876
10000,0.05,122,0.0023573900088903533,0,0.010872545820122021,0.12133542536223135,0,0.0007004462475452963,0.9939168262335751,0,0.004212102680665908,0.6731894511600287
10000,0.05,123,0.004676860080429912,0,0.002712476483102132,0.7043484920981002,0,0.00018162949772560177,0.646272418544569,0,0.003178328258775009,0.7493392159587131
10000,0.05,124,0.003908033998423629,0,-0.011729086886089942,0.08778324910109332,0,-0.0006851349451803675,0.7328717826905489,0,-0.01269255769106712,0.18977756827868753
10000,0.05,125,0.002518503562912463,0,-0.007964797182007644,0.26674142354276004,0,-0.000821964652701783,0.6260364692993721,0,-0.00037284702698274844,0.9702651277449637
10000,0.05,126,0.0016162546790643303,0,0.00031123405729741645,0.9641865491695396,1,-2.873544422278162e-05,0.023360946919877335,0,-0.005488119283236796,0.5761450216060675
10000,0.05,127,0.002162621243350638,0,3.460575706852121e-05,0.9960655901033212,0,-3.494738091405679e-05,0.2843042046853347,0,-0.0014756569367441177,0.8819951865122819
10000,0.05,128,0.003028583986304399,0,0.0046049391578271235,0.5096061067729818,0,0.0003914772416117581,0.5793021931165978,0,0.0021062596223068194,0.8311116374538783
10000,0.05,129,0.002699156537541781,0,-0.00015039213495316372,0.9829806296513263,0,-0.00034120267935903623,0.18913753518108778,0,0.00041990267623873796,0.9664602446570485
10000,0.05,130,0.002212236115108888,0,0.0022679739829643353,0.7459796698584489,0,0.00023000287735684954,0.7712801627533401,0,0.002296829544494003,0.8188457459459655
10000,0.05,131,0.002124069182896376,1,-0.013768657838003543,0.0488329228070855,1,-0.000589769345104734,0.029301260141219254,1,-0.019865731733700008,0.0440265408135483
10000,0.05,132,0.004881455906121161,0,0.005411934180507773,0.431921839386901,0,0.00039806602512612024,0.9791994304550414,0,0.012281882642214095,0.2125507184668112
10000,0.05,133,0.004541523862373871,0,0.0006207660732658925,0.9306572916125749,0,0.0005361053641212294,0.08109536347745927,0,0.0011347741634027376,0.9108032603521335
10000,0.05,134,0.0036551561004587144,0,0.01144146103258911,0.10433686763090835,0,0.0015007231782639338,0.2003559508995747,1,0.0317160317036712,0.0012682597233955408
10000,0.05,135,0.0037023894577176107,0,-0.0009343200629202248,0.8960307940709129,0,0.00014843876940827627,0.6831305346178753,0,0.0018452800232878891,0.8525475882122292
10000,0.05,136,0.0029968085859714533,0,0.0024143945563122127,0.7332052424388042,0,0.0004844586437945847,0.16210101242011932,0,0.011712764742816368,0.24479341598933102
10000,0.05,137,0.003316388966250651,0,-0.013132216314143972,0.07070916476022798,0,-0.0010743309627815269,0.7401091260628356,1,-0.0273648115227111,0.00663081838320694
10000,0.05,138,0.0038468048095079217,0,-0.007749550334038272,0.2711325672779595,0,-0.0011919854108942047,0.3602580660818566,0,-0.004511757242238372,0.6533990423990979
10000,0.05,139,0.00415505735372477,0,-1.3651364755721661e-05,0.9984621150625275,0,-1.7194604277325984e-05,0.9241561428479664,0,-0.01087956005661585,0.2754889054098499
10000,0.05,140,0.0047076706474753725,0,-0.005234899219478872,0.46278617851789505,0,-0.00041449699782493285,0.30763079989881104,0,-0.0007538832364676401,0.9396395995172672
10000,0.05,141,0.00230714546948909,0,0.011732036341524917,0.09539758097058926,0,0.0005774769846124749,0.3624372599779073,0,0.0070709035872848006,0.4772091489032009
10000,0.05,142,0.004801407459349566,0,-0.006900075634652576,0.32054614444419444,0,-0.0005443164415947334,0.5679843726687319,0,-0.013720318351786968,0.16998899416658483
10000,0.05,143,0.004079567364372951,0,-0.007421365848329593,0.2839363378169504,1,-0.0008142514731360429,0.036210016501947995,0,-0.015645106873517965,0.11668726647542306
10000,0.05,144,0.0033266384414757572,0,-0.005078481831846418,0.4688986384609244,0,-0.0003345675251744016,0.08412302345437739,0,-0.013286991010581686,0.17777939262720868
10000,0.05,145,0.004996387036162773,0,0.00908832266509341,0.19875346385415862,0,0.001271358821446306,0.060651603842960866,0,0.015992737002029044,0.10985444116925823
10000,0.05,146,0.004696061812462497,0,-0.00474492386172218,0.5053083100246267,0,-0.00034892802244177585,0.08382082125859214,0,-0.005726042455848195,0.570277601542811
10000,0.05,147,0.004539801162711724,0,-0.006249943435090049,0.3770541100128786,0,-0.0005491883539276478,0.37673565059847414,0,-0.013957258139531185,0.1644279077567752
10000,0.05,148,0.006263914510090482,0,-0.0007735519025324272,0.9114333643239786,0,-0.00010949215774481511,0.05110029767448121,0,-0.006028742972383889,0.546487292796229
10000,0.05,149,0.002182546524663105,0,0.007470561985391278,0.29427597008829615,0,0.0006384222378495131,0.5695263066992459,0,0.016931047914824728,0.09230680182351184
10000,0.05,150,0.00256694392567701,0,-0.003618349079737509,0.6078576778876073,0,0.00030521807368165177,0.9223920281787193,0,-0.0020790648878100003,0.8357136068543747
10000,0.05,151,0.0023180386130361723,0,-0.00379045367276289,0.5952795734278593,0,-0.00041681749791788947,0.7438480256730642,0,-0.0017156687221558855,0.8641715599547644
10000,0.05,152,0.0014848086301845723,0,0.008362785675230053,0.23870197836268864,0,0.001077903863306831,0.11175430692379706,0,0.008864217877029805,0.3742440091705145
10000,0.05,153,0.004617475512144035,0,0.0046566153257096956,0.5177822177469045,1,0.001082700321948737,0.02772646963128811,0,0.0012691853848304235,0.8995192705728636
10000,0.05,154,0.002440054895380069,0,-0.009236414631044604,0.20309437561366797,1,-0.0007019284017910119,0.030324877362852387,0,-0.0022849420230315696,0.8212122837456439
10000,0.05,155,0.0028493825702597315,0,-0.0011909263106245705,0.8639635957509405,0,-0.000405425306726643,0.7126098087857796,0,0.0007641100703974757,0.9370685621040673
10000,0.05,156,0.003817932820646468,0,-0.003470144944837908,0.6215823937709404,0,-0.00017860070435160474,0.897459457737996,0,0.015291266254471981,0.12646493076961635
10000,0.05,157,0.0024459549467700124,0,0.004401627622758992,0.5301434452337549,0,0.00032080482338925207,0.39373992508863864,0,0.007428175693852415,0.4522666271074617
10000,0.05,158,0.003078448517823342,0,-0.012185264423475452,0.07852646809050656,1,-0.0007243926044840132,0.03862156660341176,0,-0.011961618930211037,0.22593300482387094
10000,0.05,159,0.0017318777480821931,0,0.00099827860214813,0.8879766634857453,1,-6.045267445122013e-05,0.013567453586461498,0,-0.001429185207338252,0.8866475319013712
10000,0.05,160,0.0021197291973073214,0,-0.008951670731130307,0.2016831289688904,0,-0.00034189193642745954,0.23934097810077248,0,-0.014079411557348757,0.1670253780750572
10000,0.05,161,0.0006737953383944914,0,0.0009061016035479172,0.8958681533075801,0,0.0002973632383620569,0.6482246854800535,0,-0.0061990768675725455,0.53986622158955
10000,0.05,162,0.004105573911358996,0,0.0011801789609437226,0.8650355754355388,0,8.986386343513017e-05,0.931807928203153,0,0.009341879947746327,0.3463437065183712
10000,0.05,163,0.004085400586640406,0,-0.006542480294342003,0.3651519592558776,0,-0.00024266608630556602,0.8848025730324434,0,-0.013076969700146,0.19096974781857096
10000,0.05,164,0.004821462009988669,0,-0.006841298254671547,0.3310484348373408,0,-0.000630140535248671,0.48044970972492784,1,-0.027917794952086367,0.00469867210395966
10000,0.05,165,0.003380534065406749,0,-0.0002946192185264904,0.9665454883146667,0,0.00011644034310164225,0.4183710811456647,0,-0.009185353733815502,0.36104836748680347
10000,0.05,166,0.0020934557563899083,0,-0.009413220055959817,0.18430458037082725,0,-0.001012208030173355,0.08682069465920772,0,-0.015989901739499456,0.10512580326948638
10000,0.05,167,0.004402365992861637,0,-0.0029574187466508643,0.6662948719729573,0,-0.00036781981189802296,0.7618981993493241,0,0.00012135038434057856,0.990064701453859
10000,0.05,168,0.0021444553463339563,0,-0.008655755952453078,0.21531505332559325,0,-0.000741379547864083,0.15491769195187077,0,-0.010547520366031144,0.28951625863605857
10000,0.05,169,0.002927420575410851,0,0.0007750930308318678,0.913680045311707,0,0.0002204697995517364,0.34307096129564196,0,0.004100183023417987,0.6806993143074074
10000,0.05,170,0.002951377146812699,0,-0.0003847184543919104,0.9568646485959096,0,-0.00013274025081577988,0.9885082683128411,0,-0.0007140705492761799,0.9436145919955536
10000,0.05,171,0.005072826550625924,0,0.004263649988838326,0.5521205243375843,0,0.00028992346313962803,0.43752478160432506,0,0.00046481708789782245,0.9635534218440616
10000,0.05,172,0.004079057863637782,0,-0.005566330284060205,0.42884662761523784,0,-0.00039338783977531307,0.6697930062579539,0,-0.00507757244247867,0.6108156393803392
10000,0.05,173,0.0033391071030161048,0,1.5998025568895015e-05,0.9982015019869208,0,-0.0004961966383118889,0.09822784145181385,0,0.003791545466119094,0.703671676881249
10000,0.05,174,0.003401717225770105,0,0.0013870656947219324,0.8413218181053499,0,3.4883542906866596e-05,0.6514576714579741,0,0.013975108769324108,0.15247525866942171
10000,0.05,175,0.0013236257476341327,0,-0.011301214777619018,0.12392840747101441,0,-0.00024662915856647993,0.9250394491865302,0,-0.01079933260471153,0.2851659599333475
10000,0.05,176,0.0030629343473152037,0,-0.0029547553845836964,0.6705375317314519,0,-0.0003018626799167375,0.43933606354442833,0,0.009059396051038596,0.3619771940812784
10000,0.05,177,0.0025576629068141056,0,0.005921928639656596,0.398031720578657,0,0.0008521058173028405,0.8343900087142659,0,0.012650513650659941,0.2092303421873932
10000,0.05,178,0.0032538834934008618,0,0.008195752638754248,0.2439832000567669,0,0.00031444300950153934,0.5832517447887753,0,0.0008375637940058818,0.9329415408688897
10000,0.05,179,0.002294101747213665,0,0.002647846552115364,0.7083324794414916,0,0.0005468989614180011,0.6928924301839257,0,0.006103452392637349,0.5390579322504787
10000,0.05,180,0.005110995451006274,0,0.0005564161482752225,0.9371326751353903,0,7.750810782133063e-05,0.7891657349469137,0,0.0014017053224288437,0.889836220905522
10000,0.05,181,0.0023884181376473837,0,-0.0017408043828646593,0.8081465145656792,0,-0.00013399016453245183,0.32952107868461034,0,-0.0069724998099605865,0.48932076132904256
10000,0.05,182,0.003422452684266653,0,0.007262081451163709,0.2933094495523525,0,0.0009590422753179416,0.7135941086481943,0,0.012431682274266467,0.2033365494414936
10000,0.05,183,0.0030185905215586576,0,0.01313529701478747,0.05832244635540021,0,0.0009697141542247877,0.25492054508623196,1,0.019583204958333933,0.04531693325893193
10000,0.05,184,0.004928677002739653,0,-0.008516783113717874,0.22019836274391394,0,-0.001556060607864622,0.10520030768816513,0,-0.012348114453731329,0.21145120803985964
10000,0.05,185,0.0012997518304551526,0,0.0018457418926429684,0.7927432388327618,0,0.00043227544716140396,0.8546981889332337,0,-0.007673954766326884,0.43796295985377964
10000,0.05,186,0.0030399362682700516,0,0.006694405987649315,0.34392570574888737,0,0.0006679171665957779,0.3392816663749296,1,0.0194374049383393,0.04956440201606302
10000,0.05,187,0.0036170558624084165,0,-0.0051242020206146936,0.4714252643576312,0,-0.0006291101960206813,0.22965076488234992,0,0.004536416674161951,0.6473458145883775
10000,0.05,188,0.0017908714612109376,0,0.007195268054955418,0.28794953770595055,0,0.0005726215385716238,0.5096565208270967,0,0.015688051784389676,0.11057135078202587
10000,0.05,189,0.003656500384714745,0,0.0008584987745743847,0.9021013792335963,0,0.0002813171157492956,0.5971793243628685,0,0.008413283208864347,0.391809346387896
10000,0.05,190,0.0037638450213379007,0,0.006918224186232796,0.3207260577159732,0,0.0008638435959934663,0.4230110192221017,0,0.007862922159779356,0.42527897898360534
10000,0.05,191,0.004836837250197016,0,0.0018086942622931126,0.7958572737270256,0,0.0007955146767321213,0.2549834313180135,0,0.0005964394797135716,0.9521519685335966
10000,0.05,192,0.0027835637682755332,1,-0.014805820297890081,0.0292085289202676,0,-0.0008575607660335095,0.34615065263309763,0,-0.005982724542814104,0.5385535862262252
10000,0.05,193,0.0028584548889467702,0,-0.002961933142247683,0.6750254764233954,0,-0.0006304560026886711,0.3554749733230622,0,0.0011888081408781416,0.9045181424795975
10000,0.05,194,0.003110160024327843,0,-0.0005157948928491284,0.9426757957390766,0,3.285771638319017e-05,0.47697146338573915,0,0.012560208032669596,0.20865725172924432
10000,0.05,195,0.0019387873438887725,0,-0.009016005955151384,0.20301369498946498,0,-9.197395544858923e-05,0.43574133547875804,0,-0.0182685588734367,0.067143370015136
10000,0.05,196,0.002029557137512245,0,-0.0053154553805415975,0.4591439898130142,0,-0.00016188454166283733,0.5608892534292512,0,-0.0034608489222255883,0.7304616160640252
10000,0.05,197,0.0032858649816714016,0,0.007840749919295401,0.26221685374995335,0,0.0012601762551206913,0.9832629588844177,0,0.011258846185758014,0.24099986919679048
10000,0.05,198,0.002096615412898014,0,-0.007604309150883621,0.28276236043049285,0,-0.0009253041301283445,0.2417478877233341,0,-0.013812737921958305,0.1658066070589114
10000,0.05,199,0.002554165935700201,0,0.009940246910409865,0.1598673672362109,0,0.0010358189260660235,0.325780730833394,0,0.010567919977514323,0.29047426677962834
10000,0.1,0,0.0029729768598073664,0,0.008186957902745842,0.24940687239025847,0,0.0005717278814486412,0.525821436690511,0,0.008515723131683889,0.39519050554244495
10000,0.1,1,0.0048937271644454525,0,-0.011765805394803878,0.09768009025277125,0,-0.00045378856167957687,0.08035070467339578,0,-0.00993810441926379,0.32108571058364765
10000,0.1,2,0.004300027321248471,0,-0.0022656725323404146,0.7508077491554455,0,-0.00045711034489328585,0.7161775662358268,0,-0.0009715292592375447,0.9225448380750121
10000,0.1,3,0.003484434197047264,0,-0.0016894115237080362,0.813707766961455,0,-0.00033585429052980384,0.08902700281604603,0,0.006002392383703661,0.5490870737583641
10000,0.1,4,0.0016119415504462014,0,0.007406593955710112,0.28825575931070285,0,0.0008313210617691875,0.1665842376714528,0,0.0027333116929124314,0.7824173697875922
10000,0.1,5,0.0038651136982638394,0,0.004154342990408989,0.5657287379361515,0,0.0008642998042816733,0.23501965798454927,0,0.001020193354372134,0.9193846306587867
10000,0.1,6,0.004302439356227189,1,0.015089068921518033,0.033262282953054764,0,0.0006375295252468463,0.726181438933637,0,0.00481443039848679,0.6320626750502988
10000,0.1,7,0.0031421776030003895,0,-0.005838992138110349,0.40843859205032784,0,-0.0009502799089173387,0.8038969074933191,0,-0.01253945154538139,0.2159640162602021
10000,0.1,8,0.005133396356858261,0,-0.00807190284131239,0.24960606930018756,0,-0.0008158528208790963,0.34919962716709785,0,-0.018343772249057408,0.061799651975951136
10000,0.1,9,0.004575486774469607,0,0.0009144482605761289,0.8956758529268486,0,-0.0002709237607356832,0.08181700059614938,0,0.002409480705704049,0.8080961988603689
10000,0.1,10,0.0012027789552828104,0,0.0033448925198862004,0.6293482220548269,0,0.00048534544397758005,0.3177547643767593,0,0.006280487342154702,0.5305238521375406
10000,0.1,11,0.006442605986850965,0,0.007443443026129454,0.3029449246872509,0,0.0005557487780392955,0.7428796319729081,0,0.0005943082105605898,0.953209272358215
10000,0.1,12,0.0023728418705432483,0,-0.0003668050537971729,0.9591710527190868,0,-0.00014109941030582442,0.8209374087871351,0,0.00075489457699132,0.9402274838092393
10000,0.1,13,0.001140737982408503,0,0.0036689455675646366,0.6079085082527863,0,0.0003742575832820814,0.9446959885927472,0,-0.004091074987137459,0.6887498322240952
10000,0.1,14,0.0028332719116360592,0,-0.012921928173105444,0.06627080342880609,0,-0.0014672022431355132,0.519383442040975,0,-0.0004139485918180487,0.9664031126701185
10000,0.1,15,0.0030575151589402874,0,0.013179101273431805,0.06586718566942011,0,0.0011481818358646905,0.7597512402346501,0,0.004108397352712689,0.6802085716820094
10000,0.1,16,0.0033362955577644366,0,-0.0010565252179420713,0.8844224976091117,0,-0.0009804867569280756,0.5139056368974951,0,-0.009191284653769586,0.36498881770156577
10000,0.1,17,0.0038638929826385923,0,-0.0017518423867352421,0.8008788331306153,1,0.0005024209956402745,0.028054203398222732,0,-0.018175699261026614,0.06609234215873637
10000,0.1,18,0.0033879019706283416,0,-0.004491677381868795,0.5167392716811703,0,-0.000355104371932667,0.471257894365253,0,-0.00781062811895408,0.42396817308589674
10000,0.1,19,0.004779344507523064,0,0.007430812091494815,0.29287797103677615,0,0.0005942701190118587,0.6340493924333013,0,0.01162788648746,0.24585311081780167
10000,0.1,20,0.004324124373248433,0,-0.006236480171987099,0.3749159929167888,0,-0.00020157058009296242,0.24987711250176903,0,0.0016378070510333347,0.8693075383391498
10000,0.1,21,0.0025052693925699233,0,-0.0011785261932492864,0.8682738842928818,0,-0.0002018844505594928,0.9490150622223958,0,-0.005220301268507259,0.603904746293949
10000,0.1,22,0.004049644333312155,0,-0.007306577501388738,0.3018085775623767,0,-0.0008627838761480292,0.8298646394625678,0,-0.0075048224330322745,0.45357737406861476
10000,0.1,23,0.0027709632777039484,0,-0.004088856235618035,0.559696476772477,0,-0.00040909362564398066,0.2675548280870368,0,-0.0023672241435104256,0.8115159299364679
10000,0.1,24,0.002279127507354766,0,-0.0017457985378750665,0.8021242109116112,0,-9.548735879612621e-05,0.4073928910600323,0,-0.004596868157021539,0.6464099910515075
10000,0.1,25,0.005874837854741728,0,-0.002270771672106108,0.7483277753274744,0,-0.0006833949782417341,0.9540881290910492,0,0.0031244079678598227,0.7528300955963043
10000,0.1,26,0.004030960834524686,0,0.002032606106372334,0.7761927699426727,0,0.0005336982762471552,0.5460094592657183,0,0.007830038250610988,0.4347664544891813
10000,0.1,27,0.0026727623372736504,0,-0.0026008435597535875,0.7067698150539011,1,-0.0001403122832262544,0.022773444443042412,0,0.001200217815085356,0.9044226980858667
10000,0.1,28,0.003316783628586783,0,0.0018527339610003785,0.7948795904432929,0,0.00043771848411165693,0.3391060603430953,0,-0.0020905314140018194,0.8389087322142443
10000,0.1,29,0.0013605531467196649,1,-0.02206772485536846,0.0016440593551485352,0,-0.0018593694235645682,0.5446376732917703,0,-0.006273008008734357,0.5303185244306542
10000,0.1,30,0.002559582122521775,1,-0.0145645012796719,0.04034113518398574,0,-0.001463267331130049,0.3181537371190777,0,-0.005032122781225543,0.6136641199447923
10000,0.1,31,0.004482115945816064,0,0.009402147675704874,0.18126895282493785,0,0.000726404119518893,0.3322800815134658,0,0.015291946998567361,0.12589726009205832
10000,0.1,32,0.0032113109173655487,0,0.008317165093300254,0.25092402065915226,0,5.307178029655562e-06,0.20779123221118212,0,0.016207761927041545,0.10861906502812821
10000,0.1,33,0.003227060548723887,0,-0.004178760487328771,0.5573094227527808,0,-0.0007269788451239789,0.6322583963913697,0,-0.006941234951809143,0.4901867369278341
10000,0.1,34,0.0055733116887163175,0,0.003602935946686406,0.6147763705538783,0,0.0003042640422574062,0.7371761249818488,0,0.0006047740474672755,0.9518332712021838
10000,0.1,35,0.00564101012060387,0,0.004058980333846633,0.563025494373776,0,0.0008493061101458339,0.08283885181315287,0,0.005346052300091855,0.583678159707416
10000,0.1,36,0.0033698499813894552,1,0.014472834723246227,0.04213104447395713,0,0.0013320847349724864,0.7354937645080833,1,0.023612698536942714,0.018705569877303825
10000,0.1,37,0.004564048899253439,0,-0.00535150230380107,0.4471429892645513,0,-0.00013698320120675175,0.6873496624903677,0,-0.009806190661536941,0.32928979535513847
10000,0.1,38,0.004008357518971967,0,-0.008506047495647491,0.239582449827727,0,-0.0006115121133540899,0.9961650966219038,0,-0.005751019241127673,0.5733446009117067
10000,0.1,39,0.004028981923498384,0,0.0016414295496290812,0.8195527099556567,0,-0.0005555672713745614,0.23416370231138783,0,-0.004859676557864239,0.6286415398555855
10000,0.1,40,0.002732790207382525,0,-0.007993690363496394,0.24856586359265292,0,-0.0006586889861288818,0.5337248197615645,0,-0.001490168246692838,0.8785639151562006
10000,0.1,41,0.0040294544345040985,0,0.00881279247901234,0.22122987357394133,0,0.00029322753322132464,0.4188750073262264,0,0.006312942214156495,0.5314820073602341
10000,0.1,42,0.0010283900666116204,0,0.007975183899585117,0.24673745785250922,0,0.0005027217568104517,0.9777375706647632,0,0.004029840915128291,0.6806207358224161
10000,0.1,43,0.004207954016631216,0,0.006064952291471054,0.3840988535277361,0,0.0003833709632483066,0.7547601311348473,0,-0.003081401188759268,0.7566811602779344
10000,0.1,44,0.0039057225192089067,0,0.01159629237202593,0.10642168548628482,0,0.0008115200427701622,0.11625115878049042,0,0.004326140544854409,0.6690178520418486
10000,0.1,45,0.003231153913368708,0,0.004548108456201636,0.52236373663364,0,0.0004499445397138372,0.13842913905829013,0,0.006360691664731974,0.5260709928579347
10000,0.1,46,0.0018155648782552855,0,0.001262384461027526,0.8566632692196662,0,-0.00010638985976471225,0.6536939346172526,0,-0.002123268288293101,0.8291324686533236
10000,0.1,47,0.0025551541661885673,0,0.011522245780424063,0.10566082125243438,0,0.0006967243881721317,0.8790002608639367,0,0.00964575986264019,0.34098145601975216
10000,0.1,48,0.0016748039831284251,0,0.012051971961837795,0.07855554576985607,1,0.001164445360817255,0.01698678293236844,0,0.013517871622587028,0.17226037875155645
10000,0.1,49,0.002468498095565081,0,0.007159474831414288,0.3048982050155659,0,0.000975257859963563,0.10225682071441855,0,-0.0005514354016432342,0.954822237573371
10000,0.1,50,0.003524075298597993,0,0.009150730251989769,0.1895742918678265,0,0.0010288199211248592,0.23672268809412633,0,0.0062685555246064185,0.5252396154864256
10000,0.1,51,0.003663965498051902,0,-0.002659784729590991,0.7082424875023587,0,-0.00027268702323140115,0.40296004840617394,0,0.0025897252223165248,0.7966767550804008
10000,0.1,52,0.0031690651994177466,0,-0.001276499811347987,0.8564194074463216,0,-0.00044518666369883084,0.9561636277996527,0,-0.0035677988133857074,0.7207078981941999
10000,0.1,53,0.003173704186832842,0,-0.0017126595680064405,0.8046119199398555,0,6.0230172709026684e-05,0.9042921811196702,0,-0.0065927374725261185,0.500550759528013
10000,0.1,54,0.0013778660782630936,0,0.001242177328267099,0.8626973288434348,0,-0.00037903199923250067,0.9313467351117029,0,0.005690360141102739,0.5748622010520005
10000,0.1,55,0.004694391383499279,0,-0.0037925681114352526,0.5879889738632247,0,-0.0002700892378504742,0.07078447448295477,0,-0.0038585288762239545,0.6958677241188742
10000,0.1,56,0.00348572746469136,0,0.0016143098047814576,0.8212882991641864,0,-0.00046127349670659995,0.9514240492126611,0,-0.003788124428459609,0.7087545083549447
10000,0.1,57,0.004344334357984847,0,-0.007304080290923581,0.30095168604651806,0,-0.0008094638734839077,0.6719560004904483,0,-0.003953073203966499,0.6893576627246136
10000,0.1,58,0.004200388853527828,0,-0.0022678875905612654,0.7351182731306699,0,-0.0006523852398661577,0.3704215312856042,0,-0.006918663888050435,0.4805009041606654
10000,0.1,59,0.004907742536584426,0,-0.00206050031006707,0.7639572218397779,1,-0.00011599065193391029,0.017970043524616064,0,-0.00990401309846226,0.3138917645691977
10000,0.1,60,0.001822474100054263,0,0.008714254116520938,0.221805315011649,0,0.0009846294720070297,0.6017032630951971,0,0.013357512116805411,0.18523632495460796
10000,0.1,61,0.003878019748476203,0,-0.006631155549720734,0.35322706447533636,0,-0.0005029795756697407,0.9615577210287439,0,0.0007963416544944355,0.9374142545899571
10000,0.1,62,0.0033271745286015644,0,-0.002766974163193118,0.7007090639972526,0,-0.00052665553856682,0.15590616705592097,0,-0.004627368047011166,0.6425055868660872
10000,0.1,63,0.002658117449700907,0,-0.00030301653970614927,0.9661785753410272,1,-0.00012799281786540865,0.010546693306066057,0,0.002040365753511338,0.8405634181037465
10000,0.1,64,0.0026143436739080694,0,-0.010879502160215224,0.1204520799086874,0,-0.00043901166969655467,0.3517961997189798,1,-0.02363405281703552,0.018509928338958336
10000,0.1,65,0.0028133247467389613,1,0.014451295533037683,0.04423750049959558,0,0.001675786705842274,0.7224210000454907,0,0.012104032554128348,0.2264379485222857
10000,0.1,66,0.0009955374846419079,0,-0.006003936552259715,0.41115393287981483,0,-0.000899305888886451,0.4112072600880847,0,-0.0046620631577552404,0.6443067821171272
10000,0.1,67,0.005315444429021598,0,0.0029557520771554507,0.6770164235819525,0,-0.00010266083646054888,0.9421167744626843,0,0.00691129528596624,0.48763737034261667
10000,0.1,68,0.0031310175681085947,0,-0.0005122622797071618,0.9422564048934661,0,0.0002058191013983997,0.25209441382409825,0,0.0007678158833550027,0.9386210987861723
10000,0.1,69,0.006287803306066172,0,0.0004437674976743504,0.9496369488408358,1,-0.00018196466403254725,0.0023894602496330464,0,-0.0020940346895325914,0.8300507626318445
10000,0.1,70,0.003963803767390168,0,0.0004781047761957006,0.945113719738848,0,-6.959747529909002e-05,0.19706463569356447,0,-0.001897415654778346,0.8480426449257529
10000,0.1,71,0.002864317250276968,0,0.005198789042006814,0.4684273267523773,0,0.00040774090468755954,0.8253751394672451,0,0.0025315423588089577,0.8005015937338413
10000,0.1,72,0.0027812093682774946,0,0.004511057512324314,0.5204022222879792,0,0.0002983929602960776,0.9824091501088639,0,0.003537411279668966,0.7241422689747865
10000,0.1,73,0.0035961300251506215,0,0.0018316786195056649,0.7932369632043058,0,0.00012908957949503498,0.11988808822814156,0,0.011745233368563781,0.23730508161891087
10000,0.1,74,0.0019358545171032438,0,0.001011333773663676,0.8861829223656885,0,0.00021606542422631522,0.9308451645925437,0,-0.0025784577656072128,0.7950113547279354
10000,0.1,75,0.0016771666148146336,0,0.0020564703367695458,0.7735165850733208,0,0.0005233268019786871,0.4081338245302424,0,0.0006082377804436144,0.95234748139434
10000,0.1,76,0.004528467218085746,0,-0.0018306540379834165,0.7933893103395628,0,-0.00013375329178615458,0.9367305958621954,0,0.005521209680776378,0.5725875574708892
10000,0.1,77,0.0033605643557654604,0,-0.00011258506489333388,0.9873302505775372,0,-0.0005778294461111491,0.7921272251425615,0,0.008867858054807193,0.3767340817928093
10000,0.1,78,0.004217233612790776,0,0.0008770502773265305,0.9019433860817992,0,0.00011333271535433979,0.07616563632330942,0,0.004264560460105578,0.6675158207483676
10000,0.1,79,0.0025916238146593356,0,0.010516115200818865,0.1330851673760826,0,0.001021281693992992,0.9399595372251274,0,0.016293541259361763,0.09678040505589489
10000,0.1,80,0.0017579185202987718,0,-0.0015737342497760178,0.8214604699491084,0,-0.0008376225122975938,0.23400443562254958,0,-0.00037637306241951394,0.970108509452803
10000,0.1,81,0.0019142629205424419,0,0.00839139203541583,0.23685268657616815,0,0.0007669252941001922,0.7526125393404718,0,0.008767088560810283,0.3780590803267089
10000,0.1,82,0.004237899147988519,0,-0.004220323816901454,0.5544945484462414,0,0.0001311491958168278,0.6500457677127409,0,0.004437827937677876,0.6604777148509449
10000,0.1,83,0.0057153374688765,0,-0.007829563473767483,0.27201299915267824,0,-0.0007960357851008359,0.23717048184135892,0,-0.001311670289154155,0.8960121788954198
10000,0.1,84,0.0028982272366426627,0,0.0008193122765959441,0.9076291249747427,1,0.00046306316363383787,0.0219888125741573,0,-0.002920869450009279,0.7654282013349287
10000,0.1,85,0.005185548546239022,0,0.010241449553053525,0.14297663340673755,0,0.0005991729332587092,0.12935520203846285,0,0.013982031205432306,0.15090997528189326
10000,0.1,86,0.002832864759765423,0,0.005237071652673289,0.454344510640747,0,-0.0003109596679138701,0.18550636912258545,0,0.011087841575425517,0.2666807872524855
10000,0.1,87,0.0051606506790055785,0,-0.001036935323710378,0.8839270373450026,0,-0.00031393719589626815,0.7352471490591197,0,0.00442219161391404,0.6540433782372996
10000,0.1,88,0.006034178186146784,0,-0.006665943876957477,0.33797254847541214,0,-0.0005317904648330833,0.7300299171816417,0,-0.012053677749892047,0.22179781107921456
10000,0.1,89,0.0016725903349024702,0,-0.012846674925047243,0.0731658410659722,0,-0.0013183753150944515,0.10556096598161491,0,-0.0070191690147083504,0.48368379622402513
10000,0.1,90,0.004171998585138414,0,0.011253995544535574,0.10297786390906728,0,0.0014885550985986892,0.8923081933479697,0,0.013606798558303783,0.16460225262922204
10000,0.1,91,0.002575176279537449,0,0.005860903709196464,0.40275905038395987,0,0.0007772622510051577,0.7937332163184068,0,0.004847918228215479,0.6208641728708837
10000,0.1,92,0.004426986581411104,0,0.007229408897674585,0.3028252010123513,0,0.00042941261900019187,0.7187831448793711,0,0.007852974772715703,0.4362107244310758
10000,0.1,93,0.0021179445783505164,0,0.0012953613201759449,0.8580099529056002,0,3.758859459512426e-05,0.8962705139822726,0,-0.0029001073362687675,0.7745028203799756
10000,0.1,94,0.0022988581842413934,0,-0.010147846614764647,0.15025205093869057,0,-0.0005323656768423631,0.09746122871847795,0,-0.014179924710368389,0.1512821823156122
10000,0.1,95,0.0016250296860292218,0,-0.0002809060595115521,0.9688397341359751,0,0.0003171155917696505,0.6082539218064641,0,0.007020235816450633,0.4885476019922953
10000,0.1,96,0.003988383572737501,0,-0.012333020752333605,0.08340714579690311,0,-0.0005405500346470436,0.4318767023321959,0,-0.01079260702214555,0.2851632354129431
10000,0.1,97,0.0033186119438980252,0,-0.0033667937174416095,0.632270271781356,0,0.0005070912428615872,0.10336302256637653,0,-0.005514326082127393,0.5804816761007063
10000,0.1,98,0.0030266965238338545,0,0.0016503627262008025,0.8174286528599692,0,0.0002173099851068862,0.8931219125352418,0,-0.0036691759134002077,0.7162538321297487
10000,0.1,99,0.0016290102167697109,0,0.005744771254344156,0.41789933912411026,0,0.0005068498312223114,0.5712586523126124,0,-0.006715162313452242,0.5058559856551148
10000,0.1,100,0.003023546865465324,0,-0.002995871251368356,0.6737402605437206,1,0.0005597436058124002,0.026692005257192397,0,0.006817931729347738,0.5000359923397142
10000,0.1,101,0.0021381152267749707,0,-0.0062996273823982315,0.36841779017480614,0,-0.00011087022969883798,0.44536936286872497,0,-0.005751414193056806,0.5487679991383845
10000,0.1,102,0.0056416195861529045,0,0.012149629928766566,0.08653057800641459,1,0.000977785325826855,0.011773640230545501,0,0.014185308317659663,0.15439694806909166
10000,0.1,103,0.0022922609044476387,0,0.006122103888218699,0.3826380571109367,0,0.0010049857578766416,0.12925800753378258,0,0.017836878868905913,0.07024021409632178
10000,0.1,104,0.0023572724560675324,0,-0.0007142505376175308,0.9186830935903583,0,0.00012035396348028475,0.06678781459340322,0,0.0028272877477566348,0.7753709753733746
10000,0.1,105,0.003394728337933832,0,-0.004998814763292378,0.4710793374953045,0,-0.00018396820029647075,0.1899355640087057,0,-0.01507565864996915,0.12849438181889883
10000,0.1,106,0.003962584882266852,0,0.007376414112596666,0.29073884747601364,0,0.000622107683249189,0.5565304265918332,0,-0.00028504467020388146,0.9774306012190477
10000,0.1,107,0.005178633740340571,0,-0.0036013421659194136,0.6084573263927999,0,-0.000330154406196944,0.5893402923839645,0,-0.009251510621921668,0.3590000269432504
10000,0.1,108,0.0019945314812268478,0,-0.0007599452724219359,0.9136019796989874,0,-0.00026153504384010133,0.7068050189874703,0,-0.01047892303217645,0.3017693583222197
10000,0.1,109,0.0010620434573872894,0,-0.0020659643928039075,0.7732461262987238,0,-0.0004025828157653854,0.14228474544296654,0,-0.006026300639663333,0.5535294795196077
10000,0.1,110,0.0031993193528794773,0,-0.007752234114771554,0.2676464727296631,0,-0.0005486967108419669,0.5021721927590304,0,-0.017447761004994088,0.07744943040003768
10000,0.1,111,0.001724900448467414,0,-0.008900889237979834,0.20872073691238524,0,-0.0009333435607776432,0.8024454190028494,0,-0.0038473162268014382,0.700553345055878
10000,0.1,112,0.004935578060571065,0,-0.0030424439500104606,0.6651331196772992,0,-0.0001487879081440732,0.5290784533203698,0,-0.004805085849129996,0.6320645831936045
10000,0.1,113,0.002568449540290853,0,-0.0026964761708337657,0.7028172613305799,0,3.594280430250035e-05,0.4126894634140662,0,0.00128601325855128,0.898180296252819
10000,0.1,114,0.0022179548853316984,0,0.00798565801761602,0.2595555391101876,1,8.415212404243544e-05,0.007843698143339628,0,0.009297484594973761,0.3552297681468032
10000,0.1,115,0.0035200722634818648,0,0.001323814120057841,0.8481664382082681,0,-0.00015962824171905751,0.0783896846251132,0,-0.00040069170258016235,0.9676594743782923
10000,0.1,116,0.002177568278772559,0,0.006889575741773831,0.32435845115010675,0,0.0006158520639252266,0.6624579018967025,0,0.01669306424220679,0.09608786081783904
10000,0.1,117,0.00484929056419775,0,0.0061095064530233625,0.40420553843445906,0,0.000752844169071616,0.9007660727982505,0,-0.011876404256524333,0.2451736860446318
10000,0.1,118,0.0032855062387241746,0,-0.002492923838608836,0.7213278593739624,0,-0.00016984771851600338,0.49161804213563054,0,-0.0010502021779421342,0.9145644454313142
10000,0.1,119,0.001689225574740087,0,-0.0031013836235957454,0.6599278798539261,0,-0.0006158489870894136,0.841930155255825,0,-0.002675018298212535,0.7886167686179569
10000,0.1,120,0.00527278962301203,0,0.004989639798089701,0.48343520264409734,0,0.00019145927939626816,0.22939688955015736,0,-0.0010491365356987787,0.9160666924166246
10000,0.1,121,0.0039074308017513935,0,0.00042430817942910133,0.9527907755756113,0,-6.465513540111965e-05,0.17673353061702535,0,-0.004130185725196383,0.6846102072233486
10000,0.1,122,0.003412096887360418,0,0.0010682777929662962,0.8798839751361158,0,0.00022887547566080772,0.6093923762316723,0,0.006197007725990383,0.5362684857142986
10000,0.1,123,0.004159351207182825,0,-0.010560376819436616,0.13458639977738712,0,-0.0005657661169681617,0.31526210810989785,0,-0.006650905356925448,0.5049365298784214
10000,0.1,124,0.006450396913004893,0,0.008204088434948523,0.24371684056523313,0,0.0005139332042451985,0.32845849137946337,0,0.018475311072520956,0.06569066361151744
10000,0.1,125,0.003433157587110454,0,-0.007323296656886644,0.29427299743135765,0,-0.0012540471605000728,0.5799241166589337,0,-0.00950406475743093,0.33679882866133903
10000,0.1,126,0.0032853098126013006,0,-0.004674018429732232,0.5019286144813848,0,-0.0007164888670241084,0.546510127357899,0,-0.002078317347475455,0.8323755704719301
10000,0.1,127,0.004908783814032782,0,-0.003159592747749806,0.6526633512235985,0,-0.00011013446282959317,0.5633610692223852,0,-0.010856441345366077,0.2728419142130703
10000,0.1,128,0.0009332604522245716,0,0.0005247932502051159,0.9414838340577176,0,-0.0003070719359918699,0.8047607252902853,0,-0.0016552456315122098,0.8683069179773363
10000,0.1,129,0.0018927203631613826,0,-0.0003514116367007627,0.9602633639572132,0,0.0001656423233807993,0.6732442031160436,0,-0.005930422554451556,0.5529947030389626
10000,0.1,130,0.0004926589810866379,0,-0.012563174479221131,0.07111300486607387,0,-0.0007286515409011553,0.9476176118919036,0,-0.01900213366882701,0.05839916093168636
10000,0.1,131,0.0032698727994401066,0,-0.008007879936154533,0.2688155482847601,0,-0.00037701117557024363,0.7232806405984702,0,-0.006882005160108307,0.4994853272983477
10000,0.1,132,0.00510561474430744,0,0.004466863961889125,0.5249244297130098,0,0.0006276091106188548,0.2663560449234169,0,0.011080559323702546,0.2690111367809975
10000,0.1,133,0.0025913663802258585,0,0.009444785600946056,0.17695528105556632,0,0.0011386952283763572,0.43627819214480845,0,0.018479298820034316,0.06442122110338595
10000,0.1,134,0.005681893266457945,0,-0.0017118449737408292,0.8079488779520714,0,0.0001409555962175223,0.11575716332440766,0,-0.0037073443828123057,0.7072632589781399
10000,0.1,135,0.0009395555755224793,0,0.008631931217551438,0.22391499355075017,0,0.0009540159329162636,0.47038340621040675,0,0.009553298083091362,0.3433186259371972
10000,0.1,136,0.001468390832118998,0,-0.01276999623558461,0.0656791267056667,0,-0.0005265585589858317,0.5076971462883422,1,-0.020625217013190974,0.03707232186823395
10000,0.1,137,0.0046192999408125185,0,-0.005418337112554414,0.4472185466727805,0,-0.0008525486154929075,0.22504956304572854,0,-0.008307063701899018,0.4102323770190124
10000,0.1,138,0.0028553875659374,0,0.00611069514944608,0.3843663773089806,0,0.0003335378079506994,0.5585758108946932,0,0.010168519999184417,0.311189428526106
10000,0.1,139,0.003106415391055833,0,-0.009097083998300514,0.2025740299330717,0,-0.00031817824656116646,0.4588284896943877,0,-0.001677040666117121,0.8667941304458117
10000,0.1,140,0.003990909664290926,0,0.00453683294451337,0.5193125842254258,0,-5.6730439553441666e-05,0.4725118314480208,0,0.008752448072137639,0.38991539130598296
10000,0.1,141,0.0018483814797798678,0,0.003615437853921961,0.6119466248351023,0,0.0004944557607201239,0.07678691580902886,0,0.004630464255345432,0.6488555132658433
10000,0.1,142,0.0019109830201976177,0,0.006819806559868287,0.3294331798232907,0,0.0005057979591080402,0.8524706317067343,0,0.003783418178414157,0.7019532685025862
10000,0.1,143,0.0046359735550015185,0,-0.004602095296778407,0.5102964777008498,1,-0.0005654804932204105,0.033353086748379446,0,-0.0017256524191705648,0.8585340008026014
10000,0.1,144,0.002963539628218928,0,-0.00158624895926724,0.820789504699789,0,0.0006378804703245666,0.17122077099157806,0,0.008154970119141795,0.41326763812173883
10000,0.1,145,0.002724271271136165,0,0.004898447945482314,0.49317274659182697,0,0.00040790063610452696,0.23312398443714344,0,0.00835421974664248,0.407310850095283
10000,0.1,146,0.0021636494958966164,0,0.0030709692440111106,0.6607043324655192,0,-0.00030033363188722826,0.9585661985473107,0,0.006208725599351112,0.5267961989574939
10000,0.1,147,0.003880834807148826,0,-0.00658217548130903,0.33643943352238237,0,-6.950880890775499e-05,0.6541226519002108,0,-0.006446457863398731,0.5092576946847973
10000,0.1,148,0.0036853408675576304,0,0.008704937114864208,0.21124079248647434,0,0.00036353614385728944,0.25458138390690443,0,0.00852506040979442,0.3962229112100756
10000,0.1,149,0.0033483459856017807,0,-0.002052931852917477,0.7742622246779028,0,-0.0003445681838941684,0.6804348268468619,0,-0.0021127753780345324,0.8352778512901937
10000,0.1,150,0.004792380009887042,0,0.0012724888081175854,0.8529290120081996,0,-0.00018989118061934096,0.5899594862379433,0,0.008643354488179053,0.37305104214645424
10000,0.1,151,0.0032666591154129586,0,-0.009198117540340998,0.18573142013001293,0,-0.0005880379813893496,0.5464415764119236,0,-0.007745078235049467,0.4329651476791325
10000,0.1,152,0.00303227775197742,0,0.006751818260291576,0.3471556012848237,0,0.0010798524977540071,0.8215406086373167,0,0.006082145754806721,0.5379831317717371
10000,0.1,153,0.003736018372445341,0,-0.009997829818005226,0.15229913719000857,0,-0.001502573727206113,0.9757632445314957,0,-0.0014242974909137035,0.88686995640613
10000,0.1,154,0.0030802188890709493,0,0.004911977384343376,0.47494933349198787,0,0.0003420308413175301,0.3786559843888866,0,0.005270648511535716,0.5935007866639864
10000,0.1,155,0.0027935180417495284,0,0.007790996732687948,0.2697485645000806,0,0.0005618841951261571,0.22496377433470927,0,0.017702558452925028,0.07780882890231303
10000,0.1,156,0.0018296048194451939,0,0.000754458412504037,0.915462746761102,0,0.00042371791178678284,0.9267842282145831,0,0.010904160321902463,0.2750985000131775
10000,0.1,157,0.0036919380508588185,0,0.009039010564024038,0.1978936420638297,0,0.001034837259067732,0.5455013121145817,0,-0.00726039261071291,0.4702873095849207
10000,0.1,158,0.0025777694508747357,0,0.004513070849958266,0.528977826975279,0,0.0006383935465039656,0.6870892156862497,0,0.011872979670185855,0.23286789088882753
10000,0.1,159,0.0025250859591900822,0,0.003217383623641652,0.6526278487812573,0,0.00018640341639886236,0.8470009776019242,0,0.0004213312250391705,0.9662812138712005
10000,0.1,160,0.0036518646365687715,0,0.00989872708567539,0.1648437559957527,0,0.00088715299629323,0.49927482334749274,0,0.009809626084610707,0.3334427327303505
10000,0.1,161,0.002789987978848728,0,0.006777867662515145,0.34219008008560015,0,0.0007100883484959751,0.13608984577440308,0,-0.0006414836448193966,0.9487282632702523
10000,0.1,162,0.004600961382581887,0,-0.0029978910390313167,0.6631131054428789,0,-0.00021632919040457746,0.2074386390732783,0,0.0018979449820700194,0.8466174336833305
10000,0.1,163,0.002085824755097991,0,0.0059301112495927545,0.39630549499058565,1,0.0004173870958047522,5.678291306354666e-05,0,0.007435934559607296,0.4516728290704881
10000,0.1,164,0.0024863478924128713,0,-0.006049891575936913,0.38660249320617956,0,-0.0010208014989991857,0.4539230037721551,0,-0.009230204605180231,0.35252705760745573
10000,0.1,165,0.0039691371628982,0,-0.010086279704471917,0.16172594842618324,0,-0.0016766620182385968,0.8873095285515677,0,0.004319469805965119,0.669713609061358
10000,0.1,166,0.004666474611509549,0,0.0003610659854584473,0.9587851578046142,0,-0.0003645636788954993,0.9146897729906903,0,0.01115117832966465,0.2555341088945161
10000,0.1,167,0.0022146149918967403,0,0.0006276223783770792,0.928240374272552,0,0.00023249083060504247,0.6301279147324419,0,-0.0038754695596365887,0.6935007829440807
10000,0.1,168,0.005117888760773335,0,0.009070148838643455,0.19034326569988144,0,0.0005661418996297173,0.16629767885451008,0,0.009458225185480578,0.33606758074311827
10000,0.1,169,0.0018473104472092358,0,0.002140905536312554,0.7611157915183845,0,0.0002958607041246815,0.42744621191191556,0,-0.008991287327824402,0.36851250037197036
10000,0.1,170,0.005035674813563707,0,-0.009741085683943836,0.17112459047669498,0,-0.0010832236408442348,0.4041940083578093,0,-0.01591929410568829,0.1137835189314071
10000,0.1,171,0.0018666997189196789,0,-0.0024391400559856287,0.7298347979712158,0,8.911236254737816e-05,0.1246035189499175,0,-8.482529876562526e-05,0.993168934402612
10000,0.1,172,0.0029501553503271847,0,0.0015984411107974293,0.8208435660050218,0,0.00026644941639713523,0.9408848442879244,0,0.007321163699995017,0.46070632031144565
10000,0.1,173,0.0025303348420951284,0,0.007222191294039805,0.30667069107473743,0,0.001068228005684833,0.5438110803920746,0,0.00908637327325864,0.3644841391262563
10000,0.1,174,0.002403416105757525,1,-0.016248439498512044,0.020347328121268417,0,-0.0013394098818917941,0.470954560631792,0,-0.014752235075408824,0.13756852740022937
10000,0.1,175,0.002471809874849738,0,0.005623888734694497,0.4221495787681325,0,0.00045900979089880947,0.2057320196474799,0,0.0061989725652346625,0.5326781060431097
10000,0.1,176,0.0037201055079115076,0,-0.001568244209433232,0.8238755625022273,0,-0.0004009036641681085,0.3806545690909442,0,-0.012065663087513471,0.2306461544499338
10000,0.1,177,0.002989103321093573,0,0.00902903647161417,0.20057098144812027,0,0.0007553737609873671,0.4172695134933596,0,0.012966103971333659,0.19410219812787638
10000,0.1,178,0.002428406685746313,0,0.001062163048507597,0.8828343173738308,0,0.0003776782046983535,0.4694330788488552,0,-0.0029535387790628064,0.7711862630523552
10000,0.1,179,0.0031944173822484045,0,0.0008084680351391105,0.9101176786812208,0,9.122320661151728e-06,0.47823094134115984,0,0.0017403479398917158,0.8627536020643093
10000,0.1,180,0.0026261907197063714,0,0.009185771531427713,0.18735157405154154,0,0.0004381282641247753,0.8296134071652818,0,0.004798021352538999,0.622687181045535
10000,0.1,181,0.002197842679143254,0,-0.007193460801148891,0.3128007377784579,1,-0.0008300665121592165,0.04043254495078874,0,-0.013670813709901591,0.17585453790068506
10000,0.1,182,0.0037856900227705324,0,0.006462196181953787,0.36071281840311264,0,-7.247738278766385e-05,0.44792243201852866,0,0.003642258953308014,0.7189471423192941
10000,0.1,183,0.003796307946393822,0,-0.004174636915002524,0.5582982792770113,0,-1.8789675735394404e-05,0.5955554146927341,0,-0.01330443230597203,0.18878452142152644
10000,0.1,184,0.003683867111576078,0,-0.001641039196353036,0.8174156601561271,0,-0.0002729929108074273,0.3869497145082659,0,0.0016613191753579162,0.8680592424478957
10000,0.1,185,0.004180605596749332,0,0.006257586650046071,0.37435157009965725,0,0.0007226529432173301,0.23201375790118928,0,0.014460976404827054,0.14133437262367715
10000,0.1,186,0.0019434638476666366,0,0.0020268675783680313,0.7721921342039666,0,0.0001050123145806867,0.49032559502625306,0,0.012651114397035758,0.19611013547033024
10000,0.1,187,0.002752718450080112,0,0.0003783046970125565,0.9570523879522135,0,0.00035207682285005155,0.8093508031475224,0,0.0012288285315671939,0.9022997555453216
10000,0.1,188,0.00196132019859803,0,0.0008090368906610145,0.908369040701316,0,-0.0002464649853549492,0.8843362607197783,0,-0.0011440102323551152,0.9091251236997338
10000,0.1,189,0.002518707159384882,0,0.0031169290531410272,0.6584852424038592,0,0.0007661030354979527,0.9036703524404808,0,0.01266055863120747,0.20720109922956292
10000,0.1,190,0.002138047384638894,0,0.006953735356792645,0.3282630627658447,0,0.0006604665083353575,0.9066012138939276,0,0.0076830811896320675,0.4419013736074886
10000,0.1,191,0.006837076565654497,1,-0.01388790568340465,0.04730814381573328,0,-0.0007520743235787372,0.4618505175062324,0,-0.013229348055107407,0.18662906182245123
10000,0.1,192,0.0027186607683340825,0,0.003699764993494746,0.6014011211895345,0,0.0007665004006185563,0.7072628312969755,0,0.01669959324432585,0.09373793801732966
10000,0.1,193,0.0029788618486132415,0,0.005074785727218518,0.4656850151214389,0,0.00047264634004652497,0.5077231602516588,0,0.013573167453948976,0.16853012323231512
10000,0.1,194,0.0040198766875256696,0,0.006954042639756403,0.3284734772422323,1,0.0003113719956739318,0.02229322468974848,0,0.008746440370345882,0.3791181621327203
10000,0.1,195,0.002144079676960019,0,-0.00526326036726318,0.4620456356737316,0,-0.0005516394555668633,0.5006290620170899,0,0.004962136198702064,0.62193587470652
10000,0.1,196,0.0036928360860952474,0,-0.0022332898241590815,0.7441243316495457,0,-7.021517960344196e-05,0.7796262376921115,0,-0.00685105157898218,0.48129418478095654
10000,0.1,197,0.001269367402514697,0,0.00560237753024419,0.4347159229808275,0,0.00048168881824768014,0.7563818005243581,0,0.012134255635035132,0.22676707534113083
10000,0.1,198,0.0015470978683269072,0,0.0010734775052693578,0.8827719953777451,0,-0.0002954029799357495,0.9037631171436552,0,0.006482879860940566,0.5213177664022726
10000,0.1,199,0.003668417906499883,0,-9.983318256431725e-05,0.9887453383292417,0,0.0001410634483107426,0.9828803356664877,0,0.006125334076920907,0.538320807661022
20000,-0.1,0,0.005015553447748588,0,-0.0033051293086470103,0.5113904556610385,0,-0.00013982751383392195,0.6722506320270859,0,0.011453571831254917,0.1051302367314126
20000,-0.1,1,0.005313818835849433,0,0.0021995708134265337,0.6512129430789959,0,0.00020582706017803297,0.5680291615545253,0,-0.0020657489789966976,0.7674117683078905
20000,-0.1,2,0.006249947225137607,0,-0.004683934813850444,0.3436287539952956,0,-0.0005184354493273843,0.21949579582389422,0,-0.01196516667433377,0.08705215622211226
20000,-0.1,3,0.0035087832071895794,0,-0.00046410018569538773,0.9262286779782489,0,-2.1094107871569812e-05,0.11873831833818194,0,0.0033788401572527925,0.6330886100079907
20000,-0.1,4,0.005301243472203806,0,-0.0028524303803450675,0.5678401970715314,0,-0.00048541916551542456,0.9448081834754478,0,-0.010923265656772046,0.11902531497298839
20000,-0.1,5,0.004425453504064136,0,-0.004248757115288997,0.3909594481695188,0,-0.00033838594492148136,0.9025626479927442,0,0.00659390984350412,0.3539831634649222
20000,-0.1,6,0.006938570386405047,0,0.004588401017723186,0.35952828982341856,0,0.00034203525603920446,0.38756716235076616,0,0.005002728203938512,0.4784183885519283
20000,-0.1,7,0.0028192025279069615,0,-0.003392507793146227,0.49959416075930285,0,-0.00045703931616771046,0.5434078013274148,0,-0.012902128217992331,0.06497928363637728
20000,-0.1,8,0.003670941100891603,1,0.013631569103945378,0.006017261672971278,0,0.0010358184364684046,0.48321941161336335,1,0.0155034262805125,0.02688022954029667
20000,-0.1,9,0.006456577207023094,0,0.007772986270713791,0.12025287047604818,0,0.000908796013775552,0.47018152503815536,0,0.0041952503803034625,0.5511053500562384
20000,-0.1,10,0.005441284441207998,1,0.012326459394142748,0.013285586172888067,0,0.0005630348973906294,0.32159374005494734,0,0.005252503331508539,0.45504403533020676
20000,-0.1,11,0.006118695694956865,0,0.003181183302682284,0.5341407910935461,0,-9.127218627738585e-05,0.741588417932498,0,0.0018109477677496952,0.8002429824815608
20000,-0.1,12,0.00468068932422815,0,-0.0021510082997997365,0.6670909286979209,0,-2.3445125675594874e-06,0.26713098229573595,0,-0.0062223920599245915,0.3765261597418219
20000,-0.1,13,0.008214501123556912,0,-0.006819976857120873,0.17042667152261295,0,-0.0002031530856350864,0.564191627614553,0,-6.337351354459382e-05,0.9928476330053578
20000,-0.1,14,0.005671382267710291,0,0.0003003137248560428,0.9514597649687693,0,0.0002710513120241617,0.5735338257861595,0,-0.010197445826728165,0.14854879265474247
20000,-0.1,15,0.00550601003158618,0,0.004784298410201579,0.3285369542548009,0,0.00014479150655201715,0.08673366224640455,0,0.0026933720813298095,0.7059323615040327
20000,-0.1,16,0.005458519157880234,0,0.0033864493135100995,0.5068690466226584,0,0.000634484863465827,0.5911994693628864,0,-0.000679142259533287,0.9248534561312003
20000,-0.1,17,0.007526852861931266,0,-0.0029470389465769777,0.5487674598318548,0,-0.0002507347678730483,0.5819216593982028,0,-0.0024404506861077538,0.7272669919248271
20000,-0.1,18,0.005375610377484186,0,0.005389871832922263,0.2796224510759289,0,0.0007860952333004774,0.8583027632962427,0,0.004678013875531267,0.5033765881678145
20000,-0.1,19,0.008632072969704589,0,0.007035251166626354,0.15605337424403565,0,0.0005450772257431149,0.7622673010945505,0,0.002924116124972777,0.677551488455683
20000,-0.1,20,0.0047513851340864645,0,6.774562723211685e-05,0.9893223808171195,0,0.00015386278870602494,0.13942311062186352,0,-0.0008229354125783967,0.9085114441780495
20000,-0.1,21,0.004799850755942029,0,0.0045968050675175036,0.3616799665036954,0,5.573207557958193e-05,0.4451522464289488,0,0.010898919185261282,0.12454709892564672
20000,-0.1,22,0.007524291363926335,0,0.004161673705280171,0.3973062888816289,0,0.0002695626100044265,0.6731409308328471,0,0.009882594782383907,0.15899084023800186
20000,-0.1,23,0.005587503564244949,0,0.005247688336937653,0.2964426283940163,0,0.000619997415260894,0.07720093887743351,0,0.0009000596915598367,0.8981391201037667
20000,-0.1,24,0.004981028403949333,0,-0.008886514034083417,0.0801525118573951,0,-0.0006252626917597745,0.2708307711897281,0,-0.009021181793430817,0.20388373499174078
20000,-0.1,25,0.004422414583397903,0,0.007269053120116951,0.1490625609050368,0,0.0005287900015527769,0.3541551027327857,0,0.010059758885847252,0.15467809679544994
20000,-0.1,26,0.006346693686919688,0,-0.0005043132392066062,0.9192238952568634,0,1.5558809377795598e-06,0.2142080709574683,0,0.004871832239056054,0.4899851200530141
20000,-0.1,27,0.0042992032826575394,0,-0.0035599363377987834,0.47824252828108793,0,-4.8427451350900044e-05,0.42474245089779805,0,0.006019210947639592,0.39468712440151343
20000,-0.1,28,0.007140917461351648,0,-0.001098714045633489,0.8255253384121997,0,-0.00026462915197969625,0.9230119818812028,0,0.0014818318998660656,0.8313598674810306
20000,-0.1,29,0.006437416734149043,0,-0.0015713617102060813,0.752008251571154,0,-0.00011131936975807412,0.31835251178635804,0,0.0016955614783273347,0.8095377102621255
20000,-0.1,30,0.005774103049189521,0,0.005711324373944449,0.25066868013122906,0,0.0003982804088731718,0.9365562270332433,0,-0.0008935812440014576,0.8981045080283152
20000,-0.1,31,0.004602772526179274,0,0.002471273240055428,0.6209412484012169,0,0.00025874394733900913,0.4861996710914326,0,0.002707417154877751,0.6989351276009095
20000,-0.1,32,0.004520110107164999,1,-0.011173514545048533,0.025532500572909102,0,-0.0008645488938579012,0.8345982086683539,1,-0.017253932778983905,0.014650725064476029
20000,-0.1,33,0.0033465836734579645,0,0.003679908119041564,0.46059520443865887,0,-8.370416890532745e-05,0.2376823276181288,0,-0.004478006688844301,0.5201433079861497
20000,-0.1,34,0.00954172280925427,0,0.006518642938103137,0.18672968995213024,0,0.00019175084381556047,0.10559950698492127,0,0.005736869924146495,0.4142979176639381
20000,-0.1,35,0.004087209522815267,0,-0.0030604793704712705,0.5394300130777472,0,-0.00015615918881250568,0.33445401621144133,0,0.0024084403471315297,0.7343371759115727
20000,-0.1,36,0.007091186010629826,0,-0.005190649615273864,0.30544457277656967,0,-0.0006193013335241075,0.054948956112747194,0,-0.009186414009807709,0.19888837716989616
20000,-0.1,37,0.004548944432986631,0,0.005135341565492899,0.3117148037432054,0,8.507144014126194e-05,0.7495786900559145,0,0.012943959860316254,0.06806731913340079
20000,-0.1,38,0.004600006422188231,0,-0.006604426906471148,0.18213271923539273,0,-0.0002731151186340305,0.9567155637414706,0,0.00330431102887722,0.6394168281881416
20000,-0.1,39,0.007221779848872382,0,0.0022373588633736053,0.6580069637349929,0,0.000208699244683206,0.09146862435653003,0,-0.007205961296945246,0.3145756132805964
20000,-0.1,40,0.006007695513210071,0,0.003498156054352911,0.48237520118822885,0,0.0005878432048074633,0.25376976782474814,0,0.008788398897579663,0.21364732409027506
20000,-0.1,41,0.003589990307014284,0,-0.0032743226762396893,0.5115461062050408,0,-0.00019070784260130316,0.20098236725173146,0,-0.0012164863238371547,0.8634231087340489
20000,-0.1,42,0.008210420150445964,0,-0.003911830756749269,0.43595133324991175,0,-0.0005519944868899733,0.29977750371601264,0,0.000189380666519461,0.9788807711012897
20000,-0.1,43,0.006281435395694143,0,-0.004024807679534333,0.4188354915474962,0,-3.798428346658485e-05,0.7411417638144764,0,-5.9903270823234104e-05,0.9931634044052775
20000,-0.1,44,0.006570563939530621,0,-0.0017101424274194614,0.7339201421891772,0,9.369052311318732e-05,0.6912276198215768,0,-0.009941869361090065,0.16211437298210454
20000,-0.1,45,0.007022378338909146,0,-0.0001397700753162219,0.9772888296834268,0,-0.000516856159844131,0.8167512629296374,0,-0.002191385917219161,0.7561155309012858
20000,-0.1,46,0.006038247444867986,0,-0.0025521321650355012,0.610327242490238,0,-0.0002927247234259496,0.09046034963261829,0,-0.0016488399838244495,0.8147773307638813
20000,-0.1,47,0.005344573783799208,0,0.005081811720336777,0.2996141732532123,1,-1.3386446374198217e-06,0.03262029876844519,0,0.0035123954756331403,0.6125440556000723
20000,-0.1,48,0.005926473367968358,0,-0.007138202767923711,0.1471346828905301,0,-0.0005932158634750738,0.9349117716074061,0,-0.011333385702350238,0.10584276294797607
20000,-0.1,49,0.005352556561775212,0,-0.0021523538885676206,0.6628419687964082,0,-5.357930580777608e-05,0.6513386750441634,0,-0.004783798002744962,0.4934078162499771
20000,-0.1,50,0.0063392818803790765,0,0.0009581251906450976,0.8456257548030007,1,0.00014654485388175412,0.046976643524167305,0,0.002649002530293445,0.7050234172294154
20000,-0.1,51,0.005141622238851424,0,-0.004465112701874752,0.3764686281028927,0,-0.00024830440833409275,0.20562621216694088,0,0.0010408474439426157,0.8833478903879697
20000,-0.1,52,0.00511926394905519,0,0.00026744775569500026,0.9563832348337319,0,5.655982988344991e-06,0.924569676898978,0,0.0026192160439551314,0.7067457613004937
20000,-0.1,53,0.006180313122285684,0,0.0040249642757882705,0.41831019225782995,0,0.0004879935280060719,0.106517732662194,0,0.007202384116442207,0.3066222252144558
20000,-0.1,54,0.003946531728710177,0,-0.005237451851700938,0.29354739675494856,0,-0.0006492724446643242,0.4310502812403585,0,-0.00909038816704334,0.19801014476274886
20000,-0.1,55,0.004243191634898875,0,-0.0058942000097548545,0.2397933665703869,0,-0.0002845396854357823,0.41997030826880266,0,-0.00857705393112736,0.22428114890621095
20000,-0.1,56,0.00610241777721498,1,0.016743645203533185,0.0008428618098379352,0,0.0016539571690653912,0.1677792136876538,1,0.01477431010067433,0.034661853244726405
20000,-0.1,57,0.006257345934841664,1,-0.012124219455256373,0.015983606059337286,0,-0.0007481513157334692,0.39266651813339115,1,-0.020536837361207566,0.004043223624592887
20000,-0.1,58,0.003785626792331644,0,0.0014044638523353064,0.7812715392457522,0,0.00019427041408536116,0.3102752717802635,0,0.0014266088285163712,0.8412540949512157
20000,-0.1,59,0.004837290307539348,0,-0.0028343719275272777,0.5731658291420616,0,-0.0005799749210641079,0.745385271701714,0,0.0035873380079671324,0.6109915775029306
20000,-0.1,60,0.004755714380987739,0,0.006779563790801131,0.17185350259805796,0,0.0004478230232653207,0.5125307912406362,0,0.0005117593677409875,0.9412594212176416
20000,-0.1,61,0.005399695724289763,0,0.00034374177933244173,0.945372768113758,0,0.00018116703893163245,0.7976974668550821,0,0.009344181278943233,0.18364055396524964
20000,-0.1,62,0.005627751048143409,0,-8.361874978578222e-06,0.9986473140259062,0,-0.0004971010070631857,0.8927910204874575,0,-0.004349866003398293,0.5397170109135387
20000,-0.1,63,0.004850555937409854,0,0.0016817385037488435,0.7366936013538676,0,0.0004251644778074443,0.7897377775132697,0,0.004605940919380674,0.5109415320315809
20000,-0.1,64,0.004461970693676938,0,-0.006048543752671568,0.22498230817080656,1,-0.00034531531199949727,0.014805420973507344,0,-0.005969789859701521,0.39351013343463326
20000,-0.1,65,0.004236116310708343,0,0.0029848122046541737,0.5512313828473279,0,0.0006881352935233144,0.7059066923487254,0,-0.0030789367797018764,0.6646203285264182
20000,-0.1,66,0.005117198620986516,0,0.002598881412567299,0.600377153398082,0,0.0003692621930757353,0.07913094317268388,0,0.013296721385791958,0.0569042373529309
20000,-0.1,67,0.00426535396237912,0,0.0014785954161216817,0.7621394249518183,0,0.0004198603927435069,0.7919280491410343,0,-0.010447203133839919,0.1352252275008317
20000,-0.1,68,0.005672467510504139,0,0.0003407367078351789,0.9444023148138514,0,3.514297750742056e-05,0.572561131773441,0,-0.0008752051056568834,0.8995592707385953
20000,-0.1,69,0.005862960947762079,0,-0.0065632933504721335,0.19316938644349133,0,-0.0007406600386053512,0.961684797152232,0,-0.0024672084347071707,0.7268209741799362
20000,-0.1,70,0.005374068204896473,0,0.004019824933526149,0.41800483770855346,0,7.983249547431445e-05,0.7145944014401893,0,0.0005006037341190444,0.9435346142287327
20000,-0.1,71,0.004880216754517441,0,0.0017869992710188361,0.7222224780718149,0,-5.485030189096078e-05,0.379706671117219,0,0.009294068115630475,0.18768047507814362
20000,-0.1,72,0.005772972463178622,0,-0.002321099119683522,0.6443358978334609,0,-0.0002478681692093657,0.9838330807304405,0,0.007135430337424879,0.31494224055882836
20000,-0.1,73,0.005133062610880979,0,-0.004434277947159953,0.3654796994445534,0,-0.0007075729927865645,0.584915990576537,0,-0.003052016300744397,0.6631254853987686
20000,-0.1,74,0.004675223707218301,0,0.0011470766204249544,0.8197408640532805,0,0.0002061113401001883,0.16014939037089782,0,0.0006055434410738416,0.9319528719677517
20000,-0.1,75,0.005938372017106349,0,0.0018711923947049565,0.7042675144138403,0,-0.0003462366057164028,0.18267599339036267,0,-0.009218699395074732,0.18464708074463604
20000,-0.1,76,0.0051401594874993465,0,0.005748026390424495,0.24901839138158288,0,0.0003966493477451417,0.5679042725411187,0,-0.0025702348425635647,0.7162657519628166
20000,-0.1,77,0.008012352917182462,0,-0.003797948922360922,0.4432481728466271,0,-0.00026119642011046074,0.9767654050463503,0,-0.007621270475787049,0.2753836719345875
20000,-0.1,78,0.007938146796458977,0,0.002161184778904317,0.6626369606020888,0,7.568124655960694e-05,0.30615776687239216,0,0.008018368676526147,0.2515031852919133
20000,-0.1,79,0.004877178571241132,0,0.0034766695666622453,0.49485649792924546,1,-2.472522817273837e-05,0.004854302551514089,0,0.0016924034427115019,0.8118404548672978
20000,-0.1,80,0.004963200041381143,0,-0.004212786587335289,0.4049189442271809,0,-0.000619480034455483,0.38896564134283107,1,-0.014701774263032855,0.03957408988087414
20000,-0.1,81,0.005637726212829671,0,-0.002489183542658158,0.6136419786530442,0,0.00012663879326406844,0.5300770105195063,0,0.0035889032674845563,0.6074684808024544
20000,-0.1,82,0.006188399649757494,0,-0.000909227650539508,0.8558028637803355,1,0.0003045637466389153,0.04931720529575345,0,0.007709124654606572,0.27100489725950644
20000,-0.1,83,0.005813022510970419,0,0.00338824354448437,0.49757856161961345,1,-0.00020515678745161833,0.03779112117233352,0,-0.0019424227455123021,0.782010111359085
20000,-0.1,84,0.00602043975652201,0,0.005916073433674134,0.23799605108658015,0,0.0006312911660161321,0.873887703621657,0,0.0028397722918064566,0.6873568224755346
20000,-0.1,85,0.008965237764533113,0,0.0005997806931529957,0.9035419978338726,0,0.0001727076148202188,0.7705888276774037,0,-0.0012045520602957296,0.8623780370658115
20000,-0.1,86,0.007217194458046877,0,-0.0008579502598136304,0.8626528547999541,0,-1.1250992380896751e-05,0.9976582647704874,0,0.005164580321594237,0.46516874938619435
20000,-0.1,87,0.003957228185274211,0,-0.000741603283683331,0.8827724911543237,0,0.00038951973326407984,0.886034152284405,0,0.0021636386583346223,0.7590746161339786
20000,-0.1,88,0.0063531814306037925,0,-0.006873703716201942,0.1672055631902478,0,-0.00061912160385138,0.3999831399742515,0,-1.2886525175870387e-05,0.9985279236749285
20000,-0.1,89,0.005650339696701352,0,0.0007122555918286406,0.8838492716456815,0,-0.0001002337469024642,0.5002279563608751,0,0.006129599654315268,0.3802683544916209
20000,-0.1,90,0.006340807780193694,0,-0.0029813156052051473,0.5508797544293487,0,-0.00012063963889389853,0.1882735997688102,0,-0.001522002835525262,0.8295883700641844
20000,-0.1,91,0.005102962329402542,0,0.0018306392211224327,0.7072374715690894,0,0.00025089058994699813,0.9603255023623242,0,0.0015912560217849197,0.8208448596814247
20000,-0.1,92,0.0047407821494466805,0,-0.003437653144947478,0.48272666750258186,0,-1.0288630965425889e-05,0.508544243667745,0,-0.003992597190848013,0.5644343775704848
20000,-0.1,93,0.006417502132535225,0,-0.004460507307800104,0.3620056933390624,0,8.723287592672934e-05,0.1836914051590417,0,-0.006472368140028691,0.35408540455520854
20000,-0.1,94,0.006527829555111407,0,-9.788665052625552e-05,0.9845327250407522,0,-0.00017277148915404586,0.3584842778212586,0,0.002121319772419355,0.7660201818931927
20000,-0.1,95,0.005850342247882113,0,0.0014404672361678738,0.7722456313112018,0,-6.692503698381659e-05,0.7171694488385749,0,0.0030401480234966455,0.6678386943169484
20000,-0.1,96,0.006221261412194135,0,-0.004304933111462532,0.3873245433279401,0,-4.045475153545418e-05,0.18038840182462357,0,-0.010059248134518015,0.154637231584552
20000,-0.1,97,0.0055600956923910995,0,-0.0045291381602981,0.3582670154906237,0,-0.0005728644957197564,0.7241347593808468,0,0.00035258173825250755,0.9598534476795517
20000,-0.1,98,0.0067654517318152425,0,-0.0012896972979062696,0.7936035819955491,0,0.00013348193328096498,0.09480660554410592,0,0.0043685504033922394,0.5359418755123306
20000,-0.1,99,0.008144182871077293,0,0.005784102803222569,0.24517796409896803,0,0.00048270637855664226,0.3455159439763992,0,0.0013000284712080961,0.8547155705193112
20000,-0.1,100,0.0073105910435909425,0,-0.00015630288392778642,0.9750471344719536,0,-2.1622433058718335e-05,0.6400337605079301,0,0.0014464745815484141,0.8377523665794866
20000,-0.1,101,0.004498729910104822,0,0.0029592539360536194,0.5524092049999851,0,0.0005501543984856453,0.4478693629790098,0,0.0038024651932318226,0.5915126842505438
20000,-0.1,102,0.005126885438005446,0,0.0057610355975102725,0.24458588831726422,0,0.0004253423618755007,0.6553247070702422,0,-0.0017697322755594455,0.8006964367196181
20000,-0.1,103,0.004757245222261991,0,-0.004059800404940653,0.41644697541538767,0,-0.0006881024224762004,0.8812848539803032,0,-0.0037552150277795045,0.5894108497909782
20000,-0.1,104,0.007264444880183171,0,-0.007839536347626224,0.11735214325935382,0,-0.0007123301346723655,0.9232889394391847,1,-0.01566192303599052,0.027244612292470945
20000,-0.1,105,0.006203268693460406,0,-0.00021669577549321417,0.9657553731407555,0,3.7475069605047694e-05,0.7488387582490039,0,0.003745576074296488,0.5980158781041106
20000,-0.1,106,0.004768148356596346,0,0.004423715870787961,0.3723702828409162,0,0.00036147162655887844,0.24583917530382682,0,-0.006434988070970404,0.36326101751550277
20000,-0.1,107,0.005707787900560886,0,-0.0016285684274156375,0.7426110992723197,0,0.0003145580800686724,0.7424410539029448,0,0.002969618513574824,0.6739887908575137
20000,-0.1,108,0.006908588186891927,0,-0.0031186432858634535,0.5261124689399435,0,-0.00023717283429150018,0.07424833522829621,0,-0.0016811327712909479,0.8100625043856688
20000,-0.1,109,0.006676530609843278,0,0.0023914764663086887,0.6310095299268262,0,-1.554721549050932e-05,0.49571583574013756,0,0.0005180730172051353,0.9414297825063207
20000,-0.1,110,0.006920099412326302,0,-0.0009545773221342795,0.8486436774183205,0,1.2890583393010587e-05,0.5842417149575927,0,-0.0037539284695045933,0.5971205243655784
20000,-0.1,111,0.00503831761861305,0,-0.005641330707812444,0.26416574237480733,0,-0.0005914409304320901,0.727187303107321,0,-0.0014381883508990953,0.8406258096055425
20000,-0.1,112,0.006341036921970897,0,-0.0074679121371334905,0.14472692638859705,0,-0.0008571256673474965,0.2975868676127431,1,-0.014402553902977434,0.04386412091407374
20000,-0.1,113,0.005306854009829491,0,-0.00788459634513594,0.11548494236870017,0,-0.000651498619110797,0.5012148171852976,0,-0.00017769389120606102,0.9800743971036692
20000,-0.1,114,0.005714445608223374,0,-0.0035336630561880497,0.48377838377098237,0,-0.00047474599469180787,0.8181840496824883,0,-0.002752852020091365,0.6967378437760505
20000,-0.1,115,0.005590237743273293,0,-0.0015553078331609505,0.7565489825523997,0,0.00010326846379238022,0.663869908044276,0,-0.0017257511607717058,0.8065066760524393
20000,-0.1,116,0.005846849189916007,0,-0.0018554128675785158,0.709844362312974,0,0.0001753814383324529,0.979343569412632,0,-0.009172878994145919,0.18903971202085246
20000,-0.1,117,0.005869350064049515,0,-0.002484437528901844,0.6193123337711683,0,-0.0004643180660865892,0.28038882085853944,0,-0.0042129842650608495,0.5526714761590275
20000,-0.1,118,0.007792960434029765,0,1.8217847223212815e-05,0.9970964960735778,0,0.00017923983978224877,0.10463828849662615,0,-0.0006885553839095441,0.9233033071132484
20000,-0.1,119,0.005801200369524273,0,0.0018952435075689448,0.7031172159878296,0,-0.00013608772391627416,0.5960940074383299,0,-0.0017455624004673422,0.8038076231783743
20000,-0.1,120,0.005270174796946734,0,-0.0012514327610269591,0.8001632520134054,0,-0.0003592540974799352,0.3021010760621805,0,-0.005021608451510347,0.472452545555645
20000,-0.1,121,0.004905506781627457,0,0.007339615179055589,0.14259333482058703,0,0.000575406819777655,0.9500695850245724,0,0.008079723351904705,0.25549948450694504
20000,-0.1,122,0.008148653064872747,0,0.005067508841901466,0.3070831827407586,0,0.00022226653284654696,0.8133780684146631,0,0.010787449703951303,0.1249903929396995
20000,-0.1,123,0.005118711405399871,0,0.003429347820315172,0.4865501501763133,0,0.0004624059529927849,0.15716674922339702,0,0.004485471258929007,0.5218930597009847
20000,-0.1,124,0.005934154828686711,0,-0.0014922122225237526,0.7691849379240191,0,0.0005359955590321215,0.11326967248057762,0,0.0036496565652649826,0.6076835633043414
20000,-0.1,125,0.003841452242079177,0,0.002611752695945203,0.6061673247560961,0,0.0004436631685571118,0.6952942799333971,0,0.007377013213224169,0.29842824405312535
20000,-0.1,126,0.00665027011033731,0,-0.008691902036841158,0.07622985934318444,0,-0.0006014695304031774,0.42779422218444374,1,-0.016341062798513797,0.01928916380401905
20000,-0.1,127,0.00475729466200613,0,0.007790453662272022,0.12049063186707545,0,0.00023506671859385348,0.8441036638332367,0,0.009388223309117394,0.18397650117401693
20000,-0.1,128,0.005225221661232555,0,0.002156049195684518,0.668858772879702,0,0.00019066727696084886,0.15627378024201133,0,-0.00927029494507434,0.1881316284420667
20000,-0.1,129,0.006218342972259854,0,-0.0037220899675836873,0.461967768577897,0,-0.0002286901307189816,0.363442788529748,0,-0.0035445851308416503,0.6197490344437161
20000,-0.1,130,0.0058920300252882215,0,-0.003765169669359939,0.4510706619172937,0,-2.6697526610150396e-05,0.07434748831505955,0,-0.0037347105563817666,0.5947079743767439
20000,-0.1,131,0.00636688502843053,0,-0.0020530972538648534,0.6782715313764325,0,-0.0003214827729196098,0.4971504569043931,0,-0.0013836527034208949,0.842452081163802
20000,-0.1,132,0.005408980689490772,0,0.003102382352269387,0.5340567795744182,0,0.0003358626466039837,0.3057703145518156,0,-0.004709159091575226,0.5037270080583511
20000,-0.1,133,0.005729246966583111,0,-0.0004003606251872132,0.9364260226632397,0,4.143125161974255e-05,0.3475291185184287,0,-0.0009752383582053968,0.8910552923692246
20000,-0.1,134,0.006390187750275422,0,-0.007728950800789124,0.12376710811476263,1,-0.0005591345785463465,0.040403000233818376,1,-0.015608091273063807,0.028044500650390724
20000,-0.1,135,0.0062006564818477975,1,-0.013375295352423435,0.0078100310226735265,0,-0.0007039226803335565,0.08908542716484358,1,-0.01772095216243301,0.012055301447927477
20000,-0.1,136,0.005350800124863537,0,0.0007279564947578899,0.8878445839663909,0,-0.00015578220526532756,0.7130233918675595,0,-0.0031533045079283127,0.6564587839921997
20000,-0.1,137,0.005918891362237342,0,-0.002532389498599431,0.6150413806694068,1,-0.0006479529777592554,0.0336137226536255,0,-0.010452782365578178,0.13607858410942775
20000,-0.1,138,0.006966052566893753,0,-0.0074496121523179035,0.13077979326686667,0,-0.0006446072229972585,0.9424360987748294,0,-0.0065047186565764985,0.3549390214768975
20000,-0.1,139,0.004648263728112785,0,-0.005780215562641128,0.2458748731406702,0,-0.0007073893822169556,0.3575852027335552,0,-0.011133750966485906,0.10943933556424906
20000,-0.1,140,0.005460436384656469,0,0.006939144222683609,0.15865978261447516,0,0.00046414642806820515,0.5742548892677523,1,0.013942320662004216,0.04646392906578322
20000,-0.1,141,0.004877960383631554,0,0.002763347314676411,0.5791542808640515,0,9.081154935862285e-05,0.6658934344267463,0,0.0019194462628848408,0.7858533534444964
20000,-0.1,142,0.004708781242801132,0,0.001454699293288516,0.7701968220298724,0,0.0004088564261784198,0.8892396278312966,0,0.004833472306572438,0.4908698009748441
20000,-0.1,143,0.005404379259083103,0,-0.00846486837173289,0.08512751853381241,0,-0.0006734250107880339,0.9668729842959098,1,-0.0171850315488697,0.013057151809849067
20000,-0.1,144,0.005203127460586499,0,0.00856801955411236,0.08483755689403277,0,0.000815482685347938,0.8084395081702971,0,0.009263437020595143,0.18764500777884421
20000,-0.1,145,0.0033872307792246537,0,-0.0019209595153913677,0.6972038560079139,0,0.0005286682207448197,0.24628841142643265,0,-0.00817274216101237,0.23677504519459192
20000,-0.1,146,0.004075263159155284,0,0.007785218739537697,0.11996134523146164,0,0.0009553958793739256,0.0556200537308742,0,0.011181385605235988,0.11436275298349428
20000,-0.1,147,0.005519142600012139,0,-0.005126899325840291,0.30200025920707296,0,-0.0004063070781151659,0.9648148102319298,0,-0.011611692477192976,0.09936460698750003
20000,-0.1,148,0.0058716928680036945,1,-0.01147865080099356,0.022394486256404368,0,-0.0009534649160333824,0.5707582858494964,1,-0.01770855088727372,0.011812338260495676
20000,-0.1,149,0.006282442411640421,0,-0.003779238739425613,0.44808690957551556,0,-6.456451770751562e-05,0.5946514309431424,0,-0.002106523032258129,0.7657342241210967
20000,-0.1,150,0.008344708733957129,0,-0.003596520206553019,0.47347717183128524,0,-0.00017497666574418287,0.6107615352115832,0,-0.002134274905812284,0.763124877236649
20000,-0.1,151,0.0038694401795496356,0,-0.0008953562970541811,0.8579096272747817,0,-3.99804267397384e-05,0.2581577635680745,0,-0.0055858262560271,0.42715383367488535
20000,-0.1,152,0.003722484736561518,0,0.0016527305238271989,0.7377247659101624,0,-6.141907326542187e-07,0.24751418484371523,0,-0.004515652309334797,0.5176273323778556
20000,-0.1,153,0.005818223628402762,0,-0.004895586159763445,0.3176912457986602,0,-0.00041775363824133585,0.43518229632317185,0,-0.00990773616276282,0.15470114729266643
20000,-0.1,154,0.005560483593099114,0,0.0018880890584521848,0.7068230061399982,0,8.584519568505514e-05,0.22022993778087385,0,-0.0003329431329291213,0.9624550636324317
20000,-0.1,155,0.004308432912116627,0,-0.0001808015287287116,0.9711048050313895,0,5.5879851598428174e-05,0.22930019160709159,0,-0.0010695189381517227,0.8793760914968767
20000,-0.1,156,0.0055444298791657454,0,-0.004491381123910088,0.36436517396542034,0,-6.066490809214136e-05,0.2840601137937089,0,-0.0033708720144750457,0.6316215312594924
20000,-0.1,157,0.004396639045275703,0,0.005904887295778312,0.23976359700585548,1,0.00047876956240810455,0.019844406766756917,0,0.009932394410390162,0.15733731409445142
20000,-0.1,158,0.005136511518577656,0,0.005725687014525957,0.2504741229758684,0,0.0007221155836486391,0.8217376322745202,0,0.009197387158347958,0.19217055482848203
20000,-0.1,159,0.006661206493547828,0,-0.0022175555511826164,0.6546959111390774,0,-0.0002191652551403467,0.9067756291119519,0,-0.004044575668824475,0.5645412033252357
20000,-0.1,160,0.006160881616227579,0,-0.0043503818973151444,0.3710301778810059,1,-0.00046943071621666677,0.03152553821315962,0,-0.009023052272252717,0.1918035900798689
20000,-0.1,161,0.006574004441198208,0,-0.001221737376131816,0.8015952807145992,0,-0.0005942323090885167,0.4982874158192335,0,0.00029866233518974065,0.9655009423563085
20000,-0.1,162,0.00437858465510621,0,0.003943170655166152,0.4271022321823319,0,0.0004664488245680056,0.2022096937914165,0,0.010428846900499892,0.1430075200981166
20000,-0.1,163,0.004898900485134178,0,-0.008105770678561556,0.10742854781232875,0,-0.0006314683482671172,0.0794921366049387,0,-0.007502936772808899,0.2822937455165521
20000,-0.1,164,0.004543896632782229,0,-0.009430988884711075,0.06103790608704227,1,-0.000672647023574853,0.006083047688153598,0,-0.01381325751052005,0.050793396871388306
20000,-0.1,165,0.006270323646344188,0,-0.006679227939963388,0.17437546902020876,0,-0.0003679045861609021,0.9692685923318695,0,0.007798202602033475,0.2599384884068787
20000,-0.1,166,0.004453161567923621,0,0.0018192684715085277,0.716358853473439,0,0.00019112037763490837,0.348226500707838,0,-6.467381634383466e-05,0.9926983459761081
20000,-0.1,167,0.005156026471681595,0,-0.0012650892706831502,0.7967434452255138,0,-3.981089553097403e-05,0.17939761753412564,0,0.002330238731111112,0.7387020540781084
20000,-0.1,168,0.004989201941916757,0,-0.0017757390491454639,0.7272180869849683,0,-0.0005320720229905566,0.8887684135671569,0,0.0008755186117508542,0.9024839167186731
20000,-0.1,169,0.005622049178847273,0,-0.005303315903673745,0.2855513176303303,0,-0.0002419710107220113,0.7359605559537042,0,-0.006653291282268695,0.3463320925910205
20000,-0.1,170,0.005735222862880669,0,0.0012228819096794738,0.8012294147520879,0,3.742245797182968e-05,0.578628198400836,0,0.0006415521082338447,0.9264389003658353
20000,-0.1,171,0.006171974514839408,0,-0.0008506433172571636,0.8632619954532583,1,-7.933617655107548e-05,0.03451803098194739,0,-0.001488287543177111,0.8321844252130308
20000,-0.1,172,0.005457806927883682,0,-0.007398958965519311,0.13184579204682487,0,-0.00022992713152722658,0.2895125474571272,0,-0.011349750822146891,0.10288006990023375
20000,-0.1,173,0.005553041671345953,0,0.000874432895513606,0.8628562486563064,0,0.00013283782397489059,0.43569444064653085,0,-0.0034715931081348156,0.6243288004641264
20000,-0.1,174,0.007608259407865538,0,0.0076525456266866914,0.12474285267068405,0,0.0005431202349548416,0.8400519410873952,0,0.010949004998482732,0.1206294916586243
20000,-0.1,175,0.005644591786118794,0,0.006662861436835771,0.1875091368632702,0,0.0004445373661705065,0.5446779473277261,0,0.008260270310957964,0.24295880540698722
20000,-0.1,176,0.004526318393897002,0,0.0003723174073028036,0.9398100478293385,0,0.00021044346314182458,0.507370296475063,0,0.0011334087119769533,0.8720972729230505
20000,-0.1,177,0.007747973580979606,0,-3.963376574695962e-05,0.9935857420847456,1,0.00011446088703583965,0.0370181982829334,0,-0.007370015117424479,0.29324173672608955
20000,-0.1,178,0.006536359507908108,0,0.001173442332989088,0.8129415023967099,0,-0.00027549499097113164,0.9777681378657801,0,-0.00011605558714527587,0.9867888549710256
20000,-0.1,179,0.008036851069862218,0,-0.0072461023819713165,0.14532021276787208,0,-0.0004640539176352625,0.7009869157522224,0,-0.009063402300105432,0.1930479833770666
20000,-0.1,180,0.0059561012337733775,0,-0.0015379635146330656,0.7591198665300166,0,-0.00016104856478114948,0.4109461453342016,0,0.0033777022911522948,0.6300374801975088
20000,-0.1,181,0.005157645527025276,0,0.0004908204708307664,0.9204855626051142,0,0.00044261215721952564,0.6596533367652514,0,0.004925823468868155,0.47398078645554353
20000,-0.1,182,0.005404211509119599,0,-0.004034701803340502,0.4186208993531785,0,-0.00019336395795112082,0.3019675310136636,0,-0.0020115181617851603,0.7750986615835309
20000,-0.1,183,0.004625312572308526,1,-0.00992131587186763,0.04254886446165401,0,-0.000664412771226008,0.40848766184854435,0,-0.008455381496736247,0.22812165125367187
20000,-0.1,184,0.007009901684796142,0,-0.004905970599346955,0.3245689243421681,0,-0.0004119188014202235,0.9056872881002503,0,-0.011400886279167959,0.10439191305710281
20000,-0.1,185,0.007705173550453129,0,-0.0006544949434033609,0.8961243333406517,0,-0.00015530814683373755,0.1770228648691573,0,0.002347575739671941,0.7390793126470738
20000,-0.1,186,0.004686591265265415,0,0.002114933824720903,0.6688477317468169,0,0.00038927805367149337,0.23970327686063064,0,0.002695301679993543,0.7015395743770074
20000,-0.1,187,0.004927919380767963,0,-0.007705089205491324,0.11785779104729185,0,-0.0005235591349641492,0.5421179727731777,1,-0.013923778887794207,0.04567896952689903
20000,-0.1,188,0.007396560722776746,0,-0.008920906270712636,0.07752757098344018,0,-0.0008443232033736328,0.9156301451675528,0,-0.0066841764759237605,0.3472043982456454
20000,-0.1,189,0.003815755688578015,0,-0.0012887382838057749,0.7975976337312056,0,-0.0004786638469156853,0.8198006509929551,0,0.004148592374861684,0.559785993903227
20000,-0.1,190,0.006781795298208341,0,-0.005547576776917809,0.2650442001653498,0,-0.00022358352044572687,0.10379829953028075,0,-0.0011825143131364488,0.8664471814978654
20000,-0.1,191,0.005896062187473948,0,-0.002244164447441538,0.650959426357909,0,-0.0002668290679609381,0.5438499848789988,0,-0.004887937358728452,0.48851062799346634
20000,-0.1,192,0.006031003186466495,0,0.0010957514913404816,0.8210142781763716,0,-2.9621040267551134e-05,0.31749340226843925,0,0.0004264690154701387,0.9506451684692019
20000,-0.1,193,0.006282143047897464,0,-0.00020205669491296272,0.9671658226981885,0,-1.227116915637026e-05,0.9544898107547225,0,0.0010683122759130085,0.8784197222591623
20000,-0.1,194,0.004742877761796721,0,0.003941560048044862,0.42122510627023424,0,9.247430051212081e-05,0.5384269651808516,0,0.0011363325317198542,0.8712559119022589
20000,-0.1,195,0.004505045593201536,0,0.007330839259460899,0.13165516727005286,0,-6.807999500311653e-05,0.730095547975783,0,0.005538275614281265,0.4296913282751029
20000,-0.1,196,0.007736444090689278,0,-0.00879757014548535,0.08204908816176333,0,-0.0008434442948033726,0.49915351531139107,0,-0.0027977297180098687,0.6943698328515733
20000,-0.1,197,0.0052470100337796,0,0.0038186391685137884,0.43989488849666536,0,0.0005390401675342348,0.9052587369333664,0,-0.002842037058210973,0.6865689076232082
20000,-0.1,198,0.0053269123420925674,0,-0.004481677311643828,0.3642164250207155,0,-0.00048108930666286803,0.19984166501995382,0,0.0035403829755675967,0.6152133961173876
20000,-0.1,199,0.0030654780135889338,0,0.004759964482035601,0.344551376797517,1,1.4898198468593192e-05,0.022123062046287334,0,0.0009861695114640984,0.889164606566752
20000,-0.05,0,0.005654347579662311,0,-0.0013316184684165292,0.7886870458031041,0,-1.9733889757867264e-05,0.5046084925554197,0,0.0008813521521556632,0.8998730234779626
20000,-0.05,1,0.005615849166994863,0,0.005926521796090288,0.23329510502963682,0,-6.906023243037741e-05,0.5024184719430291,0,0.0015624667315572375,0.8243962098544483
20000,-0.05,2,0.007025536382913345,0,0.002046116586477549,0.6811735281854454,0,0.0004433959688936333,0.93918702260363,0,0.004268559164853775,0.5448801846458722
20000,-0.05,3,0.004657663148515093,0,-0.0023928037760142873,0.6320743849349119,0,-0.00023697415717118352,0.12209831757844247,0,-0.006393393629392006,0.36537340187656275
20000,-0.05,4,0.006834134435174219,0,-0.003789209089054831,0.4357853333534568,0,-0.0003012514525177718,0.07990135374566154,0,-0.007883349748061241,0.2587966730454216
20000,-0.05,5,0.006959995189216508,0,-0.0021612939334488307,0.6674834573493429,0,-0.00033861244355398533,0.38625133589296523,0,-0.0037040756100583296,0.6027985825056872
20000,-0.05,6,0.006112737466840688,0,-0.004020324796276099,0.41595992048037367,0,-0.0001332806720325921,0.213252417773385,0,0.0027879068793444793,0.6937389074252922
20000,-0.05,7,0.005268055182157818,0,0.006180193603232636,0.21537629061713315,0,0.0006250103297186087,0.34092514594084977,0,0.004112324434536926,0.5600238763330387
20000,-0.05,8,0.0061415287539949145,0,0.007262118855624451,0.1392612928252649,0,-2.3429383596608798e-05,0.7831479095776732,0,0.01162414311400028,0.09559525365841905
20000,-0.05,9,0.0068540576045384785,0,0.009894295957571584,0.05107202807978106,0,0.0007968080741044049,0.3734026457145637,0,0.009660289663898066,0.1756425450251248
20000,-0.05,10,0.005252603765495383,0,0.003457911687303525,0.48895704514490157,0,0.0002810376833671358,0.14302075405501358,0,0.004662138803705888,0.5056168342310543
20000,-0.05,11,0.0042025054247264975,0,-0.0019459809417169001,0.6987803767130405,1,-0.0004973837616470475,0.008095289401085615,0,-0.005234374061307773,0.4558864665228264
20000,-0.05,12,0.0064167428563934375,0,0.0003709547556676386,0.9412689984485545,0,0.0001969935843862891,0.5948071209737003,0,-0.007046898416301148,0.31509807854793104
20000,-0.05,13,0.006844189667264405,0,-0.005333738752437561,0.2800808859698104,0,0.0004647574886627148,0.44457408428588474,0,-0.006881326081401558,0.32086076204395025
20000,-0.05,14,0.00550130970802371,0,-0.0044746568128535575,0.37862543164732265,0,-0.00017330716804006972,0.8021618549213865,0,-0.0029427163364380924,0.6798142819378261
20000,-0.05,15,0.005045297761349474,0,0.0013690547926784157,0.7813046876620808,0,0.0004526006298145813,0.8907654962645513,0,0.01158324180024849,0.09500878308855132
20000,-0.05,16,0.00788155184549174,0,-0.004164761696304659,0.41043660962966855,0,-0.0006178320015652067,0.8950810308038257,0,-0.001158650608392891,0.8699350738616105
20000,-0.05,17,0.004137198949813715,0,0.00260427658317337,0.6055258113983353,1,4.7496617696126765e-05,0.02947317906212299,0,0.006546643709259035,0.35555821672942
20000,-0.05,18,0.006293621106497562,0,-0.0007406883301098273,0.8837831795377898,0,-0.0002780692871601309,0.752735529544859,0,-0.004611333124759124,0.5134158058143248
20000,-0.05,19,0.005466388839944184,0,0.003684033406316618,0.45979428698042746,0,0.0004685864109621648,0.46970550539556666,0,0.0060618416903592785,0.3893342572824723
20000,-0.05,20,0.008038018930559963,0,-0.0021419855572020812,0.6688309191143892,0,-0.00021366528386701543,0.6047235120164797,0,-0.003646728228342922,0.6056466380982168
20000,-0.05,21,0.006868490098084655,0,-0.00941668623539436,0.057240889433397,0,-0.00042644428718658327,0.26759632918627163,0,-0.013375871570577739,0.05684607577534528
20000,-0.05,22,0.004372640205396653,0,0.00019328740170973437,0.9690551422820972,0,0.00030155210252256646,0.8706806074300097,0,0.004852601315461565,0.49086759320882456
20000,-0.05,23,0.006124228118979027,0,-7.638082118183696e-06,0.9987909632786538,0,-3.1050912351378307e-06,0.8462859551534121,0,-0.0028000342794481316,0.6948130242669381
20000,-0.05,24,0.00481728262035371,0,-0.0008462376350107474,0.8649811145376487,0,9.303321118779459e-05,0.7573244647305865,0,0.007243475819512121,0.30233265628409306
20000,-0.05,25,0.006927773787851304,0,-0.0025800853017854015,0.5959502870519575,0,-0.0002429789252724768,0.1609894068101193,0,-0.0015029658315953913,0.8276359394899366
20000,-0.05,26,0.004662069549864651,0,-0.0026642212502166595,0.5894365808712874,0,-0.0001412872979007988,0.9586007039229508,0,-0.004959658195601323,0.4773014560685105
20000,-0.05,27,0.006500781583449256,0,-0.0038609073965177178,0.43313117327324036,0,-0.00013477408267483645,0.8479798922007843,0,-0.00020519363049561427,0.9766560023988742
20000,-0.05,28,0.0065957202982292,0,0.00492443265894738,0.3191839455338899,0,0.00033442539640523634,0.10555028962382873,0,0.008638314547717492,0.2189844408264925
20000,-0.05,29,0.005469394892786078,0,0.003894173462260702,0.4398566128755482,0,0.00045403332339029643,0.2704892675398163,0,-0.005023881459500201,0.47665338350651076
20000,-0.05,30,0.0053053952577611415,0,0.0027567179357703025,0.584118768661051,0,0.00026888100325271527,0.8918726052857755,0,0.0023500974145170923,0.7392396088844071
20000,-0.05,31,0.005275909342333961,0,-0.0015226636615295625,0.7619423002442474,0,-4.39538618016353e-05,0.8081985488882844,0,0.0006689925259005495,0.9254786445551737
20000,-0.05,32,0.005717864785476491,0,-0.0012054349255888291,0.8088820258521645,0,-0.0003075175277648102,0.30164586015947426,0,-0.003722874932001828,0.597158495768517
20000,-0.05,33,0.0036228448535954166,0,-0.002137045325912523,0.6684462224636767,1,-0.0002659068905364153,0.019830355906644725,0,-0.0024096606663089023,0.733226324029494
20000,-0.05,34,0.007651576160065077,0,0.005777529094689875,0.2417519936356997,0,0.0008360519056965656,0.2103395760470017,0,0.006469278352515453,0.35997364030434187
20000,-0.05,35,0.004153938176672256,0,-1.090619917042449e-05,0.9982448856152837,0,0.000547984677881023,0.6685846735838508,0,-0.0029918493680840303,0.6686047556549719
20000,-0.05,36,0.00542136601407682,0,-0.0052285597717049515,0.28968362465855635,1,-0.0006595413397185664,0.03351775907072352,0,-0.005191505781243232,0.4648390302600094
20000,-0.05,37,0.008698705778283342,0,-0.004745901130835678,0.34350150187389605,0,-0.0004991773850916358,0.415207122701991,0,-0.003380117409746538,0.6337819301391961
20000,-0.05,38,0.004898986736503505,0,-0.0035404439001541863,0.4736628875822332,1,-8.103387208443576e-05,0.020300187424701854,0,-0.009922977307292621,0.15805346080660423
20000,-0.05,39,0.008744105843441692,0,0.007794920898479958,0.11745898431658441,0,0.0005632704448314776,0.5980396425616556,0,-0.005325948987620457,0.44780248281080015
20000,-0.05,40,0.005366998708429751,0,-0.0034771839989806755,0.48285829918078427,0,-0.0004843445685618471,0.37053183665067624,0,0.004466838086878742,0.5247930850217634
20000,-0.05,41,0.0060278163527259865,0,-0.0022125329543387627,0.6553643257299095,0,-0.00016994154057386267,0.3392685023420198,0,0.0006058669485960749,0.9306481286951598
20000,-0.05,42,0.0053415116658759275,0,-0.001107477628858016,0.822615677601428,0,-4.9274121187775814e-05,0.9875079172004398,0,0.0006756955439059123,0.9235839330244682
20000,-0.05,43,0.005042334557725071,0,-0.004885996932006788,0.3221180163902813,0,-0.00026833305433036035,0.9502124636714929,0,0.000786516643886469,0.9102522339025474
20000,-0.05,44,0.006644865433211395,0,-0.006686043218830243,0.1768932767211511,0,-0.0005934181067830513,0.10853084639549349,0,-0.008600133297758357,0.22047158447607315
20000,-0.05,45,0.007299060610420542,0,0.0016025656701278215,0.7456303756060572,0,0.0005019938806452208,0.7729509446337774,0,0.0030855791757365882,0.6558309133013132
20000,-0.05,46,0.004895671401694845,0,-0.009273235277874041,0.06459045018819254,0,-0.0012186012577183102,0.9414501762868186,0,-0.005487664333073699,0.43516404842493306
20000,-0.05,47,0.004767188222572327,0,-0.004650008118827125,0.3503360565921704,0,-0.00042324043276472945,0.7213791543994801,1,-0.015393933543536555,0.02695430105598997
20000,-0.05,48,0.006107757631156732,0,0.003341172855471994,0.4976783805094478,0,0.00040237782303473833,0.874496873962695,0,0.013089919890172535,0.061155455364577886
20000,-0.05,49,0.005797589263470255,0,-0.001307587269499822,0.7947895669937726,0,-0.00033172098976701783,0.6051743086076031,0,-0.0085650180811862,0.228295519677195
20000,-0.05,50,0.0051557086225223975,0,0.006762196403871251,0.17995156147292857,0,0.0008695277806280733,0.7884404786786483,0,0.003613350455973583,0.6105863411052639
20000,-0.05,51,0.005574788265167742,0,-0.006313765189892455,0.20203733893572437,0,-0.0006426547726863883,0.7926306833456191,1,-0.01764273606273874,0.011876399534986157
20000,-0.05,52,0.006094249615455998,0,-0.004773553395668726,0.3470465324112769,0,-0.0007778400939125323,0.3743258634722111,0,-0.01085696588987015,0.1264492407242976
20000,-0.05,53,0.008370138444779874,0,0.004593833394479545,0.3542166144176565,0,0.0005070929439556819,0.32911301661596526,0,0.005447273737518668,0.4372000978058761
20000,-0.05,54,0.00601880819847157,0,-0.005972208656374828,0.22646547961686286,0,-0.0005954733726578671,0.5865680616312321,0,-0.005852028987513023,0.4002933637392655
20000,-0.05,55,0.007158468213569624,0,-0.000774583580358298,0.8761788233432548,0,-0.00018589498840809233,0.6758338272607789,0,0.00015143475772080427,0.982699901391721
20000,-0.05,56,0.005444260730293678,0,0.004361368586386312,0.38495970111967703,0,4.4876715476704747e-05,0.5502600731323355,0,0.0009933520691603457,0.8878188703048941
20000,-0.05,57,0.0052332141101070605,0,0.00630242856204879,0.20380684188559922,0,0.0007052160189398359,0.7161487474075974,0,0.0025828207315644214,0.7146643503622074
20000,-0.05,58,0.003550614883613076,0,-0.002809019164673152,0.5725637715383824,0,0.0001607629209075415,0.5351546802159399,0,-0.0008291294211579447,0.9079556655297203
20000,-0.05,59,0.006131809016960009,0,-0.005647593600719942,0.25008928234081523,0,-0.0006411392292137916,0.11928204163420952,0,-0.003387307787194807,0.6298236742301645
20000,-0.05,60,0.0038218771298874376,0,-0.0018450144263442774,0.7083612081255319,0,-0.000238227164460967,0.4361141628237719,0,0.0028387277181666586,0.6853973048382791
20000,-0.05,61,0.005929148503753545,0,-0.004777822916552791,0.3330081786285165,0,-0.00039909736914461744,0.7262330149386677,1,-0.015837933169300468,0.022754426896681924
20000,-0.05,62,0.004383887670324104,0,0.00923004450966527,0.06107390113108534,1,0.001035106966399477,0.005594066826813515,0,0.008758467620742387,0.20737011432446034
20000,-0.05,63,0.007564585781337872,0,0.0038154294089433605,0.4486502266468715,0,9.305486226233847e-05,0.2548466170642727,0,0.0059831701160222356,0.395319925340604
20000,-0.05,64,0.003801990942880568,0,0.0007503242403971394,0.8819936678623845,0,0.00035020916438040304,0.7821779142078618,0,-0.0026750761407651623,0.7080951741047811
20000,-0.05,65,0.007202851588968069,0,0.007914601228269882,0.11175039613280889,0,0.0004412640311431264,0.7103343993773203,0,0.006959060210532806,0.32355280099594763
20000,-0.05,66,0.004740103396428263,0,0.006569138466082047,0.1905903683945683,0,0.0008175427740224237,0.6163869224771292,0,-0.0010895780435281849,0.878186860562795
20000,-0.05,67,0.0050513813712353755,0,-0.0012732758108362668,0.7979043385510427,0,-0.0003443153963108071,0.3966917286763514,0,-0.0015121690998777448,0.8301539569302594
20000,-0.05,68,0.006087920072471967,0,0.0018762327721392616,0.7061618546985986,1,-0.0002097863355153588,0.021702437070961866,0,0.006329446491418108,0.36695530902221785
20000,-0.05,69,0.002597177946582253,0,-0.003976696379727779,0.4200677992541171,0,-2.472656089612769e-06,0.9246733303517627,0,-0.010896470290020608,0.11958673549218583
20000,-0.05,70,0.005882793731717018,0,0.007217031550703635,0.1430262176835055,0,0.0004996097448542045,0.36620776142431755,0,0.004524185987310897,0.5231775136545083
20000,-0.05,71,0.00608963210585523,0,0.0009865962722521943,0.8417709361149361,0,0.00048296857715822373,0.8403136926651327,0,0.0013279443394270142,0.8482655086027526
20000,-0.05,72,0.006738468086841448,0,-0.005319349249638881,0.27576003167049606,0,-9.499777313752431e-05,0.06505014052496594,0,-0.002104407850042092,0.764541230260078
20000,-0.05,73,0.005425856005722775,0,-0.002533467783518763,0.6100342850979953,0,-3.888904766768329e-05,0.06324286925510147,0,-0.0042448064423800435,0.5489969886511041
20000,-0.05,74,0.004730619879541968,0,0.0034944725491420597,0.47998108051196897,0,3.689489281947886e-05,0.7565274376676208,0,0.004682770688989577,0.49841889685000806
20000,-0.05,75,0.005133578734654603,0,0.007489904745082894,0.13698245271353085,0,0.0010615327200100173,0.5576080667377052,0,0.0009926887659486437,0.8878366737789183
20000,-0.05,76,0.006098699552162109,0,0.0040640651169145565,0.4098498546995093,0,0.0003030377719021217,0.16950740352351867,0,0.004188148589520156,0.5455047104088333
20000,-0.05,77,0.005677011706614299,0,-0.005486031568863638,0.27273610760239525,0,-0.00016236441842716002,0.29985236684785077,0,-0.006206792385939686,0.3783991180342585
20000,-0.05,78,0.0034711633784622596,0,0.0028049564185417273,0.5674376444598475,0,0.00067666885392953,0.3949197728826648,0,0.001529674361404186,0.8281757540259231
20000,-0.05,79,0.004647333095349049,0,0.002573154610553143,0.6112869040277428,0,-6.926019830491512e-05,0.4472778126548018,0,0.00036399718964555926,0.9593037673003767
20000,-0.05,80,0.004925129634724261,0,0.004519810531072135,0.3671942238198369,0,0.00022613219568656844,0.972911012133457,0,0.0023804078734945815,0.7399899267007911
20000,-0.05,81,0.005349592551767192,0,9.242388489056914e-06,0.998543957348491,0,-0.00047695958239187317,0.719392983590114,0,-0.0009598718767434991,0.89319036701958
20000,-0.05,82,0.00550306174763304,0,-0.005246056654227588,0.29875984643715453,0,-7.821576294362472e-05,0.1586221764320529,0,-0.006997901968002925,0.3240534181901108
20000,-0.05,83,0.0038324972915758345,0,-0.0019932554331686973,0.6884120139722276,0,0.000674917919967694,0.6450953360290954,0,-0.004724787434367648,0.4987394996400881
20000,-0.05,84,0.0056038582266911665,0,0.005778068379457933,0.2481458392433946,1,0.0005394272728977846,0.015533620767672729,0,-0.00011539986181377483,0.9867616370150396
20000,-0.05,85,0.005398520261720862,0,0.0089675928271735,0.07212858387920443,0,0.0008703856987863726,0.6707898750090442,0,0.005290962932093412,0.4573742850642897
20000,-0.05,86,0.005725335921962139,0,0.0016473935415492942,0.7449640250379406,0,-4.701923192763678e-05,0.7894309500077062,0,-0.008625872257165742,0.22089547468988804
20000,-0.05,87,0.004639736311474824,0,-4.8521793917214676e-05,0.9922099712873618,1,-0.0002696259335239471,0.03531004353803813,0,-0.0023959205813106842,0.7336303166196604
20000,-0.05,88,0.00659720829044414,0,0.004628156648360649,0.3460747167531315,0,0.0003527320919784316,0.6087113683642155,0,-0.0024929156656164045,0.7227150263787596
20000,-0.05,89,0.006547829884437418,0,0.003614814810613806,0.46850806334550266,0,0.0004022179789436376,0.742478516118789,0,-0.00105104420044376,0.8815002528227365
20000,-0.05,90,0.0032254017404916013,0,0.0024122130066381985,0.6340126498123222,0,-0.00022019221875459454,0.2080304520284264,0,-0.0064269090780726835,0.36452449475233084
20000,-0.05,91,0.0039690438893948176,0,0.004315397856242142,0.37661176914158256,0,-0.00022894392930580227,0.05501603141081368,0,-0.0037526641467570277,0.588279505840852
20000,-0.05,92,0.005477463782153608,0,-0.0027142391062976814,0.5831740568661543,0,-9.591016786312949e-05,0.2348461826331122,0,0.008195181628722717,0.24669532930465807
20000,-0.05,93,0.005061994882986829,0,-0.0003339904113419268,0.9466393955435757,0,-0.00029671850601438324,0.5058634478622265,0,0.0009005018998388952,0.8989456215977034
20000,-0.05,94,0.005253306231957874,0,0.0033795277717332027,0.4991963741780815,0,0.0003042071504089993,0.22521651439552848,0,0.006492454650114904,0.3625495368974161
20000,-0.05,95,0.005680174409394311,0,-0.0017909457254891683,0.7147894431196677,0,-0.00032663884589865464,0.29298422811497715,0,0.001032378555753998,0.8825942280504453
20000,-0.05,96,0.009396172365267803,0,-0.005627946242278989,0.2613082587894265,0,5.63181631873482e-05,0.8535588931134208,0,-0.001103572532888736,0.8752812159516663
20000,-0.05,97,0.006366886505287397,0,0.007703600376903697,0.12101756338846359,0,0.0005214287766474735,0.8646086177405666,0,0.0019892683414685164,0.7766923747226462
20000,-0.05,98,0.007662300856581483,0,0.007339569875764576,0.13908272960960105,0,-8.09068936685703e-05,0.0909249376462935,1,0.014133518265319413,0.043076885213556494
20000,-0.05,99,0.006869234291619095,0,0.003253762278795238,0.5149789189789038,0,0.0002468279947866962,0.77566214181897,0,0.00020389229975107922,0.9767546126632287
20000,-0.05,100,0.007162449052172554,0,-0.0012470006005706686,0.8029373379796256,0,0.00014047786591497602,0.5561857039678918,0,9.299800176352548e-05,0.9895270663685803
20000,-0.05,101,0.00575446502110356,0,0.0030586068366758434,0.540870359455006,0,0.00055287068603492,0.27973712759940006,0,0.001945315607263568,0.7830430319824547
20000,-0.05,102,0.0051033839494864005,0,0.0008139025985658866,0.8713087896420537,0,7.004675546529976e-05,0.5836404892469327,0,0.010230918696239247,0.1436032405148872
20000,-0.05,103,0.007693548154682853,0,-0.0025354544469958808,0.6113590433189411,0,-0.0005345739183520514,0.2552943909803641,0,-0.011286812268380979,0.11274003404298973
20000,-0.05,104,0.007007991503904426,0,0.0043247093296347305,0.3862077044608684,0,3.908848418702944e-05,0.7718638099511548,1,0.015759857895278846,0.026009337622729174
20000,-0.05,105,0.007449275079219275,0,-0.0033150804433377573,0.5063509804574147,0,-0.000733584106829296,0.1836632532738054,0,-0.0043835580606147095,0.535830474995572
20000,-0.05,106,0.00561220037184861,1,0.0109731849091007,0.028371741870122175,1,0.000772737904251992,0.03206789471339222,0,0.01210173613883555,0.08457709481453836
20000,-0.05,107,0.004868929863915765,0,0.005036313218609938,0.3141114249410407,0,0.0006936976992841816,0.10585081943238583,0,0.004864721162866086,0.49116391529541326
20000,-0.05,108,0.006525661304216446,0,-0.0025590049535911667,0.6081096793838967,0,0.00011277386870123895,0.4390056720599833,0,0.001595297117540333,0.8213845668642104
20000,-0.05,109,0.006962354235997543,0,-0.0022458247429071668,0.6541069180369424,0,3.718025168660097e-05,0.3518983378108559,0,-0.01047666532928869,0.13952192312867834
20000,-0.05,110,0.005879036574916317,0,0.006110655141396059,0.2184709110947646,0,0.0003227382378153343,0.8396326585429232,0,0.005437064779952931,0.4422431708079353
20000,-0.05,111,0.006320817148223318,0,0.005959714976390331,0.23386359668135623,0,0.0006384939775235822,0.6824921239079801,0,0.004432300763700269,0.5294038334557991
20000,-0.05,112,0.00688412744506141,0,0.0010777658811516148,0.8284660607269354,0,3.7789570587813936e-05,0.0627900292748087,0,0.0008619223125899214,0.9027305790802076
20000,-0.05,113,0.006488080970467666,0,-0.0021634817864724584,0.668241772435818,0,-4.411878686753377e-05,0.3899978658648322,0,-0.0005178268676860227,0.9420140226805243
20000,-0.05,114,0.0039824129554566256,0,0.0025358733185036103,0.6111983008056586,0,0.0003906988540271059,0.3270268873016928,0,0.006587742772953119,0.35233916566560497
20000,-0.05,115,0.00831166974423634,0,0.0002432423656579287,0.9613863613735714,0,7.891182240658553e-05,0.31945427854083086,0,-3.3640572634614026e-05,0.9962064118221172
20000,-0.05,116,0.003624637364512537,0,0.0013570838260362347,0.7879170336554897,0,0.0002024054713483164,0.683749038986925,0,0.004963353314637963,0.48280664826511444
20000,-0.05,117,0.005679569051995016,0,-0.0033363667862666754,0.5023304790033398,0,-0.00035712320368502733,0.7416859298439283,0,-0.004271948257084721,0.540125524474971
20000,-0.05,118,0.006357740537750157,0,-0.004594564379409554,0.3508440895698327,0,1.3506110794300601e-05,0.9128294107600543,0,-0.002102374842533952,0.7614635165473499
20000,-0.05,119,0.005733340431326646,0,0.0025736266419790015,0.6105439166303768,0,0.0003140427360854708,0.8949454370228607,0,0.004212041783433235,0.5530171582581851
20000,-0.05,120,0.004818241755978638,0,-0.004317359123499855,0.3895226039916777,0,-0.00039501619342240444,0.4888641031187637,0,-0.0130814849643628,0.061376699510643895
20000,-0.05,121,0.006230373004790106,0,-0.003530949451101017,0.48176997579615966,1,-0.00011670846033232838,0.034838344135061705,0,-0.0034048812943578903,0.63086283425392
20000,-0.05,122,0.006943483862990497,0,-0.008539456308558482,0.08200853240805728,0,-0.00023145489131184442,0.6469583226062954,0,-0.009633491412389571,0.17197503053303786
20000,-0.05,123,0.005577052876240405,0,0.000342850839319449,0.9436564126774118,0,-0.00041994191859800865,0.34474072166972103,0,-0.0008100041915694814,0.9066882898434172
20000,-0.05,124,0.005869205527554285,0,0.0031446639217692996,0.5237692393285509,0,0.00023623767350303625,0.7014270223266028,0,0.00447482099372733,0.5237682700931501
20000,-0.05,125,0.005782536298524806,0,-0.008807934484645577,0.07738938820543266,0,-0.0007545155359270706,0.5061212547389178,0,-0.006235309462841515,0.37737194576467903
20000,-0.05,126,0.007320395704185225,0,-0.0031661635798323224,0.5283714833867394,0,-9.031604298046167e-05,0.25903082731609084,0,0.009158672549497343,0.1940700605878886
20000,-0.05,127,0.006482661044805736,0,0.002242017463458935,0.6470158515181348,0,-0.00019057778539264023,0.6661146952807897,0,0.0024952701023335084,0.7214295874395121
20000,-0.05,128,0.00803185757936582,0,0.003870950992790752,0.4414900685815899,0,0.0008450847379744656,0.4991166591857308,0,0.00784994148362602,0.2708232521810595
20000,-0.05,129,0.00553827735968119,0,0.00038719875607502946,0.9383759677412239,0,0.00017314674819745557,0.5014118621855149,0,-0.008525201501178206,0.23062547640739878
20000,-0.05,130,0.006155846808493266,0,-0.0034606007350983553,0.4891270024496358,0,-0.0004798190437075035,0.295794334407792,0,-0.0016529383176657098,0.8134389518610056
20000,-0.05,131,0.005002210153383182,0,0.0011207846654673547,0.8210695482414032,0,5.797451898554612e-05,0.6051112243057983,0,0.003694365360242269,0.5964089979141177
20000,-0.05,132,0.005736760455507932,0,0.0015725272980302882,0.7533520934614302,0,0.00037217936625564917,0.7783195269291561,0,-0.001292567651659594,0.8555169941486531
20000,-0.05,133,0.005868290406186355,0,-0.005749258911331518,0.24756290133430925,0,-0.0009072536087176053,0.09867591944010867,0,-0.005999832615375074,0.3872478650290341
20000,-0.05,134,0.006284575878583096,1,-0.010317850507457833,0.0381949145318377,0,-0.0005574714381717493,0.08755577673526282,0,-0.007003050282240344,0.3195506399519038
20000,-0.05,135,0.005418578889483888,0,0.00379564911818271,0.44730844130078606,0,0.00013260925644471518,0.7674827534718989,0,0.012807032746554196,0.07208232044610456
20000,-0.05,136,0.0055656718089070545,0,0.005778347424619511,0.2490364091510639,0,0.0009522372689959504,0.5206818539228939,0,0.010148400636106456,0.15288344000317672
20000,-0.05,137,0.004862418362092969,0,-0.00507246548627309,0.31526482100800635,0,-0.00031960156054977937,0.11635686297126302,1,-0.01986778866468039,0.0055611656017010794
20000,-0.05,138,0.0038566519731332927,0,0.007456065290266417,0.1321203272638269,0,0.0007034327760044425,0.8308714370079548,0,0.009762895172618656,0.16320972639826245
20000,-0.05,139,0.005129267239995953,0,0.007410715269560062,0.14250652268149128,0,0.00013608802576330311,0.495783424541292,0,0.009882508382030204,0.16642594699883637
20000,-0.05,140,0.005799243910622082,0,0.004435692799285264,0.36839892586173306,0,0.0005934793883910915,0.2957660844045924,0,0.002823686779480525,0.684606665166295
20000,-0.05,141,0.003990888307364504,0,-0.004236710669058481,0.39650101796326453,0,-0.0006380972776547682,0.7580110868387928,0,0.0023637178829606443,0.7347129896064805
20000,-0.05,142,0.005192418223982351,1,-0.010876389445517776,0.030563235034896476,0,-0.0004932716894641821,0.4678070906488181,0,-0.002786767494619321,0.6949774478817748
20000,-0.05,143,0.0036275429339341445,0,-0.00895336639433947,0.06954254246472413,0,-0.000229544089985456,0.4451599823546972,0,-0.010212600009505515,0.1451499303837789
20000,-0.05,144,0.007707710387609645,0,-0.003621737034984395,0.4753471205882708,0,-0.00041705181314251826,0.537661149527607,0,0.0023209628024718184,0.7434169290858037
20000,-0.05,145,0.00522659888523927,0,-0.002798473985105844,0.5759858392255502,0,-0.00017175511807912972,0.7690315679109515,0,-0.010403276856423277,0.14471490044569946
20000,-0.05,146,0.006080913811519504,0,0.00043542921087072494,0.9305351171932215,0,0.000252880371143263,0.34115739226760033,0,-0.008382656345703877,0.23977377133670383
20000,-0.05,147,0.005883936752958605,0,0.004648069731056857,0.3517377449678236,0,0.00045990630438267856,0.14161850906564122,0,0.007627657187817619,0.27853913709574263
20000,-0.05,148,0.006475583797215144,0,0.006248482908777027,0.2067255989575029,0,0.00040676336149263713,0.9770911814305003,0,0.012136039239233442,0.08264417268685001
20000,-0.05,149,0.005261589698578268,0,0.005718295395078664,0.2527487589566977,0,-0.0002019715014779984,0.20152063157413458,1,0.01527275758537282,0.03120899651352291
20000,-0.05,150,0.00483959838366523,0,-0.0021536227327115243,0.6672908075882218,0,-0.0002424875675487339,0.6505531710998831,0,0.0047087236302447944,0.5018230498076739
20000,-0.05,151,0.00522686170575988,0,0.008073024738610999,0.11036233542161428,0,0.00017904267815852976,0.6944980943962931,0,0.01193226205007709,0.09224847877699657
20000,-0.05,152,0.005981407227640096,1,-0.011618347115511931,0.020835528577836937,0,-0.0010426773543766627,0.22909401738345703,0,-0.013386675680122565,0.05843754613314033
20000,-0.05,153,0.005807458594483103,0,-0.004392864153960126,0.3774100095830084,0,-0.0004859607806446787,0.49999067758783533,0,0.00392384656463992,0.5753342825410285
20000,-0.05,154,0.007026066807175267,0,-0.00010306434781998434,0.983238160052148,0,-7.600101707210971e-05,0.3791333304454001,0,-0.013231744010574255,0.05928439997147447
20000,-0.05,155,0.00501300681142553,0,0.00767162572249511,0.12700955748262746,0,0.0008872191416778403,0.5426348359989914,0,0.003911126712971096,0.5830880458270273
20000,-0.05,156,0.006477768258548646,0,-0.0003205788799933722,0.9493785031561104,0,-5.0001334951037885e-05,0.9641938561590347,0,0.0006126357083011782,0.9309893253469399
20000,-0.05,157,0.006726111757251865,0,0.0032723551942010127,0.5098183915169314,0,0.0005123987012832735,0.4891709423597098,0,0.0006874454582847518,0.9224532723700958
20000,-0.05,158,0.004254880500739788,0,-0.002247126243672578,0.6576703773483206,0,-0.00022425001819389388,0.5660189774865108,0,0.005099271837584978,0.47588480557748003
20000,-0.05,159,0.003671717484516143,0,0.0066639440749692,0.1784598966400322,0,0.0003836373268473452,0.7293393177452279,0,0.004561921393683114,0.513150802265856
20000,-0.05,160,0.006337155218910479,0,0.0017241738799441354,0.7266343614040636,0,0.00011907018511150608,0.4242550025593679,0,-0.00663314424900369,0.34515996226664525
20000,-0.05,161,0.00646280918469574,0,-0.0011737190744292101,0.8126767302667434,0,-0.00038913896581487624,0.6306730911271508,0,-0.005911528414167321,0.39912510001399404
20000,-0.05,162,0.005889430398321849,0,-0.0008693906594238532,0.8611642389904338,0,-8.425165693166517e-05,0.4193201122469692,1,-0.01494149987375585,0.033165952198556815
20000,-0.05,163,0.005763756070317421,0,-0.0071271494046363845,0.1582321791804919,0,-0.00028455438544815306,0.9373376597920723,0,-0.00369725103009626,0.5990271232546193
20000,-0.05,164,0.006378943580716128,0,-0.008053386485858566,0.10958212187135394,0,-0.000735643436996228,0.3690108320010179,0,-0.0040533223441852175,0.5701230921531147
20000,-0.05,165,0.005022158669826819,0,0.006569043750012986,0.18952301874265187,0,0.00047921374818400426,0.26325662953062434,0,0.00837550524577585,0.23692011146222197
20000,-0.05,166,0.006463978721242498,0,0.0032761433385421236,0.513393347051356,0,0.0004969805641931649,0.5698797419458745,0,-0.006149415627510504,0.38239338088014996
20000,-0.05,167,0.004268696144218287,1,-0.013155309458368389,0.008438003815907006,0,-0.0009573015810853827,0.47671074584593587,1,-0.016118312077165024,0.022634255901181264
20000,-0.05,168,0.00522324527966568,0,-0.0003038151635379227,0.9509052600457069,0,-0.00024843245931390395,0.8770813230479383,0,0.0010984678764812004,0.8751380968300247
20000,-0.05,169,0.0033534834759668575,0,-0.0023275967677836096,0.6440773005087898,0,2.3837615510999408e-07,0.9332088527281162,0,-0.004958698947057883,0.487869580000696
20000,-0.05,170,0.007436321982944495,0,-0.002573134976590713,0.6049332606657467,0,-0.00015286429395628995,0.4395456752715363,0,-0.0028849757569008438,0.680317264902184
20000,-0.05,171,0.006612359360586214,1,-0.010757957569970077,0.032904720208131163,0,-0.0009532097562283702,0.7834453764556625,1,-0.02039497379048242,0.0044269854386129355
20000,-0.05,172,0.007788386791630802,0,0.0033887991833515493,0.4971408034248621,0,0.00030643080109333897,0.7459611700095441,0,0.009902633535599954,0.16024468787498766
20000,-0.05,173,0.006477845124029393,0,0.006151752968343693,0.21710222023826167,1,0.00017060535825636316,0.04958581057779654,0,0.008724799306435023,0.20719800478060194
20000,-0.05,174,0.004909160651489919,0,0.0003484497886527861,0.9449800164050072,0,-0.00016076417899081122,0.5015543701572014,0,0.002329873375989911,0.7420451241423859
20000,-0.05,175,0.0052422682210782985,0,-0.006638232937143267,0.19187572258837998,0,-0.00032204494156374446,0.694103161268709,0,-0.0073999185831208816,0.29537162064605704
20000,-0.05,176,0.005483103639213362,0,-0.002989380074408323,0.5493847920776731,0,-8.64811861413219e-06,0.8055461426505987,0,0.00023344467117871782,0.9734065184819692
20000,-0.05,177,0.0075401766751248675,1,-0.012024621275150863,0.017356771600655,0,-0.0006627136547895132,0.09480523220158932,0,-0.013535399572845896,0.056671857607615554
20000,-0.05,178,0.0038325112584437185,0,-0.006988958085103902,0.16002929682472228,0,-0.0005653805448604732,0.5102870987254784,0,-0.006982800877575862,0.32337122698407106
20000,-0.05,179,0.006478867409476621,0,0.005663153401701962,0.25860547011642937,0,0.0004342499495534074,0.345871922747391,0,0.012323490690613205,0.08391130942696427
20000,-0.05,180,0.006422452658569266,0,-0.005792109932458435,0.24678433045864,0,-0.0003871204274899014,0.46490032658390446,0,-0.009083257057080154,0.19943802773086478
20000,-0.05,181,0.004323884226026114,0,0.0024394520153375354,0.6292056655321305,0,0.0002978922090432252,0.9121625136353162,0,0.010153803738385944,0.15481651097170926
20000,-0.05,182,0.00613608660094594,0,-0.009097747176654254,0.06822597958031985,1,-0.0012339705843182566,0.016501885744704015,0,-0.004169468541263906,0.5538114939787434
20000,-0.05,183,0.004528923031456035,0,-0.003189632825339566,0.5193318911820572,0,-0.0004480443097862139,0.6125568849295575,0,-0.00632076952601024,0.3679691636185467
20000,-0.05,184,0.0065505449539532325,0,-0.0033699750128523154,0.49599300184043893,0,-0.00027690429783070575,0.30316845455740227,0,0.000926665088160095,0.8944106124164148
20000,-0.05,185,0.0056253273950726875,0,-0.006004102894239528,0.2281040167835369,0,-0.0004914763898286497,0.10202533266244407,0,-0.011976561475102936,0.09335297932962894
20000,-0.05,186,0.0038878383515961253,1,0.021187177756148933,1.897253736798052e-05,0,0.0013125346815541204,0.17008555159376082,0,0.010537743556117182,0.1385478714336483
20000,-0.05,187,0.006294672620052507,0,0.005033221227494129,0.31881713514152654,0,0.0005524210632042416,0.7307294415819295,0,0.0065632571614563165,0.35274675431588354
20000,-0.05,188,0.006936260126972585,0,0.0022316552886420832,0.6533692418338728,0,6.519131417953705e-05,0.12697862149815464,0,0.002127021867373665,0.762146695184643
20000,-0.05,189,0.0051901396560780355,0,-0.001474004556316967,0.7688558281571811,0,6.940219289874084e-05,0.6917337272809221,0,0.004625351288107957,0.512514769400338
20000,-0.05,190,0.0038186012996223474,0,0.003196391222495496,0.5276604585344445,0,0.0007504443962525986,0.9197342746656667,0,0.004352314434449752,0.54531476839761
20000,-0.05,191,0.005737749420865542,0,-0.00892354512303414,0.07004687925400234,0,-0.0006140897247683375,0.36246896557583674,1,-0.014292563332495845,0.03981694075677863
20000,-0.05,192,0.0038002757914566286,0,0.003749261883722906,0.44867204436839325,0,0.00025336277365820014,0.3138558087549934,0,0.0022399975164249545,0.7493379137627085
20000,-0.05,193,0.005754934846817528,0,-0.0008363634669255431,0.8672678275292981,0,0.0001795759533731824,0.2883040185771074,0,0.005180609391050939,0.4601315496690884
20000,-0.05,194,0.006593283500082527,0,-0.008551206173226682,0.08372955965577876,0,-0.0008148871026864926,0.22398548522580874,0,-0.0037252173733150627,0.5951765473167105
20000,-0.05,195,0.006124888970824804,0,0.0027845146059771436,0.5812231554648557,0,-0.0001336761801879133,0.9607595942426446,0,0.0024740171784996576,0.7289747050239235
20000,-0.05,196,0.004394640151963122,0,-0.0037099058275560383,0.45609622151363527,0,-0.00033270507697057264,0.7966232496780122,0,-0.0018438989507934857,0.7930422999626139
20000,-0.05,197,0.005998050769327622,0,-0.0035166068820590437,0.48064981587230904,1,-0.00033007571257803996,0.02584333872294997,0,-0.0031786488354064793,0.6533818011752914
20000,-0.05,198,0.006904613053336226,0,-0.0034147759458982383,0.4901523240161404,0,-0.00014967522420320339,0.5579073380339605,1,-0.013853673729249517,0.046755979534256954
20000,-0.05,199,0.006128284169892123,0,0.006938519645287454,0.16428341884507736,0,0.00048175938435934156,0.6226129940660861,0,0.010495992452068104,0.1378400834710605
20000,-0.03,0,0.00876510442538083,0,-0.009314001527993318,0.06424185352728741,0,-0.000868221792514532,0.6272317904975486,1,-0.01531229585009613,0.031565941584651695
20000,-0.03,1,0.0048114825285570624,0,0.00363208685141407,0.46426226627773026,0,9.016467743658384e-05,0.8782797953327033,0,0.00044131996567103393,0.9504539547893415
20000,-0.03,2,0.004166320184338465,0,-0.00728236937161336,0.14185008302704452,0,-0.0005255948082377177,0.7251403759319714,0,-0.006441953810960559,0.3589336543219418
20000,-0.03,3,0.004582243108935901,0,0.0024614877051648775,0.6173290656666379,1,0.00017074428273919267,0.019672068367074025,0,0.007236365240092483,0.2959539268242036
20000,-0.03,4,0.00749067271162993,0,-0.001803160797166616,0.7147523229818247,0,-0.00010387529991915627,0.8052424511110079,0,0.0005315694270283343,0.9396639515312435
20000,-0.03,5,0.004730464588171754,0,0.009765920391405433,0.05043990121674941,0,0.0009934939496595004,0.8765325936562558,0,0.008242105958772023,0.23879950526175248
20000,-0.03,6,0.0063553014175755755,0,-0.003266310805547068,0.5092997376325614,1,-0.0005206515740681469,0.047043603697559444,0,-0.012139859424039195,0.08432686079969544
20000,-0.03,7,0.006366839060772671,0,0.0032132713530147496,0.5188503376686486,0,0.0003083912888604446,0.3251557741047948,0,0.006253952256989083,0.3729575353009047
20000,-0.03,8,0.005108085420551373,0,-0.009098036953581074,0.0686727170352017,0,-0.001144622452715306,0.1386930744759608,0,-0.004097046996510976,0.560576924250453
20000,-0.03,9,0.0044823399027339944,0,-0.00314699203269825,0.5270566164684697,0,-8.025041512644384e-05,0.807672155107006,0,-0.001818923340013112,0.7961839903032353
20000,-0.03,10,0.005452771547584977,0,0.0030356226218508594,0.5400528162610754,0,0.00011612976322727767,0.8459486882899205,0,0.0004943748848105739,0.9439409854104326
20000,-0.03,11,0.007034841307805218,0,-0.008522209600757346,0.08732556019148686,0,-0.0007284724968271087,0.5799492289640603,0,-0.007702889994911871,0.27491420310749404
20000,-0.03,12,0.004441074703160414,0,-0.0035958230359116605,0.4769596656598736,0,-0.0002260475581262461,0.9620878832556606,0,0.00028903845415823807,0.9672863036145989
20000,-0.03,13,0.006265270175463437,0,-0.002574231117601984,0.6015179587391482,0,0.0002097198626327892,0.4091980515335726,0,0.0004887021291863472,0.9442228520921923
20000,-0.03,14,0.008904559121588808,0,0.008052743035754775,0.10630096913772034,0,0.0010454948301362025,0.18763916350515752,0,0.0028254964852008216,0.6861450439565417
20000,-0.03,15,0.006532564119877162,0,-0.007149423603157901,0.14881771040368524,0,-0.000650678427127026,0.42266840217937207,0,-0.010246938666704848,0.13944407866408948
20000,-0.03,16,0.005725150750342255,1,-0.010931383014710186,0.030009527026711946,0,-0.0009660502364942656,0.5326640082868763,0,-0.004491604563246269,0.5268094942625521
20000,-0.03,17,0.006879507796664515,0,-0.0004369360830188563,0.9305395427972967,0,-6.533156113839769e-05,0.819159531693266,0,-0.003231800513066845,0.6469125465706447
20000,-0.03,18,0.004078387506488812,0,0.0007398256967507572,0.8830846475896891,0,-9.638426091262323e-05,0.980960622386202,0,0.007478349812219986,0.29200598752937146
20000,-0.03,19,0.004590154004820236,0,0.0015424397164828618,0.7555260365270116,0,-0.00034232332819255544,0.1379916703128674,0,0.0028596305139831323,0.6824623969213921
20000,-0.03,20,0.006576033252568282,0,-0.006492118512857235,0.19034351230466764,0,-0.0006159051579381624,0.8830618797393062,0,-0.008707730997270256,0.21328378046892754
20000,-0.03,21,0.008822183225394966,0,-0.0005936577567555858,0.9052083827202146,0,-0.0007209935572433901,0.09927589970968431,0,-0.003044990828439217,0.6643861255814559
20000,-0.03,22,0.005555526347849337,0,0.0046484224051799895,0.3480829537711829,0,0.00041253153517910237,0.3736955210308489,0,0.0019567589263325474,0.7788875307763301
20000,-0.03,23,0.006912479736151538,0,0.0013407858643800276,0.7891947078871157,0,-4.9532283030148275e-05,0.6301952199992553,0,0.000970079038462095,0.8917942076415208
20000,-0.03,24,0.0059690583774155235,0,0.0007937169355372303,0.8736405041958226,0,-0.0002883478595819545,0.14357944254115584,0,0.005514916903115617,0.4175620843605753
20000,-0.03,25,0.006180330319529604,0,0.00335954909126838,0.5058882350978169,0,-6.763627019236162e-05,0.10287007429005257,0,0.002709904530829816,0.7030360022629207
20000,-0.03,26,0.0070140095915615566,0,-0.004346087081501875,0.38919188677365746,0,-0.00023383877631074428,0.5800227360133818,0,-0.004995326918596944,0.4733548434063236
20000,-0.03,27,0.006069189513355641,0,-0.002641146193603214,0.5938894589800544,0,6.936616951960449e-05,0.7090148525194122,0,-0.0015486297395863628,0.8247394468023936
20000,-0.03,28,0.005774073338196842,0,0.0015377201578358705,0.755724045328108,0,0.0002505379958495553,0.06104051086937945,0,-0.0005708427015249787,0.934998884449322
20000,-0.03,29,0.006581560983237251,0,0.0033934348610356463,0.498423939626671,0,0.0002609931850035415,0.2291118479048616,0,0.006742689147072031,0.3378368255584727
20000,-0.03,30,0.005741099705733368,0,0.004545640776144995,0.3612794802742808,0,-0.00015956352892594193,0.4685781903551206,0,-0.001051096670767567,0.881358251356068
20000,-0.03,31,0.006740616788588229,1,-0.012626994201396161,0.010725260387684206,0,-0.0008944211807457329,0.8982627822010384,1,-0.014138227009339404,0.04492946984652318
20000,-0.03,32,0.009022783831925918,0,-0.006912826476693835,0.16044058825618898,0,-0.0003277801514920654,0.5926757705512828,0,-0.010442119542258188,0.13474540669346308
20000,-0.03,33,0.005197486818233496,0,-0.0027026899628912067,0.5825530611556587,0,1.801898754956698e-05,0.2913655266457964,0,-0.011928759978457885,0.0903852883537738
20000,-0.03,34,0.007049470699107455,0,0.002540855637173276,0.6100603059031727,0,9.198080132234922e-05,0.45145740030400927,0,0.011207561203654792,0.11232341466451579
20000,-0.03,35,0.003967635557148046,0,-0.004215553002169958,0.3876038441991736,0,-0.00016561519067635424,0.22390050033197795,0,0.0017916796379980077,0.7978610748040886
20000,-0.03,36,0.005529868746089714,0,0.0029596313409119878,0.5524546256164966,1,0.0006244232915371073,0.04251073151856388,0,-0.002299860646163151,0.7432702740209334
20000,-0.03,37,0.005962847329320531,0,-0.0036304068313016327,0.4655981770766121,0,-0.00014942522187125462,0.28448225733130206,0,-0.002645394856868086,0.7069442941291812
20000,-0.03,38,0.007015928951377435,0,0.002324963750339971,0.6409672996320719,0,-0.0002458117410782816,0.22775698608571593,0,-0.0033648327280553147,0.6344703263065566
20000,-0.03,39,0.00833048125423845,0,0.0011721869850921242,0.8148635462415995,0,0.0003195427152690763,0.835989913137312,0,-0.003696631141458577,0.5999375050353501
20000,-0.03,40,0.00464459133143689,1,0.015069348321211434,0.00282358192877042,0,0.0012303530057726877,0.29183341794662787,1,0.019020017745938086,0.007453708300017537
20000,-0.03,41,0.007190713061066615,0,0.005542577608581494,0.26627038662036373,0,0.0005426610865448903,0.6578238901236769,0,0.0055787299287212025,0.4302580615427646
20000,-0.03,42,0.004923508465122843,0,0.004804118698193279,0.3350966403833149,0,0.0006351940327107365,0.29695711876074626,0,0.0022529350456513787,0.7497089426021961
20000,-0.03,43,0.0048759326541262145,0,0.008235091831790688,0.10146111589697665,0,0.0005598751231077215,0.8095788740588838,0,0.007592001573724972,0.2780245451766522
20000,-0.03,44,0.0045513924101733255,0,0.0029442062777419054,0.5622001094290947,0,-1.5782721660749275e-05,0.1980010373311476,0,0.0067664408652975665,0.33227723653413566
20000,-0.03,45,0.006489686087054988,0,-0.007359306466057671,0.1324426369001928,0,-0.0005936673118107081,0.27707156039059244,0,-0.007526379073514417,0.28300802310484785
20000,-0.03,46,0.0035605790521921394,0,0.00024403087769358101,0.9614674512945331,0,-0.00048569559134227193,0.17472732475071384,0,0.0052737797165333345,0.45965849024526395
20000,-0.03,47,0.0035453152845717857,0,0.0012199291451593839,0.8072636434465114,0,-0.00025021089131801284,0.2234404965311545,0,-0.001986168499818224,0.7792000255341884
20000,-0.03,48,0.0055329001613230126,1,0.012075000299756482,0.014190090793384591,0,0.0007564768374751596,0.09727525552709837,1,0.016443196618733294,0.01795036121444834
20000,-0.03,49,0.00522653540626059,0,-0.0005699563765368002,0.9065294636879313,0,-0.00037674250107009265,0.37179287665807004,0,4.572807064918798e-06,0.9994751115801723
20000,-0.03,50,0.007549514194113179,0,0.0002192606533769085,0.964720289847619,0,-0.00021389870569387957,0.8354804103218524,0,-0.004057173661086161,0.5649592518224624
20000,-0.03,51,0.006287002385594669,0,0.008229705372387387,0.0985409466846063,0,0.0003770032325310761,0.16844917579663943,0,0.0044189226791857975,0.5297817739532784
20000,-0.03,52,0.007515349315972724,0,-0.0030169190936073713,0.5413186191344772,0,-0.00021710856533333102,0.6965567830503177,0,-0.0036272990690026418,0.6030411795591801
20000,-0.03,53,0.004886131046529158,0,0.0014051969681300692,0.7775110811642051,0,0.00016672865179069498,0.26585406294351355,0,0.006238085766961592,0.37348754164291476
20000,-0.03,54,0.007184616614433637,0,-4.0073426234444286e-05,0.9935980727459414,0,-0.0002553995291794713,0.8511305227998461,0,0.00016109188981280518,0.9816592500721428
20000,-0.03,55,0.005159031507407083,0,0.0006857895650525397,0.8916491362380452,0,-6.397619604824691e-06,0.47807338928235965,0,-0.005742586180865637,0.4162598273200352
20000,-0.03,56,0.00518684399144062,0,-0.0014187544829408253,0.7792823544806735,0,8.58155365572312e-05,0.8112831426796178,0,-0.004394635371512521,0.5343408170376522
20000,-0.03,57,0.004283893322904718,0,0.002268979870884553,0.6459438258146759,0,0.0003044822211282265,0.2624575438559005,0,-0.00022726664910846669,0.9739893787301817
20000,-0.03,58,0.0066427250081327735,1,-0.010194128491561432,0.040970356529413214,1,-0.001379948436403948,0.004115331449328519,0,-0.010603104050795054,0.13385904709967464
20000,-0.03,59,0.008248774553653946,0,0.0006587082224272543,0.896724213090987,0,-0.00025447832706118227,0.849104809853152,0,-0.004622878684461654,0.5165461025063127
20000,-0.03,60,0.004937083669122282,0,-0.005441649834531917,0.2774067378508988,0,-0.0004024439020299634,0.8801152887680491,0,0.0006948005324586121,0.9215090655800597
20000,-0.03,61,0.005078404598537144,0,-0.003553782817876313,0.47166418907882257,0,-5.8087488826714426e-05,0.2552221324390296,0,-0.008192827732220688,0.24469249603887797
20000,-0.03,62,0.005307521197155207,0,0.00038256135928720845,0.9395535663146481,0,-0.0001164623340201554,0.05881871625648094,0,0.00598582110612495,0.3962120952818178
20000,-0.03,63,0.0061148315191359775,0,-0.005808690909669465,0.24250728494834728,0,-0.0006962669017912183,0.5492496163873674,0,-0.0046854017567136905,0.5049257264631413
20000,-0.03,64,0.005435520849037634,0,-0.007721710493457161,0.12068360022805402,0,-0.0007650783722709675,0.7659240391144474,0,-0.0003375629750471134,0.9620561412875113
20000,-0.03,65,0.006908682085428831,1,-0.010616218923334425,0.031711548300336394,0,-0.0009429681136455834,0.17986094912284623,0,-0.010476937501831263,0.13878051377745446
20000,-0.03,66,0.006971497982304256,0,-0.003923685703162988,0.43733149277235794,0,4.905526331598829e-06,0.8873884871499261,0,-0.009665674423498213,0.17107109229534542
20000,-0.03,67,0.0044470790863378445,0,0.001801909784569098,0.7187448138150478,0,0.0003277232467396634,0.6545330051413958,0,0.00043131067393396404,0.951737203214515
20000,-0.03,68,0.004115926373552975,0,-0.0019395991427184377,0.6979626049520861,0,-0.00031530678693777954,0.4057917080431439,0,-0.004893405276466325,0.48584149265170085
20000,-0.03,69,0.006745706134735502,0,0.006284678492421103,0.2068831881480236,0,0.0004200200045285908,0.08663980330230348,0,-0.002364662949297325,0.7388900485707826
20000,-0.03,70,0.007354588679129093,1,-0.009906757964115201,0.045739911465681835,0,-0.0007242273492694817,0.1587235368550457,0,-0.008287931565709018,0.23507275109754636
20000,-0.03,71,0.005909637528710117,0,-0.004901674017919921,0.3288558647212989,0,-0.0006975303345748755,0.8084375451165042,0,-0.0038996348074466086,0.582462455501803
20000,-0.03,72,0.007341058006939582,0,-0.0004832845032623379,0.92286551937569,0,0.00023750541640871168,0.15906478730447682,0,0.0029141639665994745,0.6836436405644739
20000,-0.03,73,0.005952100456964213,0,-0.004595767347185347,0.359578085972578,0,-0.00022553258125513327,0.3409133733066645,0,0.001393291847750288,0.8430827463175338
20000,-0.03,74,0.0038919668967618967,0,-0.0015725008205301838,0.7507313264955399,0,0.0001857352270661308,0.4247388850757803,0,-0.00287435391719672,0.6840059221010941
20000,-0.03,75,0.004269687874247445,0,-0.0017168474504882527,0.7283806054509454,0,-0.0003288194133432528,0.9756559161333629,0,-0.002900648932229295,0.6812395529495957
20000,-0.03,76,0.006774892632414161,0,-0.00688340961127914,0.17045419283893173,0,-0.00017236345036275537,0.5683982571917681,0,-0.0050219992086722905,0.4767848971940639
20000,-0.03,77,0.005981549287642643,0,-0.006315294848869857,0.2059819112625713,0,-0.0005745776063609453,0.9797909794562805,1,-0.02592176134938432,0.00023757829739692616
20000,-0.03,78,0.006429142540585145,0,0.005863140329764042,0.25344757682587943,0,0.0007217227962462749,0.899685607512876,0,0.00135489210284493,0.8489187617398221
20000,-0.03,79,0.005646304137443729,0,-0.0014081324386215153,0.7759648604499246,1,0.0005852037232293682,0.016404790655135004,0,-0.007135735513488682,0.30599968711932324
20000,-0.03,80,0.004180697161760889,0,-0.0040108428652186725,0.4148206735377211,0,0.00023396283664767415,0.8119657951202987,0,-4.206645787410408e-05,0.995234537010923
20000,-0.03,81,0.006210246148075983,0,0.0013855935908593194,0.7794505735395305,0,5.239847863644404e-05,0.5902088394581468,0,0.001188870061013394,0.866410627326236
20000,-0.03,82,0.0060467408213253524,0,-0.0037958364888126903,0.44372043338319933,0,0.00027836909002548744,0.1687978019256431,0,-0.003548321312712031,0.6067145339662993
20000,-0.03,83,0.004818376216435462,0,-0.00489024008979457,0.3294456228363506,0,-0.0006526768867158275,0.6543650376312153,0,-0.007989616845715992,0.2633133492189961
20000,-0.03,84,0.007511401743430101,0,-0.002789188549465839,0.5752892884349612,0,-3.032432174539516e-06,0.7221524393626801,0,-0.008663575191537497,0.22108897339588846
20000,-0.03,85,0.005308985371305033,0,0.0014865765857906919,0.765685329209806,0,-2.563954038252872e-05,0.5569411202027283,0,0.0005120759413754176,0.9414512658767088
20000,-0.03,86,0.006903714223888607,0,-5.690128509455825e-05,0.9909968026479663,0,-0.0002459272128983552,0.6233159038652645,0,0.007664979288919274,0.272966953430298
20000,-0.03,87,0.006413529156975929,0,0.002200175932556893,0.6596410832091026,0,0.0002043981403081487,0.16505986556545105,0,-0.0012853643311197516,0.8561380588551177
20000,-0.03,88,0.007004445987521031,0,-0.0004480514523580812,0.9293050286023496,1,0.0002699996957936106,0.03454597096830281,0,0.001980975728980866,0.7794821189140815
20000,-0.03,89,0.006251332706657772,0,0.0023522110073186608,0.6416395988700595,0,0.0005292877074635319,0.7335470302872733,0,0.0062831698328001005,0.3738913871441152
20000,-0.03,90,0.005727897932926888,0,-0.005105209069378992,0.3066321909151857,0,-7.99538048991061e-05,0.7532011001297847,0,-0.004348569901990989,0.5395250258066185
20000,-0.03,91,0.0070991531826432,0,0.0019157725448595343,0.6955901352915078,0,-0.00029293772012621176,0.08387080110914957,0,0.004937418689363994,0.4757848358428477
20000,-0.03,92,0.006146900857483748,0,0.006867698844851026,0.164380426359998,0,0.0003525858757994434,0.5001077784501338,0,0.012405017646399855,0.07843433310146955
20000,-0.03,93,0.006219729132457397,0,0.0030323826023044413,0.543192425685251,0,0.0003904512933694328,0.2918040978374855,0,0.0031975152331199146,0.6520071453485061
20000,-0.03,94,0.004206288352445088,0,0.006918384236022976,0.16140868562033944,0,0.0009004000858780902,0.23815298161080367,0,0.0014620125578770357,0.8352334713387344
20000,-0.03,95,0.00592479470244204,0,-0.005333037055712108,0.283061590333255,0,-0.0004737698660499584,0.8228145175683598,0,-0.013370689621536619,0.05762406955700882
20000,-0.03,96,0.005367495833345924,0,-0.003351214861035655,0.49675950787195566,0,-0.000727758459407772,0.8235864777021761,0,-0.0026589965592606507,0.7047240585191193
20000,-0.03,97,0.005376072306971443,0,0.004287815701408393,0.3960772979666263,0,0.0006847925813504755,0.5041719337728691,0,0.0046593272650587835,0.5044164569765908
20000,-0.03,98,0.005987321155498231,0,0.0012897013500978666,0.7938731781547417,0,0.0003653657023793339,0.5101468745737114,0,-0.00039203763002473673,0.9548167097199636
20000,-0.03,99,0.006178966466397283,0,-0.0045954115027886985,0.358453754588517,0,-0.00047494745529939425,0.5703401038356728,0,-0.0029462089128553795,0.6783858187304388
20000,-0.03,100,0.004992709869153125,0,0.0032493758904836014,0.5075903827444549,1,0.00014180084764443417,0.02638143642059687,0,0.010762102074803529,0.12324799886222046
20000,-0.03,101,0.007392203256882122,1,-0.010901110629654442,0.025956553363142492,0,-0.0007029894325857501,0.059652545231121734,0,-0.006035367372897494,0.3923099312980246
20000,-0.03,102,0.005954271434844633,0,0.0017011127750523967,0.7362944769838327,0,0.00014565290622350517,0.6964606666726714,0,-0.00043434404115763256,0.9512812376025354
20000,-0.03,103,0.004759011062433429,0,0.003781991061903124,0.4484683704161634,0,0.0003050204785854022,0.8152359370889425,0,0.004688532984433472,0.4986895540295039
20000,-0.03,104,0.004167365601709945,0,0.004593423442115078,0.3438931819514979,0,0.00015766465444453205,0.24245825085619077,0,0.005408831569044641,0.43359175188630517
20000,-0.03,105,0.006255370475807491,0,-0.002707930390788492,0.5884282150378793,0,1.95294752714216e-05,0.8554477116929421,0,0.0059544110305119555,0.3984020953895726
20000,-0.03,106,0.004151689513783918,0,0.0010424178410862325,0.8349431024876318,0,0.00033644588148672605,0.7263330645847181,0,-0.0022705131022625062,0.7487935132124826
20000,-0.03,107,0.005842779118207519,0,-0.000929201046367442,0.8511568829583372,0,-0.0002553825142882045,0.5933203058214132,0,0.0015355638549246439,0.8276132038737133
20000,-0.03,108,0.00554903145428485,0,0.0011603869810126843,0.8189213014499654,0,0.0003197835246780882,0.24772555774761484,0,-0.00014696006531572615,0.9836249396786045
20000,-0.03,109,0.006164133748399606,0,-0.0018954243260009963,0.7056420545842614,0,1.6816650971734765e-05,0.9408126583184077,1,0.01812023577903315,0.01067430885618584
20000,-0.03,110,0.005737808084062457,0,-0.0023387528760409615,0.6354680882040207,0,-0.000497807882411859,0.14424091809906103,0,-0.0045547154466862244,0.5186001938772018
20000,-0.03,111,0.005884001809077401,0,-0.006257459747755186,0.21086177085402574,1,-0.0003499159676127564,0.04562469273416325,0,0.0009414848773395493,0.8947046279246245
20000,-0.03,112,0.005032029263276812,0,0.005684684995383029,0.2484181573333692,0,0.0004881168206712907,0.1787291348080362,0,0.006261984378628159,0.3691515155814411
20000,-0.03,113,0.003375786149961979,0,0.0065691538428746385,0.18786936310530913,0,0.0003467673602429215,0.9972287557248829,0,0.007666762830951621,0.28380048990172374
20000,-0.03,114,0.006535798037231634,0,0.006032851545003745,0.24015802865686048,0,0.00024818145498917577,0.7316928819275996,0,0.004662771714989555,0.5145413363188931
20000,-0.03,115,0.0073897655324476706,0,0.002173163026932344,0.6617104044565623,0,0.00017908412113115422,0.55291490554048,0,0.0031926810159878796,0.651478512043916
20000,-0.03,116,0.007832581974035161,0,0.00033236329334855103,0.9462287627327544,0,0.00033032897330328894,0.8680227752036438,0,-0.004686036074190077,0.503368703736466
20000,-0.03,117,0.006767259595369123,0,-0.008682924190418849,0.08073422875564756,0,-0.0007943400462951349,0.5024354649414027,0,-0.01009882425676799,0.14939174130058927
20000,-0.03,118,0.0053470612242663244,0,0.0033499982526344328,0.5045296437691988,0,3.120171712448445e-05,0.05119891588872039,0,-0.006470072061555271,0.3622238800585401
20000,-0.03,119,0.00801840848790985,0,0.00888771113433462,0.07171386245220207,0,0.0007044604641750342,0.6396986193684684,0,0.013378559800477937,0.05827757971460057
20000,-0.03,120,0.005243194559827518,0,0.004091559161180406,0.40699001690169145,0,0.00031395028874954604,0.1195674139132411,0,-0.0001935746124499065,0.97786881893888
20000,-0.03,121,0.004695650733636721,1,-0.010097884140701043,0.04442116417238566,0,-0.0008113483511473925,0.7940695022366234,0,-0.0028181704558210554,0.6841407388300029
20000,-0.03,122,0.006463563123196324,0,0.004336996011261091,0.3840362592567177,0,0.0003213415552974094,0.10012395199709889,0,0.0073590824640238925,0.2925748593954502
20000,-0.03,123,0.004413294151021763,0,-0.008501325095535464,0.08935083037609527,0,-0.0008354994904317991,0.26137489035299344,0,-0.00025432079371641436,0.9713049844652377
20000,-0.03,124,0.006476186175074414,0,0.0019434907151477856,0.6960317694217295,0,0.00039639008092874005,0.47817641981642,0,-0.003535908810740159,0.6171120769020505
20000,-0.03,125,0.007777113723697395,0,-0.00536404743029982,0.28683013717273637,0,-0.00015574725680181156,0.10527054077030207,0,-0.009998202921026812,0.15658171836626147
20000,-0.03,126,0.005486777383363141,1,-0.0102561980241866,0.040823957684865915,1,-0.0012521178954786087,0.01200697544441598,0,-0.01096606233964492,0.12056102316966899
20000,-0.03,127,0.007194823877865508,0,0.005520230510927644,0.27080073542523386,0,0.0002137925520561046,0.11022715661603677,0,0.0030775177924909245,0.6636119826124621
20000,-0.03,128,0.007616231568462424,0,0.0021787135548565237,0.6687228492613939,0,0.0007005806765826743,0.4886915873763993,0,0.009561611533705867,0.17400485651448755
20000,-0.03,129,0.005989751966134971,0,-0.001513012675625827,0.7640104768894103,0,-0.0003211049841126646,0.2586703687456464,0,-0.008664274224565465,0.22544614134080984
20000,-0.03,130,0.004683661812875958,0,0.004255054463375898,0.3911611639583147,0,1.8449231540860546e-05,0.5776053881805381,0,0.0013736337382312478,0.8456766997462173
20000,-0.03,131,0.010267232739001477,0,-0.0061525963254394295,0.2207324161240624,0,-0.0004603198848431945,0.6911151824441881,0,-0.01257937833173183,0.07497393788190505
20000,-0.03,132,0.006364689165445234,0,-0.0014171230863626691,0.7729125044589404,0,-0.00033554784010098135,0.7638443076124987,0,0.010279500115084238,0.13737751112491028
20000,-0.03,133,0.00463644035660869,0,-0.006177703584981431,0.2255783196797288,1,-0.0002791787106807036,0.006778160947294887,0,-0.0001942245051994619,0.9784906256537125
20000,-0.03,134,0.005420654456730045,0,0.0038229111441943206,0.43738986337271657,0,0.0007021562631558935,0.39719524354419744,0,0.0010890232823861053,0.8761336221044733
20000,-0.03,135,0.005749357612240117,0,-0.00023029452107867525,0.9639301219334245,0,-0.0002041561240470572,0.9780881594016321,0,0.0003210843898502603,0.9640444390494697
20000,-0.03,136,0.007247122320815846,0,-0.009422228013130597,0.05476989402995475,0,-0.0004478252157172148,0.6938142723191558,0,-0.002185636132269768,0.7522775595897221
20000,-0.03,137,0.004206009680926228,1,-0.011367090671879536,0.020696516394234764,0,-0.0009678280126478887,0.0975863691497294,1,-0.014976814570285737,0.03288498973347162
20000,-0.03,138,0.004961428830651786,0,0.008495349534630188,0.09207684722543547,0,0.00043416628280627557,0.410941463629217,0,0.001889564507646841,0.7876413618397184
20000,-0.03,139,0.005253654472912309,0,0.004701922162276319,0.3463094244523387,0,0.00010289121730588923,0.061427371707121425,0,0.007013132512361117,0.3218447158609063
20000,-0.03,140,0.006157032248490579,0,-0.0019321680896801673,0.6913932237029462,0,0.00013292420344522562,0.49161737138685946,0,-0.003454970198899432,0.6159884882358078
20000,-0.03,141,0.008551819831583015,0,-0.0001116688746219919,0.9821272696912979,0,-2.4586471101264713e-05,0.2907291871831903,0,0.005516766564827002,0.43394745942368906
20000,-0.03,142,0.0057795507472240765,0,-0.004947110408050929,0.3208571433119779,0,-0.0007988231662352052,0.05587113823114387,1,-0.018921763324243102,0.0069937341345964405
20000,-0.03,143,0.0054745742335758135,0,0.001776244460967791,0.7205989117687566,0,-1.7308544696157466e-05,0.45431669871343494,0,0.0047631653827111,0.49779318248687654
20000,-0.03,144,0.006847026449664244,0,-0.003212386708277855,0.5200997814457246,0,-0.00038364160122923317,0.9821644714065881,0,0.004343363396724896,0.5384411978421055
20000,-0.03,145,0.00767286045695488,0,-0.0014201376502894305,0.7725764534908168,0,-0.0004791149002035019,0.2600732148739193,0,0.0007525449924894443,0.9142079343607513
20000,-0.03,146,0.006131144850804371,0,-0.0005310872254281245,0.9140029107029901,0,-0.00013205108519258655,0.7251647545103731,0,0.005441721275350208,0.43335923073039917
20000,-0.03,147,0.008523053532312619,0,-0.0007257777035321051,0.8837018330304522,0,0.0001436182382954604,0.7059463979443947,0,-0.004275360853055797,0.5446178898946719
20000,-0.03,148,0.007266685297425231,0,0.004606564927760759,0.35677507406503817,0,0.00012142556130964058,0.11805697170217799,0,0.008890564270937797,0.21022379137997801
20000,-0.03,149,0.005680795522912313,0,-0.0002882639929157342,0.9538597849595203,1,8.651631157584719e-05,0.00891112685962292,0,-0.0028232006073859173,0.6892549018940222
20000,-0.03,150,0.006432754533176473,0,-0.0029509660175853153,0.5484522905682601,0,-0.000386968856996513,0.8449814825804574,0,0.0066825098020796385,0.33975312504449307
20000,-0.03,151,0.0069590670645566744,0,-0.004838188032186388,0.3292157141180646,0,-4.191014621160733e-05,0.7609643628912508,0,-0.0012731836331088008,0.8544895189127736
20000,-0.03,152,0.0046973553665007935,0,-0.0017109470126439956,0.7312859136056371,0,-0.00036078389249474314,0.5719966329555073,0,-0.005026834034320974,0.475072247378888
20000,-0.03,153,0.005378352019454703,0,-0.004370532956630994,0.38064675058668573,0,-0.00016567527747622201,0.19141560982703454,1,-0.014022725737201366,0.044814673758154386
20000,-0.03,154,0.006175932636371836,0,-0.002657615572646919,0.5953987785490886,0,0.0004088020481446574,0.7091025973246294,0,-0.013661604267225076,0.051460742389411285
20000,-0.03,155,0.005874933288911559,0,0.0021124884811870386,0.6743164783709263,0,0.00036013318474807155,0.8091890163613709,0,0.003155087386975873,0.6549209969099816
20000,-0.03,156,0.007502701582357032,0,0.0038847937389123854,0.43594002586986136,0,7.488039054016545e-05,0.286872623134518,0,0.0077676874081654525,0.2729211558338773
20000,-0.03,157,0.005849058420787291,0,0.004153863379418608,0.40298270570528627,0,0.0005800515009945808,0.5089556680843771,0,0.002340281890357008,0.737621546324025
20000,-0.03,158,0.0060490689005190165,0,-0.0025787090758269044,0.6012763789415232,0,0.00010946687338843849,0.15458937078617585,0,-0.0019519655366730837,0.7806658834078459
20000,-0.03,159,0.004480110522375951,0,0.005236896113459628,0.2952031937822774,0,0.0008650873743847031,0.8811835204500025,1,0.014893599103221366,0.03473882286968988
20000,-0.03,160,0.005234996921910411,0,-0.005126237882396934,0.30875755846946107,0,-0.0002592047583751108,0.2766231752334751,0,-0.012504684210895286,0.08047756982778823
20000,-0.03,161,0.006527339596194406,0,-0.006332928812934419,0.20608748518479503,0,-0.00027730157911633153,0.4478579309614218,0,-0.005495227123459486,0.4352903866527188
20000,-0.03,162,0.0044925822728899565,0,0.002856495501075852,0.5616438544956299,0,0.0005584067027724285,0.7642379906296626,0,0.007004339163094451,0.3137296507115114
20000,-0.03,163,0.007372917248966592,0,-0.0013684631908787836,0.7840882684110383,0,9.960140095459864e-05,0.3428363433729563,0,-0.0031841055985888872,0.6495469066290247
20000,-0.03,164,0.006926742476938955,0,0.002543033887459805,0.6057443448160935,0,6.229417205130648e-05,0.9888816178352147,0,-0.0038404804544762486,0.5818862388533521
20000,-0.03,165,0.0062795313065670075,0,0.0067981015559691604,0.16735362434792408,0,0.00046594432960981745,0.8515801954537483,0,0.005566814921006283,0.4243208736091607
20000,-0.03,166,0.006331937421160315,0,-0.005398122943959355,0.2805383229657559,0,-0.00010127366101776067,0.1423431947438044,0,-0.006498085986012977,0.3503243956488441
20000,-0.03,167,0.008311281574205699,0,-0.0034206115848672207,0.49525028184420017,0,-0.0003997410888563536,0.6545846757737677,0,-0.004827258576173165,0.4916610763481154
20000,-0.03,168,0.006853844264892568,0,-0.0028178537810736527,0.5618987277583365,0,-0.00025405096381084225,0.9430759950001713,0,-0.0007878560351182156,0.90948136203459
20000,-0.03,169,0.005957659413940946,0,0.0077005651033928875,0.12205634246917046,0,0.0004314875759735819,0.5643931420631976,0,0.008061198931539188,0.2538757235719433
20000,-0.03,170,0.004816271905484706,0,0.003782145911384463,0.44663864464424974,0,0.00016767575643621228,0.3652860856619681,0,-0.0039072318565472565,0.5786962834426942
20000,-0.03,171,0.007136177746137694,0,-0.0007030462839822799,0.8879845913397045,0,0.0001560624764121573,0.42896791832292336,0,-0.007000833570418313,0.32290519479028446
20000,-0.03,172,0.004386382216842607,0,-0.001981859570595435,0.6908448986104387,0,-0.00024297640669688117,0.6852672960394892,0,-0.006489630791107281,0.35991276945109596
20000,-0.03,173,0.0061595446279407865,0,8.663246104625641e-05,0.9863093229690592,0,-0.00010365127658319847,0.3938170355308912,0,-0.006813180517340063,0.33924494376921166
20000,-0.03,174,0.004576947991296465,0,0.005039995214476236,0.30056201845985686,0,0.0005123907954036151,0.6921740611185789,0,0.012417893904966596,0.07540187476231361
20000,-0.03,175,0.006662952821200159,0,0.0016712792376565309,0.7371398876343775,0,-6.863812043173989e-05,0.7146551475096463,0,0.0022784365814556297,0.7435956710362069
20000,-0.03,176,0.00649345737927224,0,-0.006338240077226456,0.20487201017550974,0,-0.0008356590409808084,0.35945810019409286,0,-0.004368328603016319,0.5419056205801911
20000,-0.03,177,0.005272335788703573,0,0.0029098894382896443,0.558454355964585,0,0.0007253036289849072,0.8467181104935695,0,0.004465421928802374,0.5266911510414237
20000,-0.03,178,0.00447072368995798,0,0.0031268248138726293,0.5262529153174509,0,0.00027029222494665315,0.2368785226236627,0,-0.008525174040284062,0.22416286312499512
20000,-0.03,179,0.0072378289992983845,0,-0.002223218931171287,0.6520550150076101,0,-0.00019648390142365098,0.2099317216688037,0,-0.004428298839098534,0.5302039182642471
20000,-0.03,180,0.005040994230065528,1,-0.014475407736882384,0.0036965041186027767,0,-0.0011084187303111806,0.7300748337008958,0,-0.011609532438308926,0.09905101772406438
20000,-0.03,181,0.00413851069499774,0,-0.004372434743300956,0.3592746481268436,0,0.00029693017122750087,0.37451566891840915,0,-0.011492785940760662,0.09313446586434916
20000,-0.03,182,0.007103110248776916,0,-0.003247494159742629,0.5143421878230638,0,-0.0004037252165885622,0.9068217555818255,0,-0.007139770728529775,0.30765113035705427
20000,-0.03,183,0.0047260526579708815,0,0.003389083595660693,0.4930467743068607,0,0.0003015433815577588,0.37920205459779943,0,0.001676061553129537,0.8111309967751985
20000,-0.03,184,0.005766969327473768,0,0.007786092185266471,0.12280833135156602,0,0.00090311227235396,0.43017142929135965,0,0.0035018712117177607,0.6228359073172446
20000,-0.03,185,0.00526756582543785,0,0.0025943405361237206,0.6075999331745197,0,-6.624178811978187e-05,0.8309194893737162,0,0.006391622525237654,0.3700318876929053
20000,-0.03,186,0.0055627266387305195,0,-0.00803847412693822,0.10788758678168717,0,-0.0006457689167046644,0.3010751250082695,0,-0.01042459656663273,0.14044736740578165
20000,-0.03,187,0.004144600828550344,0,-0.003713639661621013,0.4587694208655171,0,-0.00011354759453439542,0.9125366186198408,1,-0.015498729728749334,0.027449529943221064
20000,-0.03,188,0.00560329731447159,0,-0.0005489945109131845,0.9136607433605695,0,-0.00021675973648885877,0.13012750345043744,0,0.011909704132262193,0.09177287243860988
20000,-0.03,189,0.006420057179038547,0,-0.005156102572770157,0.30972906057098093,0,-0.0005072626552312886,0.1587518384161375,0,-0.011908087327134867,0.09608183084338433
20000,-0.03,190,0.0029848848330288726,0,0.0009687615849565834,0.847200875640757,0,0.00032099694998076087,0.9886612241781843,0,-0.004834441473497443,0.48965512448339277
20000,-0.03,191,0.0052866238651492715,0,0.002648651801530369,0.5982600523879266,0,0.00011061270254626748,0.7481846686168957,0,-0.0013536992799725854,0.8453320067759307
20000,-0.03,192,0.00797471301024255,0,-0.0025530416675739916,0.6112511629839256,0,-0.0004332836108414494,0.2883785892754247,0,-0.005394562566754961,0.4410407578885639
20000,-0.03,193,0.005383040698697092,0,0.003264556075749428,0.5066660557406759,0,2.3125489865019262e-06,0.8871451655068775,0,0.0007065134171028316,0.9193851146894297
20000,-0.03,194,0.0027146663907294086,0,-9.768896684260973e-06,0.9984235014138457,0,2.292451490192847e-05,0.5136147243891327,0,-0.009223942785191244,0.18724682841752138
20000,-0.03,195,0.006744894861366503,0,-0.00482283973680027,0.3391083038331566,0,-0.0005642533004194816,0.3203742892031458,0,-0.00030861748801356507,0.9652928771095756
20000,-0.03,196,0.005568692292819884,0,-0.003839414664603947,0.4429268336759692,0,-0.0001308176213470798,0.5615063534702618,0,0.006045920218235878,0.39221893643416494
20000,-0.03,197,0.006128544324618944,0,0.0035264345643474843,0.4836139603990889,1,0.00039745403211622184,0.01891121908143767,0,-0.009209512080482492,0.19628229471898706
20000,-0.03,198,0.005295401920838289,0,6.133084922748636e-05,0.990008527947768,0,0.00019682392228674876,0.6646535110033,0,-0.003885733074313565,0.5746852675368226
20000,-0.03,199,0.007462245521247304,0,0.0017572052483794181,0.7224806453676271,0,0.0001145025887865376,0.9429570251628031,0,0.0032216048897885,0.6420364715756233
20000,0.0,0,0.005648723997031511,1,-0.010471030641967085,0.037650772085203434,0,-0.0005915480923818701,0.4149785686195878,0,0.0005794060395676107,0.9347924501560987
20000,0.0,1,0.0058991670930165115,0,0.001295194233401055,0.793695095029136,0,3.949867257331314e-05,0.6481806614470401,0,0.0028795285017655624,0.6842374552458192
20000,0.0,2,0.004461592144861347,0,-0.008437063568725218,0.08757197548333055,0,-0.0005114881603300277,0.79241393842874,0,-0.010390854268566684,0.13820028772223494
20000,0.0,3,0.0071607768528787795,0,0.005473151452724185,0.2739689305338599,0,-2.0552439581053475e-05,0.6875857070628537,0,4.2939514539068555e-05,0.9950981259905416
20000,0.0,4,0.004402853235661614,0,-0.0018705062419845354,0.7086381898364227,0,-0.00020923164155481575,0.10660953866851908,0,-0.0019287774426405891,0.7830489123459456
20000,0.0,5,0.0041317266438809,0,0.004649359659759344,0.3510524099574164,0,0.00010908744355756701,0.6681275310308021,0,-0.001785830056173528,0.8015418844874234
20000,0.0,6,0.0035579132066701847,0,0.0031710349273356376,0.5251188362976664,0,3.7592234598603966e-05,0.1771838860144348,0,0.009999757106903807,0.1498400339679843
20000,0.0,7,0.006214400539616031,0,0.0025491511837328696,0.6060033857701832,0,0.00013863547310333308,0.37368401010121133,0,0.002096945783256421,0.7618425415853328
20000,0.0,8,0.0070939112301287,0,0.0001233356133903598,0.9805100742097332,0,0.00019372578081931945,0.06489115466656348,0,-0.003942250144035393,0.577861834332375
20000,0.0,9,0.006316789280061327,0,0.003392617125948868,0.4974636909325918,0,0.0002777426129387622,0.960539041945526,0,0.00029480454278185464,0.9670453274638625
20000,0.0,10,0.004974735068726384,0,0.00912220029431244,0.06963726707367081,1,0.0008873286423928579,0.017508721589684195,0,0.008105087695845944,0.25367836188120146
20000,0.0,11,0.00584812941549932,0,0.006841632558766351,0.16630170468430977,0,0.0005908752162708142,0.28201856663087144,0,0.006348162785448053,0.36908756847880597
20000,0.0,12,0.004613904586097779,0,0.0035038168866807313,0.48913163140038185,0,0.00034868956486209406,0.3491455465359419,0,-0.0020773698251391882,0.7691119342825998
20000,0.0,13,0.005456042061536916,0,0.0010024880326994809,0.8417486025094705,0,0.0001910910082223791,0.8418649314690787,0,-0.0013860300665287139,0.8456971611081844
20000,0.0,14,0.00403909637857555,1,0.012166375917823562,0.017236783549060337,0,0.0008794857909494536,0.43373121203701115,1,0.022727757977914508,0.0015564916023228619
20000,0.0,15,0.005180420986620564,0,-0.008640887132377928,0.08668724704490194,0,-0.0003747493345410542,0.6911499388500716,0,-0.00958280502709297,0.1808001740311668
20000,0.0,16,0.005746693777607914,0,0.0009098130231059353,0.8549039655699774,0,-0.00013012879896589095,0.21875556168309085,0,-0.004729720682201059,0.5006420836514547
20000,0.0,17,0.005645005057567926,0,0.007699639736949439,0.11866624784762203,0,0.000917055041707671,0.41155181100741434,0,0.008522112906918754,0.221723324456331
20000,0.0,18,0.0081092535652747,0,0.003183289269076101,0.5234518912659448,0,0.00028210799266346356,0.811294037583282,0,0.004009152533436434,0.5683106926436825
20000,0.0,19,0.003483196757998125,0,-0.0004075995653498476,0.934641443635108,0,6.667994833743337e-05,0.5219179158021191,0,0.009668728825513001,0.16664557154621765
20000,0.0,20,0.006378739586365047,0,0.0027142136542968516,0.5893306775518501,0,-0.0004071073482128238,0.3070938842881956,0,-0.0007561963332975196,0.9144605237443235
20000,0.0,21,0.004528722745768375,0,-0.003624723772626341,0.46696566644641624,0,-0.0005984660663419953,0.09714836989324782,0,-0.008156528039982635,0.24672979443771
20000,0.0,22,0.004555791618712181,0,-0.0062843566795634746,0.2066058671995438,0,-0.00015159869070639206,0.872147916534772,0,-0.0021867063736785244,0.7548272825427861
20000,0.0,23,0.005312317979464801,0,0.0007887601969903688,0.8754880016053903,0,0.00030831319894229775,0.056067198258466844,0,-0.004310728160831579,0.5429050031105459
20000,0.0,24,0.003877380790145916,0,0.0023478404749810457,0.6357576933261807,1,0.0003831884543226598,0.040414059244138434,0,0.0047321300377869,0.49591744827414697
20000,0.0,25,0.006276137864627249,1,-0.012327352571379166,0.013387595233571624,0,-0.0012285342219841055,0.6378021168200275,0,-0.012631342938027255,0.07565230591771077
20000,0.0,26,0.008016030809042455,0,0.0012328457891915025,0.8021400375978415,0,-1.9719474396574326e-05,0.9152988963330234,0,0.006106816441866062,0.38456374825439876
20000,0.0,27,0.005909718604523857,0,-0.0036553502327081938,0.45954642416373304,0,-0.0005244534315476633,0.3515447355555096,0,-0.005595401641815384,0.42785177752080716
20000,0.0,28,0.004209091096638378,0,0.0016305284210615775,0.7454637219426776,0,-3.539255458263635e-05,0.8375214716913901,0,0.004028815328076243,0.568324222306644
20000,0.0,29,0.00556342275823369,0,-0.002423530306035309,0.6275541673550176,0,-0.00038759179459163924,0.43487397783898163,0,-0.0021310818481649688,0.7640145517381463
20000,0.0,30,0.004376677024194124,0,-0.0027091999643660135,0.5812089338875257,0,-0.00010555455238899614,0.4717235329838225,0,-0.0009965266549043692,0.8863154322813656
20000,0.0,31,0.007203389640346272,0,0.00574769161604669,0.25024083499819816,0,0.00021326014167493326,0.4587020864941471,1,0.01600034821926553,0.023832691265220918
20000,0.0,32,0.0037553682961568137,0,-0.009096910227176723,0.06919313211855334,0,-0.0010706582178312738,0.3244718522346024,0,-0.009394438928541039,0.1833728863106506
20000,0.0,33,0.005705885726135912,1,0.011152383695268374,0.02395460009949907,0,0.0011000389830019867,0.699661299119182,0,0.00794725485843135,0.2538306032453256
20000,0.0,34,0.003473677728039128,0,0.006120230066687217,0.21814956960393062,0,0.000370285376487499,0.8090616445727143,0,0.00643139030657475,0.3580935564665647
20000,0.0,35,0.005905078022612087,0,-0.007697650991980229,0.12538931858467914,0,-0.0006286808709627103,0.18646484866337887,0,-0.0060274025354407216,0.39749799930716734
20000,0.0,36,0.007604439125512544,0,0.003293438275938844,0.5113338732793411,0,0.000538110991289359,0.8226193270036039,0,-0.007489100051584973,0.2896797224871185
20000,0.0,37,0.008265015900559227,0,-0.007772950714094056,0.1238977720575802,0,-0.0005906490296566235,0.8043914312003249,0,-0.006476880005799493,0.36061889219730636
20000,0.0,38,0.0065613877782948185,0,0.004478160382349416,0.36851058757876987,0,0.0006514894116588877,0.5567539761899687,0,0.0033537128667033107,0.6368634192497868
20000,0.0,39,0.008875562089915122,0,-0.006690540562987245,0.17416457662486606,0,-0.0007657083342024537,0.14231329460440545,1,-0.019163648623429116,0.006027178466253567
20000,0.0,40,0.005873434652160648,0,0.004685136009041909,0.3441414381496519,1,0.00021856183065882795,0.039766759987410305,0,0.0008238478264710478,0.9066062245120828
20000,0.0,41,0.0060909999986664175,0,0.008302713072462563,0.09137175805622659,1,0.0007510450668569346,0.012376156761202517,0,0.01075976451487852,0.12096267488873003
20000,0.0,42,0.00690536499592894,0,-0.0006417246085364588,0.8962412369889765,0,7.791814631359123e-05,0.9650687794141017,0,0.0012674271292670205,0.8551583404330297
20000,0.0,43,0.004294834184618188,0,0.005004220460073739,0.3146334147841059,0,0.0005323502304961741,0.6266096701796644,0,0.007323290333395696,0.2989863224258932
20000,0.0,44,0.0071283974627247785,0,-0.005766068930300686,0.24568581940056594,0,-0.0006729224241991794,0.8763452344725178,0,-0.0070630563542185155,0.318381667984159
20000,0.0,45,0.008994152034176767,0,-0.001243795286077417,0.8014547390803197,0,-0.00032069506439222817,0.972781406629666,0,0.006961330273335219,0.31847435550839126
20000,0.0,46,0.007017905814603869,0,-0.00360545782796375,0.47519769260707323,0,-0.00017276725881663294,0.9818270270678245,0,-0.0040200894692069365,0.5701443143234279
20000,0.0,47,0.006103315980694446,0,0.008411897203965684,0.09329040079606063,0,0.000521948118491135,0.8707689490998178,0,-8.783942761651743e-05,0.9900736907027605
20000,0.0,48,0.005523172819613113,0,-0.006030726406858568,0.22011707099025304,0,-0.0006114503919564859,0.15451070295452007,0,-0.012852905445089609,0.06541392315618319
20000,0.0,49,0.005211082789597249,0,0.00038592283240554697,0.9388776333142383,0,0.00015389754506662783,0.125847820383985,0,-0.0032039835076359186,0.651062531724423
20000,0.0,50,0.007532596270305068,0,-0.003040152792449063,0.5463040163856436,0,-0.0003563254302353789,0.36102194628540807,0,-0.00764278211843306,0.2736909359679352
20000,0.0,51,0.004811629485581851,0,0.0007039369943772845,0.8858244753452456,0,-0.00020720641575566992,0.2897244590470691,0,0.0005496660714938281,0.93677991754589
20000,0.0,52,0.004277488950824479,0,-0.004319971491206416,0.38621361260647735,0,-0.0007325811520539251,0.2638082438059244,0,-0.0072655669736154446,0.30271921814129943
20000,0.0,53,0.005705379935958749,0,0.0030826096463915167,0.5317229490859827,0,0.00026017371562877113,0.869661635562404,1,0.01627892660085106,0.019688485625060228
20000,0.0,54,0.005434672100124348,0,-0.002371638177756876,0.6313418942073847,0,-4.335369884914232e-05,0.3941782464521719,0,0.0034898032558114142,0.6186350909544347
20000,0.0,55,0.004691339685325282,0,-0.008098122508654153,0.10720163770634371,0,-0.0008372153236453153,0.8551186411234395,0,-0.005152858003473976,0.4637863679898686
20000,0.0,56,0.003986540709714916,0,0.004771438904764124,0.3383460020929785,0,0.0003329014836680803,0.6337321471141824,0,0.004004946518470245,0.5699825914192003
20000,0.0,57,0.005357959790324809,0,-0.0006421042174109093,0.8977133703952676,0,4.084466288041544e-05,0.5938167631961899,0,0.0020133386678166665,0.7746528777760834
20000,0.0,58,0.007401753693511629,0,-0.0004447188405150562,0.9288364508003861,0,7.237582085567602e-05,0.5508918998872865,0,7.834397971479175e-05,0.9911607432139612
20000,0.0,59,0.0052001889378054875,0,-0.006139673729701687,0.21204011095508013,0,-0.0005463679008736232,0.9606044615237548,0,-0.010075021162174885,0.14832474587736086
20000,0.0,60,0.007101792296376498,0,-0.0033527568789904027,0.50420634841107,0,0.00030135448153281995,0.9773365869974818,0,-0.005546574782314327,0.4342044582854304
20000,0.0,61,0.006651948530311928,0,0.008924963350604588,0.07435149263928531,0,0.0010413799635828006,0.6122973835483875,0,0.0015450086942317238,0.8284624085978116
20000,0.0,62,0.0036084756268535997,0,-0.004010474687356764,0.4192600607770979,0,6.539786566331066e-05,0.7720282401368536,0,-0.008784914474236488,0.21280409835582062
20000,0.0,63,0.006421658199705234,0,0.002272958814455208,0.6498910716011068,0,0.0005025851667586061,0.24794280253886947,0,-0.0011255144022824216,0.8742007558499658
20000,0.0,64,0.006223008665630002,0,-0.0011130383174742199,0.823175486982842,0,-0.0005822648754858747,0.2307068417020025,0,-0.007767918234447612,0.27154851911564076
20000,0.0,65,0.004107848293142533,0,0.0005908634383742929,0.9061492140930668,0,8.490678162114765e-05,0.5939340693513848,0,-0.0013932177428729493,0.8444601629594363
20000,0.0,66,0.005246633900773652,0,0.006748924084974572,0.18036424430606102,0,0.0007429355045295049,0.5650107747360706,0,0.0009409460972087597,0.8943742908146491
20000,0.0,67,0.005594763532618188,0,0.0012034200961756145,0.8094737401554521,0,0.000484363419811399,0.5516202343610349,0,-0.010911223927754688,0.11858050564294466
20000,0.0,68,0.004612157332579635,1,0.010689613842391655,0.030746676799511555,0,0.0008552009044397575,0.30683868896472155,0,0.011808835073410386,0.09294466340283732
20000,0.0,69,0.006103558806779176,0,0.006542847395640608,0.18734959352054892,0,0.0006323512947226691,0.7601357997937269,0,0.003424818216824762,0.6247135421513792
20000,0.0,70,0.00509687964799295,0,0.007090465750984886,0.15242242786528395,0,0.00039451900150625163,0.17174430171200583,0,0.010360600275491003,0.14461532821705425
20000,0.0,71,0.006554163638622153,1,0.015322002209107568,0.0022907492230767566,0,0.001186910745942459,0.1391484784271504,1,0.01455959137139488,0.03992248846578136
20000,0.0,72,0.005691141760033568,0,-0.0025783582747786883,0.6082124947950694,0,-0.00011483796686475196,0.8283763370956753,0,-0.006165930258334157,0.3883551407896533
20000,0.0,73,0.005605577933664559,0,0.007666630453927462,0.12311550519281915,0,0.0006182646231499945,0.13987463667850875,0,0.009128943928074978,0.19295723399077128
20000,0.0,74,0.003945716151912672,0,-0.005301579502011437,0.2839656773561106,0,-0.0004542834606432488,0.3219821384517121,0,-0.009162095099663436,0.19160469181258788
20000,0.0,75,0.005678580629582505,0,0.0033539701231448922,0.499900533663711,0,0.0004861451399878173,0.14481096256567927,0,0.005476512890978322,0.43778422084696644
20000,0.0,76,0.004084561223850939,0,0.000942897499005526,0.8510082506555385,0,-0.0002820912169579883,0.56853992862684,0,-0.001729724863903089,0.8088787709322403
20000,0.0,77,0.006307990025898926,0,0.0026018410671009686,0.6054369883081161,0,0.00044504901609523765,0.6290530548972763,0,0.00451721220836502,0.524359142739352
20000,0.0,78,0.005913104818711937,0,-0.006831065091694953,0.17428774701671318,0,-1.1918246043182981e-05,0.7146619750755685,0,-0.004120438839775114,0.5543563336382178
20000,0.0,79,0.005505589758474078,0,-0.00472617709976984,0.3409058945423783,1,-0.00039903272914801574,0.03209589593887985,0,-0.0060986532342702715,0.3874169796102853
20000,0.0,80,0.005617487582638847,0,-0.0005786587745618091,0.9082290964189681,0,-0.00017074130378638642,0.33511963574131653,0,-0.006028230659983662,0.39402598307454717
20000,0.0,81,0.0069552567310345505,0,0.0002814506767307235,0.9550821455141825,0,0.0001015162382176581,0.12218524098122163,0,0.008293998482187714,0.24343712738663456
20000,0.0,82,0.006338005167264511,0,-0.006394904728669844,0.19891975088688146,0,-0.0006282032649645542,0.4669271566403933,0,-0.0058694439961174145,0.4037503859091176
20000,0.0,83,0.006253237195737437,0,0.005035144968128195,0.30913917574657146,1,0.0005487103222719482,0.02847238328206536,1,0.016399625694325144,0.019228991905223234
20000,0.0,84,0.006878061711789499,0,-0.0035609979846831074,0.47635159189005627,0,-0.00041338201935702337,0.6734709526321845,0,-0.008965828554003756,0.2031727710299545
20000,0.0,85,0.006223891426713781,0,-0.001704233691629455,0.7309803943618445,0,-0.0002173130651369624,0.19322002598160315,0,-0.007515785855371854,0.28741728955965173
20000,0.0,86,0.007193103447187252,0,-0.0015592867644346692,0.755454972549562,0,-0.00019631004371681727,0.9146593114214523,0,0.0003029073466506142,0.9658962984269257
20000,0.0,87,0.007873795245448343,0,-0.0023274523040834123,0.6397196652149238,0,-0.000270319056405492,0.15903899434803148,0,-0.007516195864850066,0.28076215043751257
20000,0.0,88,0.0068818282771245555,0,-0.005974511123236549,0.22903100962046216,0,-0.0006060998091201386,0.8719957601870183,0,-0.010505583906393803,0.13611729099953312
20000,0.0,89,0.006778664366582739,1,0.009768180845266091,0.04984113605437474,0,0.0003484287936295315,0.05138434634311295,1,0.017743941386376208,0.011114292459542497
20000,0.0,90,0.006129249089417304,0,0.003320186648007382,0.5037300300574791,0,0.00024209692644258153,0.3809151127035102,0,0.0027967239428906875,0.6864153590592819
20000,0.0,91,0.004559865832871717,0,0.0040573823831720835,0.4184578013537176,0,0.0001246336188976599,0.19175971501435274,0,0.006490934957981926,0.35441564371640666
20000,0.0,92,0.005148840750894731,0,-0.002562933323433652,0.6020422410251998,0,-6.674167457037638e-05,0.5774216350529967,0,-0.00773798190264712,0.2704989241871358
20000,0.0,93,0.006706764314140417,0,0.0051804316406302365,0.29297153422802624,0,0.0004807852589252044,0.912570895769772,0,-4.242665281684391e-05,0.9951625787719276
20000,0.0,94,0.00405515945371941,0,-0.005699582931169206,0.25264763512612676,0,-0.0005556511102822263,0.43934278757290135,0,-0.0009275591230982864,0.8946319503703368
20000,0.0,95,0.004635902846646087,0,0.0035377039507795013,0.47900153181858507,0,0.0001928899059603578,0.9912426244927189,0,-0.0005064378503330115,0.9427205901896709
20000,0.0,96,0.005624416958436047,0,-0.0036730479531334416,0.46249807703367773,0,-0.0008905527944004347,0.9583033696412451,0,-0.010301556696992413,0.1456038476087478
20000,0.0,97,0.007699360403247056,0,0.003884484682806278,0.43550600337603207,0,0.0003090258749536983,0.09527127466417074,0,0.005218570284542018,0.45547910280172865
20000,0.0,98,0.007330728408053825,0,-0.00042939393879210886,0.9314533400988024,0,0.0007424036479925086,0.1033588490038766,0,-0.0014634852917303136,0.8349592829084197
20000,0.0,99,0.005912271278576222,0,0.0037493189285606977,0.4537929574717715,0,-2.346586604463577e-05,0.8651433452989072,0,0.002616476939417932,0.7108968347711941
20000,0.0,100,0.007576261896482173,0,-0.006864521866593671,0.16738470955803883,1,-0.0006033230905656238,0.005838710940594627,0,0.004373078464454432,0.5363332171095698
20000,0.0,101,0.005031217852859913,0,0.0009374710708525472,0.8507111521280476,0,9.726711111214538e-05,0.33513874438416347,0,-0.00443084784741855,0.5295214075435455
20000,0.0,102,0.006425098424041615,0,-0.0039636893006792275,0.4218335016790882,0,-0.00028426029417973444,0.38324821526889963,0,0.005756665820294972,0.41534461642841203
20000,0.0,103,0.006506627498542567,0,-0.0012674932984631099,0.7988535167330749,0,7.55644130263895e-05,0.7519069462546346,0,0.0063827660206510345,0.36575018660223646
20000,0.0,104,0.005982423221805007,0,-1.3198987235877105e-05,0.997888304498352,0,-0.0002741777447333999,0.9321671736844633,0,0.0017386952435079995,0.8052276692159324
20000,0.0,105,0.004502787035089388,0,-0.00616258891477847,0.21851626251084447,0,-0.0004733366998728873,0.22096167866979322,0,-0.005123026946161124,0.46906390938213305
20000,0.0,106,0.004027425748623476,0,0.004298579890309684,0.3881067310104167,0,0.00022867004089577862,0.5216947738144858,0,0.007824081257084644,0.2676499624317657
20000,0.0,107,0.008143111234326528,0,-0.0032554230557127178,0.5093108327039066,0,-0.00018925298948062,0.3322758400225685,0,-0.0043994335544355195,0.5258143972541748
20000,0.0,108,0.00661187727928575,0,-0.0013806121790773582,0.7850078736760573,0,-3.201483375609525e-06,0.5015253623118798,0,0.005510482422399238,0.43341015985547926
20000,0.0,109,0.004906021560244763,0,-0.003509177839110276,0.48416354083448654,0,-0.00027259980221702057,0.5658765729356842,0,-0.005379154081068036,0.4493930092748152
20000,0.0,110,0.0059057394880221836,0,0.001733391637346712,0.7311605902847034,0,0.0002504074621788551,0.4975825348027745,0,-0.004412973225399096,0.5375645865522787
20000,0.0,111,0.004361690744580558,0,-0.003857495661939043,0.4393725689188429,0,-0.0005995215024194752,0.13403002658101604,0,0.0014651837685830003,0.8353280743722151
20000,0.0,112,0.0070773368816766415,0,0.004221323804623676,0.40105526889672194,0,0.0005720473973522456,0.176401335636447,0,0.009503209762892517,0.17598995596797803
20000,0.0,113,0.006311633950301341,0,-0.0002938733012225272,0.9528644241022721,0,-0.0003012306645811237,0.4547905882963771,0,-0.006445544278587589,0.3559004370005211
20000,0.0,114,0.00545544952719656,0,0.004873005360125616,0.3232960440338566,0,9.32770301551719e-05,0.5647941673858622,0,0.007306970425252919,0.2946875384603231
20000,0.0,115,0.0070601588744632765,0,-0.006086190296397049,0.22418343006175442,0,-0.0005428658527726063,0.17543911886646146,0,-0.001412273230322461,0.8413536315148845
20000,0.0,116,0.006663075662949409,0,-0.0007152187456663343,0.8838446961350248,0,-3.5099430899742385e-05,0.17774657289761286,0,0.0013488480728630144,0.846293992225897
20000,0.0,117,0.006137321471173559,0,-0.0009385311705136968,0.8517825540028013,0,-0.0002882109999768532,0.5593555912885406,0,0.002631656946552137,0.710802692038123
20000,0.0,118,0.005058005391477982,0,-0.0014279744716189503,0.7762013075880604,0,0.00026234459170289655,0.3042862503834025,0,0.002494467128357855,0.7253494283301092
20000,0.0,119,0.007228945916028528,0,0.0003059113965168344,0.950243026793399,1,9.03138411973411e-06,0.04775532908123947,0,0.0006579625325646593,0.9253873279536944
20000,0.0,120,0.007759613423968359,0,-0.0052273776016372635,0.29826761838733784,0,-0.0001750831899181454,0.059895250673829725,0,-0.002365866693845403,0.7370885833691916
20000,0.0,121,0.006512561146301028,0,0.0025036259063003657,0.6187749339984818,0,-5.685927927188041e-05,0.7910350448625267,0,0.0008304162661210733,0.9076301902435614
20000,0.0,122,0.0047684443088054735,0,-0.008780832994144436,0.07753345340925986,0,-0.0007106104724157677,0.9320226033517918,0,-0.005980664897193635,0.39370772811432564
20000,0.0,123,0.004076586701448544,0,0.004599823030044928,0.3473050690633208,0,0.0008671432973596508,0.5921265824898112,0,0.007424749704211531,0.2850142191633173
20000,0.0,124,0.005315893181535352,0,-0.008344886589682906,0.09440625935296405,0,-0.0010912094569428615,0.4481184395465323,0,-0.008037592240665796,0.2502715149555143
20000,0.0,125,0.004767733825225182,0,-0.003842300770602693,0.4450185030525038,0,-0.0001395503129846868,0.8988758979670165,0,-0.00024441335188275727,0.9725187285769292
20000,0.0,126,0.004658743030519789,0,-0.004297488326380552,0.38797158673053866,0,-9.854133884691117e-05,0.7305569281900215,0,-0.009957092858845782,0.15602408380862234
20000,0.0,127,0.0057041384280243366,0,-0.0018481542821721449,0.7074303699080755,1,5.8198520976621165e-05,0.04148208915593243,0,-0.005697525005194902,0.41310734336062993
20000,0.0,128,0.00783497113225608,0,0.0025513212489043082,0.6070994399739224,0,1.789877424936119e-05,0.2524297582095669,0,0.00013454322493208206,0.984707135256393
20000,0.0,129,0.007516812221027379,0,0.0007156231746788403,0.8856876925689521,0,-3.0159504559627203e-05,0.17861578735545824,0,0.002766107175524858,0.6911651545183218
20000,0.0,130,0.006137353545438364,0,0.007452245941995618,0.13246036930342053,0,0.0007162926051962604,0.3902458854593215,0,0.005812277430728043,0.40464763301021234
20000,0.0,131,0.00465454603133177,1,-0.011607362824595426,0.019575794122148743,0,-0.0011615155627936003,0.14021957848998012,0,-0.0036578830364673164,0.5991034976157106
20000,0.0,132,0.0062308509069527425,0,-0.009087794001699512,0.06634184187489912,0,-0.00119270055431569,0.18814757520305925,0,-0.008933770093008333,0.2051303832867475
20000,0.0,133,0.006973319311147028,0,-0.004303034814995006,0.38409366395094535,0,0.00018822113108610966,0.7551331677664311,0,-0.002755767055888792,0.6952142117007383
20000,0.0,134,0.006321541683825319,0,-0.006589714883410645,0.18199182444425827,0,-0.00023440048752114325,0.6268006624403617,0,-0.004550734374529625,0.5134922701260758
20000,0.0,135,0.003488274459022347,0,0.00395073246824172,0.4269329571775642,1,0.00042077493772685207,0.03695636263290625,0,0.0004015740234461088,0.9546268792808155
20000,0.0,136,0.008174569603840947,0,0.0027222605923995645,0.5855573018122784,0,-0.00023097420850075177,0.5300686880133754,0,0.007144641300753992,0.30429904279797687
20000,0.0,137,0.004888016669952223,0,0.001010704428094847,0.8377571246430656,0,0.00012750531935558308,0.3478655732735898,0,-0.0027640375139857025,0.6922605729771717
20000,0.0,138,0.005745131898454691,0,-0.003060814678405831,0.5387336635360485,0,-9.803130204549679e-05,0.62955071242107,0,-0.001648545714185887,0.8166655868043612
20000,0.0,139,0.005691479308372813,0,-0.002371038913733141,0.6342231259169471,0,-0.000284054875701226,0.3054588462772203,0,0.0007341929531761557,0.9171414307623604
20000,0.0,140,0.005846376722892948,0,-0.003137710815781042,0.5342228118498684,0,-0.00042628832491267303,0.21464556039306482,0,0.0005434847085780568,0.9387409909734523
20000,0.0,141,0.005445081919576902,0,0.005666332944862572,0.25460391482570877,0,0.0003153353022292043,0.531883130168606,0,0.005156053520325551,0.4631098951856225
20000,0.0,142,0.004988164545227517,0,-0.001845438976207811,0.7078678238696168,0,-5.8012397168789745e-05,0.9687484563960448,0,-0.006153878513523928,0.37961160296831853
20000,0.0,143,0.004130354672362063,0,-0.0005592348447217912,0.9101502683248974,0,0.0004978824119070769,0.35313699360159423,0,-0.005216221748578751,0.4583922229457269
20000,0.0,144,0.004875257738226693,0,0.0018069420264537049,0.7159012097876254,1,0.0003044792801838929,0.0397187113522951,0,0.002301565593300221,0.741665002621243
20000,0.0,145,0.005948483338461935,0,0.001314969881827276,0.7892482809950205,0,7.807979980624506e-05,0.7306389456741421,0,0.010299228779577703,0.14156252151698
20000,0.0,146,0.006012213327441265,0,0.0014044585870357066,0.777302732152237,0,-0.0003702190451824903,0.8828033197756346,0,0.005917783666893864,0.39969601949533096
20000,0.0,147,0.004909948846199061,0,-0.002121797433078055,0.6693910517816067,1,7.116416726862809e-05,0.0005857442619091602,0,-0.0007622172755301574,0.9136427942682397
20000,0.0,148,0.005327493664594639,0,-0.006852709456527191,0.16644350902424263,0,-0.00027718912049150144,0.48482161353339837,0,-0.007914395019914753,0.26006604603237954
20000,0.0,149,0.005529986761254312,0,5.8569832883166584e-05,0.9906710558378833,0,0.0004797082450231873,0.6708987167868266,0,-0.0007176543248597946,0.9184467947872765
20000,0.0,150,0.003940356717596674,0,0.0014441574771335078,0.7672608147517544,0,0.0001893000662866722,0.4579815891401915,0,0.0067478337918925315,0.336594668553322
20000,0.0,151,0.008502677208090488,0,0.0032993425756636173,0.5012366578053459,0,6.547760756977811e-05,0.5946133066437562,0,-0.0013017054779938088,0.8523599848327873
20000,0.0,152,0.004488058179869099,0,-0.0008045765393813117,0.8718983063875763,0,-6.0212529816814965e-05,0.11270517673191871,0,0.0011292688137008913,0.871525096922491
20000,0.0,153,0.005625866348488953,1,0.009874156342150494,0.0458516275627057,0,0.0006371109053176985,0.19578906876776692,0,0.008859501682695179,0.21174873708109296
20000,0.0,154,0.004073802234764905,0,-0.009137343125141075,0.06496612373155101,0,-0.0007357711689797852,0.13583813148343182,0,-0.007452009191743861,0.28766764693896496
20000,0.0,155,0.006704754533787656,0,0.0016365797093846886,0.7436518999443952,0,-4.3985578643194646e-05,0.8491340836470005,0,0.008329302953841659,0.23411799192249025
20000,0.0,156,0.005510469732737095,0,-0.001129439360316264,0.8208349302099449,0,8.120624504455368e-05,0.5092949910046753,0,-0.005568497935726882,0.43176584916453564
20000,0.0,157,0.005045622401530479,0,-0.00045824878940259073,0.9264801052046279,0,5.454598041853128e-05,0.6733141004636692,0,0.0012881738340604207,0.8550693099284332
20000,0.0,158,0.00468576069755951,0,0.00094931097473423,0.8467026796348064,0,9.157544184036414e-05,0.9151587873584952,0,0.008689610847669574,0.21319976360816267
20000,0.0,159,0.005783625078187801,0,0.004620102797759671,0.34664123270288494,0,0.00034890323064292426,0.8463166132684743,0,0.005086435778153457,0.4655513481325757
20000,0.0,160,0.005036026985611853,0,-0.004413790017717382,0.37684456439680425,0,-0.00030044375084989984,0.22259342250702163,0,-0.0031156074360425283,0.6623178498352146
20000,0.0,161,0.007088725320638985,0,0.0030620937714127936,0.5345152810381657,0,0.00023210511232187045,0.36025704817609805,1,0.014165759101130772,0.04360360780324005
20000,0.0,162,0.0073869339828046485,0,-0.0021677751672526855,0.6657603177772018,0,-0.0002690263876126981,0.3179601711718163,0,-0.001445898528646958,0.837786806176989
20000,0.0,163,0.004781470813903877,1,0.010140427940066567,0.039743436102961244,0,0.0006855687280440078,0.8017755680247253,1,0.017769107867809324,0.011152530311722602
20000,0.0,164,0.007605247506332133,0,-0.004011775168581132,0.4255141701245473,0,-0.000245367240384398,0.8179804607811644,0,-0.0016567940545575153,0.8125224420641156
20000,0.0,165,0.006217040038700944,0,-0.0005675096546498718,0.9108327310379836,0,0.00018480308629704846,0.5660111837500921,0,-0.005627152786956351,0.42598473770850487
20000,0.0,166,0.003955234929378642,0,-0.0022902368222704724,0.6416376861629887,0,-0.000227975658794512,0.8100258130838689,0,-0.0023439280977739594,0.7390204878915605
20000,0.0,167,0.006606606679195942,0,-0.003599775103173876,0.4739923126727512,0,-0.00015180183997692682,0.5565624417025742,0,-0.006098901356164824,0.3835907373477472
20000,0.0,168,0.006214214329017452,0,-0.0032335702580176427,0.5077114505775222,0,-1.1387320158950786e-05,0.42267783019559513,0,-0.01151985895531224,0.09864874637315527
20000,0.0,169,0.004229427490605539,0,0.006156618803402127,0.21888115157076657,0,3.9252120282348375e-06,0.16777511108170962,0,0.007964935322701715,0.25822454632528297
20000,0.0,170,0.005285589375398031,0,0.006404113742665509,0.199481892664965,0,0.00032448149921896375,0.6999022726251498,0,0.006001404690984156,0.392722998065521
20000,0.0,171,0.0045597288891229,0,0.005908157710432915,0.2263197131360802,0,0.0006913428467173081,0.7380584048371693,0,0.005938979395672714,0.39435417151939334
20000,0.0,172,0.005055011006996364,0,-0.003102766699085162,0.534825991832858,0,-0.00013576512236463135,0.06257192661784028,0,0.00012118133490022056,0.9861639213358906
20000,0.0,173,0.005092983007843444,0,-0.000350081782268979,0.9435683460935573,0,0.00023142106067963744,0.059812728075511745,0,-0.0022248370866838033,0.7511506710373697
20000,0.0,174,0.0058022471852810335,0,-4.9019751465103224e-05,0.9921737807738642,0,5.191097286763864e-05,0.906256818078863,0,-0.0002336241901696914,0.9734645518358437
20000,0.0,175,0.0037573506438448004,0,-0.004108758108512365,0.417122289698445,1,-0.0001071867343954471,0.025791749717052892,0,-0.00024634880845820356,0.972413236029299
20000,0.0,176,0.003236333211216249,0,-0.0040392874880346066,0.41509776209308813,0,-5.4926427238042915e-06,0.08900578569248252,0,0.003238589878431419,0.6449395646007041
20000,0.0,177,0.006065515372273705,0,0.005568639247695154,0.2732837876674642,0,0.0005338924090936781,0.8622594932792347,0,0.008769849196540112,0.22138598248584174
20000,0.0,178,0.0048938319034251155,0,0.006140264317493184,0.21132113127561694,0,0.0004427520302450989,0.13480269914587284,0,0.005045151935809844,0.4673987639483055
20000,0.0,179,0.007553856737224337,0,0.003923086082378181,0.43366464243616776,0,0.000272959421029567,0.6479951366693919,0,0.0014663945993288758,0.8332104340604957
20000,0.0,180,0.006018081905111344,0,0.0028589641959525735,0.5660479162309204,0,7.212142289769939e-05,0.09537882748185389,0,0.0006509363479528919,0.9264041386517111
20000,0.0,181,0.004780284471104154,0,-0.007605939143500264,0.12832756270990056,0,-0.0008935573958880265,0.14185219406003413,0,0.00022509359041743824,0.9746527150710478
20000,0.0,182,0.004482857022365779,0,0.0014146990859219884,0.7764934421318683,0,0.0002583463461926663,0.46317877836932064,0,-0.004500778271518164,0.5196828457157777
20000,0.0,183,0.006120423154251404,0,0.007661951826021963,0.1238287879477237,0,0.0007639892482623055,0.8095264702732977,0,0.0018590498649522472,0.7915374917091449
20000,0.0,184,0.004953156876670427,0,-0.007876709231661295,0.1106934835091767,0,-0.0006926841972410399,0.7384525131230609,0,-0.00807208131312848,0.24784105945896617
20000,0.0,185,0.006112898160314447,0,0.0011051298327578373,0.8255932303824062,0,0.00019130562636917692,0.24396528865339562,0,0.00903443584618058,0.2002143363947969
20000,0.0,186,0.003681721821037883,0,0.0053393562432578505,0.2781528211558163,0,0.00046355364788539053,0.5602938700749636,0,0.006473127687346819,0.356393052230655
20000,0.0,187,0.005964437675260431,0,0.0005925703577617044,0.903956999922678,0,-0.00019272897478680735,0.9393242383202881,0,0.000614877925566539,0.9300945722445919
20000,0.0,188,0.005382555252996427,0,0.001110827439558737,0.8246256308151153,0,4.634912046740499e-05,0.9612639603987984,0,0.0013535162210025794,0.849394918067089
20000,0.0,189,0.006128534576161655,0,-0.0059537412530242155,0.22953917793068804,0,-0.0004844681887452071,0.3579642435042302,0,-0.011676950706157655,0.09763962697383845
20000,0.0,190,0.004827900520612573,0,0.003629081743258056,0.4692761981387693,0,-0.00012036854273544526,0.49428355523467216,0,0.007185468426335252,0.30881898713017225
20000,0.0,191,0.006458835862515872,0,-0.005570729797741824,0.2581026477063905,0,-0.000534570074754258,0.6210674859374694,0,-0.008267744821174032,0.2376634381362782
20000,0.0,192,0.006808333622851121,0,-0.002174626088361769,0.662144902472793,0,-0.00015764057038912085,0.1819514094762107,0,-0.005238818242629948,0.4590252238782053
20000,0.0,193,0.005890933368655308,0,0.0010144670443027978,0.8385266142532839,0,-0.00024777858244475,0.5874326538274,0,-0.0036050160062536026,0.6086644951920437
20000,0.0,194,0.005046891293508091,0,0.000284664217139991,0.9547719378523196,0,-0.00010608353379116494,0.9952029772991138,0,0.006477802684458402,0.3614615781181503
20000,0.0,195,0.006033975081212736,0,0.0004860336336041731,0.9226718578432807,0,-0.00023285217607197005,0.7100663086190224,0,-0.004163390958174192,0.5548323363929593
20000,0.0,196,0.004209822381819909,0,-0.001763023080396638,0.7260785562554253,0,-0.00027054225672609424,0.7804665732146983,0,0.005969839031008989,0.4053007960279372
20000,0.0,197,0.005045326557196123,0,-0.005987246503493955,0.22416872091856538,0,-8.901238620277655e-05,0.5536979157768379,0,-0.001351745893861952,0.846438006554319
20000,0.0,198,0.006127648528577596,0,0.0027216120634885404,0.5846963119026228,0,-4.458170228314305e-05,0.7758117047715358,0,0.009485442837685983,0.1830324619219833
20000,0.0,199,0.005107284170223614,0,0.0005605719697911161,0.9107268132722862,0,8.407537690108089e-05,0.8590839281873417,0,-0.0033202352452380776,0.6390787387304399
20000,0.03,0,0.006367233866750243,0,-0.002617390264798246,0.6004594704389286,0,-0.0007047432032956431,0.09943311806434318,0,0.003785005049408454,0.5950723596998824
20000,0.03,1,0.008152979952812545,0,0.003007840553975157,0.5427143775979297,0,-2.52110236150048e-05,0.7319849041468556,0,-0.0002498428309377868,0.9715886827895968
20000,0.03,2,0.008133328506812577,0,-0.0053023668571740845,0.2842646545142128,0,-0.0004338886117102566,0.137621671468116,0,-0.007873759901003238,0.2626311343905213
20000,0.03,3,0.006580722023708326,0,0.007009476455208623,0.15499249572100493,0,0.00026576938125469,0.9461577219194734,0,0.011865859837246381,0.08660119685658817
20000,0.03,4,0.005264315200501069,0,0.0011498720089391395,0.8181689908250808,0,0.00013627382326814215,0.8721943473326292,0,0.009548935663165704,0.18201610725982093
20000,0.03,5,0.004741147531708147,0,0.0013496221355638303,0.7879677810389654,0,0.00043982461186529276,0.6683961680021837,0,0.0010274072717037551,0.8839917072908278
20000,0.03,6,0.004662849317614463,0,0.0021283856732439255,0.669840109620407,0,0.00018434376217841338,0.42055486732093084,0,-0.0030846900277168338,0.6620003521883518
20000,0.03,7,0.004735098705890511,0,0.006438854702535644,0.20066496924053767,1,0.0005762732370680309,0.04135367991154115,0,0.005997627051573544,0.3977352789751386
20000,0.03,8,0.006475323180658324,0,-0.004983306060957352,0.3208319463180214,0,-0.0006900610451409144,0.6211927034998004,0,0.005089345413062054,0.4746093982245987
20000,0.03,9,0.0040332667907735905,0,-0.0026610700218956313,0.6001711476890356,0,-0.00033195329410498967,0.7380111667989906,0,0.00310551618852193,0.6646420850900949
20000,0.03,10,0.006888276085029905,0,0.0004224647633162392,0.9326165057214063,0,9.25345601675965e-05,0.2295560233256445,0,0.002006538993917939,0.7763901411114993
20000,0.03,11,0.005790486609147449,0,-0.0005132943505293292,0.9176970167709793,0,0.00012036048525952739,0.5504823478889727,0,0.001885858898359552,0.7877879872284579
20000,0.03,12,0.006706196685692209,0,4.604110383415848e-05,0.9925947819438865,0,0.00012857049940004077,0.45386176004881795,0,-0.008317462993930417,0.23749171632015123
20000,0.03,13,0.004933055792694685,0,-0.001449383951158058,0.7717558302608205,0,-4.8291178955575716e-05,0.47563004653585483,0,-0.001989801705100666,0.7783326223556105
20000,0.03,14,0.005466457620093013,0,0.008658492223413887,0.08053155129966319,0,0.0008615720721210743,0.34196332309521793,0,0.007600347178405757,0.28200593527857987
20000,0.03,15,0.006921069160188698,0,-0.0005361459312808912,0.9135328274940939,0,0.00022758481904860354,0.20361782186621702,0,-0.0015905202981113986,0.8201827254522825
20000,0.03,16,0.007116313954815802,0,-0.0008807730814487226,0.8614497141931035,0,-6.80836843419898e-05,0.5393439559508248,0,-0.005775120344923296,0.41592202252663
20000,0.03,17,0.006167911225294979,1,0.013141743136324505,0.00825924830322957,0,0.0011542963961275626,0.4584277731383243,0,0.0066822904833491,0.3438605234063089
20000,0.03,18,0.004617789071044349,0,-0.003420331933831511,0.4881145529601749,0,-0.0001862556266173083,0.8377758322681172,0,-0.01222404646817538,0.07931112293554331
20000,0.03,19,0.004948766801486997,0,-0.0003606750078412515,0.9420914151845117,0,-7.873597398513969e-05,0.0970301713696412,0,-0.00017401402530565596,0.9801600011068163
20000,0.03,20,0.004667447397483438,1,-0.011262447777924359,0.024607242912600764,0,-0.0006816692797100977,0.3354903011886581,1,-0.02063569206670554,0.0037062047453101706
20000,0.03,21,0.0050649721521318835,0,-0.0028464363664872927,0.5737172424642162,0,0.0004854152021275228,0.48600638757923553,0,-0.003265903831186025,0.6401932583267187
20000,0.03,22,0.005414919983675447,0,-0.0021958729547706594,0.661175371293075,0,-0.0006652366694833979,0.1694371633679147,0,0.009449934450945538,0.18003466710573618
20000,0.03,23,0.007377493057965447,0,-0.003180599858443851,0.5226647159806196,0,0.00010348011650672699,0.920687832997788,0,-0.005927673904898961,0.40242622125276006
20000,0.03,24,0.006060099678550717,0,-0.007396927929556504,0.13971423837122177,0,-0.0006215141747536842,0.466149316867128,0,-0.006638433693338119,0.34741324714935373
20000,0.03,25,0.006034503098888534,0,0.005415364568261376,0.276646612376205,0,0.0003460321143145574,0.0903975120287902,0,0.004887502369313533,0.48814470335812765
20000,0.03,26,0.004117308945282448,0,0.00364033723042482,0.45692076288744543,0,2.9633964054821893e-05,0.9786692144518492,0,0.001246614209976344,0.857470336467746
20000,0.03,27,0.006449278852522017,0,-0.006725297251986724,0.17277510540023425,0,-0.0003159848323287262,0.19671371680453542,0,-0.00358433824083887,0.6092264119176999
20000,0.03,28,0.005730040338383313,0,0.0047773503846836075,0.33682393404841426,0,0.00030036149592645015,0.43597672455779224,0,0.002991914625238157,0.6727044837661593
20000,0.03,29,0.006192867526866405,0,0.0011999123643636556,0.811124598841898,0,0.00017040889539944815,0.8958749161305346,0,-0.00040696188855772074,0.9539973678732887
20000,0.03,30,0.0043521702105198574,0,0.000641195983932675,0.8989128309580308,0,3.809323625093655e-05,0.15942577705975236,0,0.005896580442119563,0.40686704195421686
20000,0.03,31,0.006345996425572696,0,-0.0026747377893008837,0.5910564981842288,0,-0.0002938267594725839,0.6977330901279837,0,-0.004968085650750711,0.4747961693667183
20000,0.03,32,0.005018234952560588,0,-0.0035853591566530705,0.47305645904454685,0,-0.00046337370621365727,0.3359163149401083,0,-0.011934660946458352,0.0903751595545761
20000,0.03,33,0.004020876126829423,0,-0.004680908822642384,0.350355208684188,0,-0.00018791363471366764,0.6444448930934583,0,-0.004345680261330794,0.5382730263130789
20000,0.03,34,0.0058191075973730135,0,0.001536485446100418,0.758462523590741,0,0.0007291523050623307,0.5096117560301351,0,0.003584377048749519,0.6089684703122507
20000,0.03,35,0.0066357718333587765,0,1.248121235879467e-05,0.998029983267009,0,0.00016584542110642091,0.07921090870408931,0,0.0058981498732944195,0.4018326287874514
20000,0.03,36,0.006256176864866822,0,-0.0048643823171316,0.32969212187671804,0,-0.0007597013544976903,0.3644291480726962,0,-0.004399001524781913,0.5334125074042779
20000,0.03,37,0.006256066160087229,0,0.0025726045126222403,0.6105366948637851,0,0.0003461178412539261,0.8835355376327725,0,-0.0051804257865548705,0.4655143405983858
20000,0.03,38,0.004991887466244926,0,0.0059847003783572465,0.22881859348481776,0,0.0003274962462311781,0.5207530506873799,0,0.011846819718104615,0.089164289627492
20000,0.03,39,0.005835730386705151,0,-0.0016474656004504817,0.741194090233519,0,-0.00012410798892182188,0.8819874024584512,0,0.003622628190744041,0.6068622554147396
20000,0.03,40,0.00365099650158645,0,-0.0010988589541535234,0.8272623013637947,0,-0.00029733016603377695,0.08175135613245332,0,-0.002702911137276803,0.7040149057959673
20000,0.03,41,0.00663774820362011,0,0.0013886387208611696,0.7793679590816373,0,4.12972812548303e-06,0.7080213837356291,0,-0.0030860481574968342,0.6578459150143553
20000,0.03,42,0.003831488142772475,0,-0.005013850814495841,0.31877811528361105,0,-0.0004626386341371236,0.8213857122557767,0,-0.008465677802086784,0.23220295055535034
20000,0.03,43,0.004755107080425089,1,-0.011703501536668538,0.019224210533363466,0,-0.0010268808161161913,0.27506740263353624,0,-0.003202344671893592,0.6492014597342981
20000,0.03,44,0.004773369150685858,0,-0.0032253213844677334,0.5035299659529175,0,0.00021938024664514198,0.9449308862820064,0,-0.003996747251908753,0.5693345013835515
20000,0.03,45,0.004026606266812521,0,-0.004345209161151594,0.38501271821152094,0,-0.0003557008315269284,0.44518613962292686,0,-0.0025748324939228536,0.7123661694895916
20000,0.03,46,0.0055213026062351815,0,0.001523390809056426,0.7605515327982442,0,0.00038024214733070426,0.5467102073162433,0,0.001319421497125536,0.8512341289550962
20000,0.03,47,0.00352936662711537,0,0.0008262237317977304,0.8677013645372429,0,-5.015428719213942e-05,0.31800257987681635,0,0.004882216156779898,0.488331801481774
20000,0.03,48,0.005237117997495582,0,0.002006680288520306,0.6836645452437928,0,0.0002135892432568034,0.12300535621091968,0,0.0037334666517616294,0.5955063344404805
20000,0.03,49,0.005545699749185967,1,0.012931533434019923,0.009338485837318396,0,0.0009309260789299681,0.38906563430122576,0,0.006815732715504945,0.333999265185832
20000,0.03,50,0.006181560333343235,0,-0.0012932411367394168,0.7930502958243915,0,-0.0002571605316447002,0.2423168060238705,0,-0.0021002590408235886,0.7644267031111095
20000,0.03,51,0.006392144869319538,0,0.002676404229194332,0.590188973366464,0,-7.544253772095861e-05,0.6308340666934448,0,-0.0006357651326985669,0.9280970996573309
20000,0.03,52,0.0048463793271933875,0,0.0015048781259445242,0.76155333645358,0,0.00017388725374677645,0.5063843912121533,0,0.006624339255190925,0.3450095616879838
20000,0.03,53,0.007329353634924521,0,-0.005192458988542465,0.3072360253304923,0,-0.00044793180955909087,0.06372571075710343,0,0.008531569541872024,0.22853948968178445
20000,0.03,54,0.005181056040134886,0,-0.0010375060398393338,0.8341141140004249,0,-0.00014254049560531566,0.32449151543230603,0,-0.011174813476222057,0.1153730959171282
20000,0.03,55,0.007220997747997688,0,0.005246135466175388,0.2916184308055185,0,0.00018491356746413317,0.323702406082629,0,0.008736857786099868,0.21646352214025624
20000,0.03,56,0.0055769049619914515,0,0.009627180344108052,0.05883494543032424,0,0.0005291750928181527,0.8889263438440548,0,0.004662321223422276,0.5083392328968905
20000,0.03,57,0.004965991006204485,0,-0.004208892276762319,0.40228041860747654,0,-0.0003860222091305286,0.5873738507327579,0,0.003445681305340633,0.6279425664171698
20000,0.03,58,0.00616601897761925,0,-0.0045585981660525125,0.3656210813992441,0,-0.0004818486986303978,0.4512050410869243,0,-3.9198409224696935e-06,0.9995607260295747
20000,0.03,59,0.004884863915856139,0,-0.004332176666768495,0.3777936964829087,0,0.00012356170537833797,0.10906433291076134,0,-0.01163504085909976,0.09860721531696562
20000,0.03,60,0.0038489095439487335,0,-0.005647422900611934,0.25449944247677697,0,-0.00025857824909931266,0.8644499701207885,0,-0.0029942217823177722,0.6710094114230603
20000,0.03,61,0.005296882878943752,0,-0.00840663494693127,0.09414305774181464,1,-0.0007705648963815926,0.017632298964281867,0,-0.013314247074697583,0.05987005287879085
20000,0.03,62,0.005359982910645937,0,0.000947504682283878,0.8497333482796724,0,9.703321560140094e-05,0.9718271057245523,0,0.009633374643529256,0.1647371768169124
20000,0.03,63,0.004296656542269192,0,-0.0032844052809284058,0.5166912751588048,0,-0.0003323918508930311,0.3120425687079327,0,-0.007126002112101493,0.3207771797004157
20000,0.03,64,0.005334900091908118,0,0.0011319661169336913,0.8214595150357957,0,-0.0003815845888600882,0.4924826733182698,0,0.000811781174170263,0.9074831625968647
20000,0.03,65,0.006055198624663579,0,-0.004965773551935605,0.31749508773196355,0,-0.0008307452731210264,0.989299109246228,1,-0.016890119264786695,0.016740387875484306
20000,0.03,66,0.007634276959616435,0,-0.009175564255806628,0.06511259029846085,0,-0.0012740952717919382,0.9098372160151226,0,-0.00861791627662303,0.2190813262277385
20000,0.03,67,0.007218111306665647,0,-0.0011907216949369373,0.8084129607683372,0,-0.00018149675877829918,0.20869203933067992,0,-0.001324847772403933,0.8488529471689059
20000,0.03,68,0.004006839446326365,0,0.0010163016675288667,0.8394753024092629,0,-0.0003199035285596712,0.38964900466346064,0,0.002374956198046332,0.7360764266193984
20000,0.03,69,0.005967692364251228,0,0.0029724150101644534,0.5508107823218016,0,0.0001342151110675401,0.08899440507482848,0,-0.0001479546945285944,0.9832855899270627
20000,0.03,70,0.005715949639707469,0,-0.005288536592462013,0.2894932366294233,0,-0.00013637870033061985,0.9759017318320433,0,-0.003346003238097358,0.6366754457918709
20000,0.03,71,0.006535165556715039,0,-0.004226274517259141,0.3856164666804355,0,-0.00034219499443352753,0.7647708457775683,0,-0.00015809746336138003,0.9818272417207217
20000,0.03,72,0.007676363958816122,0,0.004552136476884169,0.36065263501306255,0,0.0005203173735697477,0.3938476156241766,0,0.004261833097698526,0.5468617243323264
20000,0.03,73,0.0055852116645768776,0,0.0006776674390218526,0.8924939607445119,0,1.0254404400003089e-05,0.8901895098766089,0,-0.005519068573873955,0.4320350689878364
20000,0.03,74,0.0037746082133460236,0,-0.005178086745172875,0.3047826176313795,0,-0.0007233048423904643,0.8465159142634365,0,-0.005414315985109238,0.44246407990582304
20000,0.03,75,0.0059253525967820145,0,-0.003014305484808676,0.539529346379602,0,2.6497833371619777e-06,0.4120466599284105,0,-0.0026825482045117854,0.7001491392103529
20000,0.03,76,0.007723248165926354,0,0.005826988989355138,0.2436678781896369,0,0.00068274910317906,0.6870827733308102,0,0.0058275942199757635,0.40623841990012666
20000,0.03,77,0.004587676468857463,0,-0.0010994635428168047,0.8260655765789036,0,-0.00014497720774498497,0.13694414708254765,0,-0.005102132687126938,0.4725644466714325
20000,0.03,78,0.0051366971204305336,0,-0.002188554859609498,0.6576169902168457,0,-0.00030704185206062445,0.22800952259143015,0,0.0016585882882453268,0.812312638404041
20000,0.03,79,0.005279637153300568,0,-0.007988496185519337,0.10804847914042669,0,-0.0005092074203407711,0.7848818433104736,0,-0.0022425837725036117,0.7498735814253819
20000,0.03,80,0.005861946073123283,0,0.00753465058652745,0.1306171259927311,0,0.00015926990507207807,0.30053874008404136,0,0.012860114790290426,0.0690122901951722
20000,0.03,81,0.003399753640275159,0,0.0012807279503967654,0.8013071516725769,0,-0.00031844075859019773,0.49873404818954603,0,0.0013542719472774446,0.848971954774421
20000,0.03,82,0.0077196233405393945,0,0.0009801945904556284,0.8421975181478467,0,-3.237828615842954e-05,0.4014723024721808,0,0.00045294827711632197,0.9485489512042553
20000,0.03,83,0.007620784089127849,0,-0.0020676605040225904,0.6776069205428545,0,0.0006499274171308245,0.3590414437554379,0,-0.0034313421678130894,0.6274698220126523
20000,0.03,84,0.004778968528713826,0,-0.0095691650908639,0.05767622663893651,0,-0.0010302059308270014,0.05475710728622629,0,-0.01015119532582553,0.15461381378176967
20000,0.03,85,0.006764772635638038,0,-0.005950287570659865,0.22967271495162336,0,-0.00031253396768437413,0.7146957211049276,0,-0.0030653055789288714,0.6623630458724784
20000,0.03,86,0.0065592709597514336,0,0.007658121638016985,0.11375193652310858,0,0.0001169581273092184,0.22388254753634818,0,0.009367162462569526,0.17553469280994982
20000,0.03,87,0.006528811356064699,0,0.008866652975704653,0.07368238585837586,0,0.001199999937586465,0.6486238876048085,0,0.012227393756818736,0.07973396952077742
20000,0.03,88,0.004703687853526085,0,0.007856833793291919,0.11265843668958053,0,0.0007900664010372442,0.6846582395859226,0,0.008879564721668828,0.20433510073633995
20000,0.03,89,0.004515123915460912,0,-0.00012248255173331093,0.9803561501166195,0,-0.00027805007311954136,0.9633183205359724,0,0.00386351653143053,0.5845575459556789
20000,0.03,90,0.00584729680895147,0,0.006729280268762639,0.17608394685377174,0,0.000514374717782947,0.8221244375336912,1,0.01590049595202902,0.023270713252969758
20000,0.03,91,0.005333277543915908,0,-0.002958055477201412,0.5499664434720712,0,4.519505154925521e-05,0.7794956056678327,0,-0.009390332139187,0.18107816325181034
20000,0.03,92,0.004725000800047374,0,0.004249067935447145,0.3913021915331366,0,0.0003629489700869988,0.4238493089466735,0,0.008095366366878569,0.24390410577226754
20000,0.03,93,0.0049262424575464555,0,0.0019060404650388162,0.7022617357523575,0,0.00024365020050130822,0.20815169243026188,0,-0.0005251549622288161,0.9403231430632786
20000,0.03,94,0.005464610812975044,0,0.004417498938606521,0.3824519142976631,0,0.00082082657760021,0.08138735241424255,0,0.007443343271820979,0.29155318267314473
20000,0.03,95,0.005515591008966579,0,-0.004182786748669858,0.40125461778996796,0,-0.0002858868662088028,0.23498296953717246,0,4.357754407163317e-05,0.9950566169748922
20000,0.03,96,0.008393293130949503,0,0.0003935436544989521,0.9370841374874022,0,-0.00017267035131527826,0.2156657009330114,0,-0.006076648805641292,0.3914191052658579
20000,0.03,97,0.005571874721191344,0,0.004711037187169995,0.34884047978916544,0,9.127824465699093e-05,0.5168172162875238,0,0.002162953251744761,0.7580584500453043
20000,0.03,98,0.00543044596748837,0,0.002262906815073128,0.6481357381965052,0,0.0003662038612665116,0.07503281558824304,0,0.006136982340685129,0.3847093927317349
20000,0.03,99,0.004834539288434669,0,-0.004828974892183901,0.33008811192195586,0,-0.00021489489955466235,0.980913063303848,0,-0.0023066696479662626,0.7410778377007072
20000,0.03,100,0.004763748166748575,0,-0.002280241167906898,0.6459818529794202,0,-0.00031367662333536014,0.8724649959824826,0,0.000947516430632877,0.8933921990338083
20000,0.03,101,0.006398115391193604,0,-0.004068165658909427,0.41664347541614233,0,-2.6159628107777657e-05,0.6717253825984009,0,-0.003485048712143943,0.6206864835433642
20000,0.03,102,0.00759914277663762,0,0.005289328212651577,0.28252800538711914,0,-0.0002892663233556576,0.2267696480173349,0,0.0006183489933005025,0.9295487063449862
20000,0.03,103,0.0038552365550289435,0,0.005217495020642733,0.2994031850238974,0,0.0008359013697234953,0.3385088124757426,0,0.008729342303489306,0.22326065440774082
20000,0.03,104,0.0074898774938694165,0,0.005530495849028337,0.2643311801937597,0,0.0003584056202832433,0.7208033198075022,0,0.009512520128256475,0.175307798317444
20000,0.03,105,0.005753015143714128,0,-0.006268656980899862,0.20886247774175923,0,-0.0002626350123007074,0.07720754885085568,0,-0.009997179985162835,0.1578956657855434
20000,0.03,106,0.005679328049896684,0,0.0012456701453536115,0.801387513983252,0,0.0003195198497145785,0.6896618163052928,0,0.0011487213034009989,0.8695449877356375
20000,0.03,107,0.006515726273639168,1,-0.01037463602120155,0.03843326450752533,0,-0.0008518588353139287,0.3176322064879238,0,-0.0036569435743814146,0.6078381726908206
20000,0.03,108,0.007766925071002011,0,-0.00033265253860732233,0.9469697876408583,0,6.740845069348426e-05,0.11910595955022929,0,0.0061175824349372025,0.3824192026388826
20000,0.03,109,0.006795623620034689,0,-0.006274389798046529,0.2040361317158549,0,-0.00044323953615064683,0.3399096397979815,0,-0.008260906204036045,0.2377244087343835
20000,0.03,110,0.005835492042522823,0,0.00019529467531390955,0.9688129372361247,0,-0.00014645318793661178,0.9796508605559321,0,0.00645622503752268,0.3608306668570752
20000,0.03,111,0.0037872958130762526,0,-0.0005676795072222206,0.9107848756132884,0,5.099279502134806e-05,0.6858610898454733,0,-0.001149078953127036,0.8711387376108602
20000,0.03,112,0.005072473812540853,0,-0.0032637720092791467,0.5111641352817632,0,-0.00038979043047351284,0.594535033042906,0,-0.012570929785956387,0.07503562154948083
20000,0.03,113,0.007880733071526638,0,-0.0020342325901074173,0.6799740313180065,0,0.0003087115203915702,0.9664521780201933,0,0.0027115296553144527,0.699268781245201
20000,0.03,114,0.0042609022170802665,0,-0.006627419379700423,0.1825206717461617,0,-0.0007227235568028867,0.7177154848230498,0,-0.009200149716230923,0.1877917297023698
20000,0.03,115,0.006261227043555268,0,0.0034551724781321366,0.48801129173878666,0,0.000257246385434374,0.4306022622986132,0,0.005216409475692035,0.45913158223076067
20000,0.03,116,0.005782441972657419,0,-0.0008493025055362274,0.8649472579594093,0,-0.0005348302033761506,0.7856833103082574,0,-0.005647798438681144,0.4253921805993902
20000,0.03,117,0.005021288110292541,0,0.0008007677753322949,0.8718893349179148,0,-8.999056786667335e-05,0.5709238914345501,0,-0.005499686061174262,0.425624397633233
20000,0.03,118,0.005383673814655129,0,-0.0048534267714346,0.329274286814653,0,-0.0002444161114139629,0.3145277294746337,0,-0.004465405765894338,0.5280886571555878
20000,0.03,119,0.0057812457652046635,0,-0.00743929543767282,0.1375159403706128,0,-0.0010492630965298114,0.075478794980542,0,-0.0019102309130261763,0.7862815182040132
20000,0.03,120,0.007867565399457755,1,0.010450532435771879,0.03561505069971821,0,0.0008964864697452469,0.3535719493770366,0,0.01011434640085863,0.15029952274435684
20000,0.03,121,0.006487955315941962,0,0.008454600437628364,0.09254467972640981,0,0.00045004718783652983,0.5911326350613237,0,0.006553945443210718,0.3572140015125409
20000,0.03,122,0.005648049049159564,0,-0.005126791308580595,0.29703061408987025,0,-0.00015027221763888436,0.7142095428241875,0,-0.008686589625523228,0.2123658934861038
20000,0.03,123,0.006194155833455756,0,0.002665867243989012,0.5909369197679233,0,0.0005343770780507574,0.985558427219478,0,0.0034289221791294353,0.626797064759
20000,0.03,124,0.008327679669476968,0,0.0034857937831157797,0.4782476286525926,0,0.0005450053696364313,0.45169665498734046,0,0.00791932308109759,0.26040612095922294
20000,0.03,125,0.0056342135734725836,0,-0.004619918123210127,0.35523068767914856,0,-0.00029565411350034303,0.5449633897540735,0,0.005429568333984428,0.439665531787649
20000,0.03,126,0.0073674080144215635,0,-0.007436282320687824,0.13497638916340182,0,-0.0005865817107447537,0.8899360465680994,0,-0.005900142795572863,0.4006020803028354
20000,0.03,127,0.004987396822498615,0,0.005490281970626708,0.26763687708339134,0,-3.6663109399499514e-05,0.7358726945849228,0,0.0074870636854829364,0.28332268911420483
20000,0.03,128,0.0054007847669432,0,0.002648865794321171,0.594402834138086,0,0.0003054119322260589,0.20466340005701467,0,0.0015379907852985128,0.8275802803308803
20000,0.03,129,0.006602949744496809,0,-0.005147851220743449,0.304777833446642,0,-0.00037452835077935305,0.4175617491090162,0,-0.009630256761644097,0.17303252144267225
20000,0.03,130,0.004811144582615908,0,-0.002135325168170043,0.6715668907295126,0,-0.0002482402550396323,0.6417352222656281,0,-0.0006070356035692485,0.9314129545876072
20000,0.03,131,0.004467389139321204,0,0.0003480487002350979,0.9442534293039238,0,-0.00012190596431229,0.23990582600506105,0,0.010547548301940688,0.1315775997364085
20000,0.03,132,0.006239761868083636,0,-0.005276415280679448,0.2844444977735088,0,-0.0004889106304678955,0.4518132119068978,0,-0.003229768043416208,0.6376315483694861
20000,0.03,133,0.0055383030904827355,0,0.006431247033016179,0.19971171054482062,0,0.0006568054702592555,0.1320580004670806,0,0.005348825441903054,0.4522954529463957
20000,0.03,134,0.0036354590808318978,0,8.533830604836928e-05,0.9863585807536788,0,-0.0002609707198040552,0.2518612940640005,0,0.003965381367282044,0.5788201235912318
20000,0.03,135,0.005668067619451611,0,-0.003942093436364601,0.4303058249466263,0,-0.00025348714187600557,0.9576506644489856,0,-0.005460472196964692,0.44104768960690777
20000,0.03,136,0.005387583301720582,1,0.015455602458746038,0.0017717990367326862,1,0.0009252143252019063,0.006523116962889319,1,0.015087677737492498,0.03185510730685542
20000,0.03,137,0.004461822856084485,0,0.00419743199614992,0.4032084188575822,0,0.000174027472448199,0.7608027005974878,0,0.009638613776487276,0.17432659875065015
20000,0.03,138,0.004957128142511038,0,-0.0012644764739739996,0.8013745883378249,0,-0.0003321465366153281,0.11605489394718638,0,-5.932012574646171e-05,0.9932791655765472
20000,0.03,139,0.005043631105463603,0,-0.002025752037587122,0.6884076046807177,0,-0.00017992651829735128,0.9045833066702249,0,-0.006972647489798148,0.32718554974733405
20000,0.03,140,0.005128497246100457,0,0.006616111797688275,0.17943198310572495,0,0.0008281019178544068,0.6098556488720162,0,0.005163086773162596,0.4603096112656947
20000,0.03,141,0.0058398326922542935,0,0.0022116670445104353,0.6590227775175007,0,-0.0003809699850582599,0.6215695450797081,0,-0.0028061676293795763,0.6902910647319178
20000,0.03,142,0.004898611419991123,0,-0.0027557838778663984,0.5769059926504833,1,-0.0001684809936562823,0.032083837118154324,0,0.008940638949961173,0.2054166161554092
20000,0.03,143,0.005532425732162558,1,0.013197062677068437,0.008157904681655845,0,0.0010776981374407706,0.09766384520308624,1,0.021864095152517,0.0016260444561109462
20000,0.03,144,0.004600319038600154,0,-0.008329417370548448,0.09446277961132182,0,-0.000816347922370183,0.31184711549668354,0,-0.010489044705866257,0.13639574454722825
20000,0.03,145,0.00613095207809912,0,-0.0007069797957556439,0.8864877902781954,0,5.930375604406697e-05,0.1340847882798213,0,0.0007571839120633051,0.9139013272836911
20000,0.03,146,0.005968155108257366,0,0.0019062154068789112,0.7020666996138187,0,-0.00010018381837770702,0.28578134309953795,0,-0.002756343830798617,0.6957790129921926
20000,0.03,147,0.005903441314648484,0,9.02208160724735e-05,0.9855796512903788,0,8.94816315297193e-05,0.7611342749193556,0,-0.00730947904862099,0.29658866690740204
20000,0.03,148,0.0054143586848404415,0,0.002371633858638658,0.6307074686341998,0,0.0002481763285478849,0.691213505596719,0,0.0012154202219600923,0.8628198596023371
20000,0.03,149,0.0058993792156006595,0,-0.0059738947131523345,0.22988950947438777,0,-0.0003899820742420101,0.3472590988839843,0,-0.013513709912637985,0.05384822201763737
20000,0.03,150,0.007278056270025963,0,0.006064438647369245,0.21970315286458092,0,0.00019183468811389024,0.8304356083880411,0,0.004033032930620654,0.5636754684271885
20000,0.03,151,0.005795095393770416,0,-0.0021265771100410025,0.670742391202158,0,-0.0005900233965109117,0.10531213156399688,0,-0.01050738137035702,0.13452269013214047
20000,0.03,152,0.00482337055572058,0,-0.00872449130609467,0.07657102588831667,0,-0.00047818675923166454,0.7990371028247232,0,-0.008998573945746042,0.19976672829043537
20000,0.03,153,0.004980053620596317,0,-0.0018285643462842248,0.7119654253038197,0,-0.00030285932241806804,0.8462005798646024,0,-0.0034063843019327576,0.6259406044527489
20000,0.03,154,0.005263070950895773,0,-0.004324849013054984,0.3863610573167886,0,-0.0002922677110759959,0.27036423280775757,0,-0.0033709055484815215,0.6330762960112636
20000,0.03,155,0.006539471701926463,0,-0.0026504456877544024,0.595256406428419,0,-0.0005563815034565397,0.30411979098279285,0,-0.0003781574422013897,0.9567619730491821
20000,0.03,156,0.006042875713938003,0,0.0067229708313935104,0.18029911227656673,0,0.0005680842531912647,0.5049135044434513,0,-2.2624996070813022e-05,0.997439418913955
20000,0.03,157,0.007799483065742822,0,-0.0033394547492544445,0.49898480913826093,0,-0.00020922340394967736,0.3691188128841789,0,-0.0007763736464421705,0.912246164695943
20000,0.03,158,0.0064425599503740785,0,-0.004174306133560998,0.40410984373433345,0,-0.0005660625175476888,0.44211184535893344,0,0.001562840591449642,0.8244037782466446
20000,0.03,159,0.005086398137228377,0,0.0071176235607988275,0.15883785508134932,0,0.0007616561815103769,0.15151513128053762,0,0.002598719758899343,0.713402716334055
20000,0.03,160,0.005352699785704721,0,0.0038422914232997783,0.4438214232715445,0,0.00036141163371549784,0.5516631075998446,0,0.011214411833654108,0.11561437895714644
20000,0.03,161,0.004881329859376966,0,-0.002360469837639737,0.6344903327384698,0,-0.00043785158252064176,0.9899751429419424,0,-0.0020357200166171594,0.7713577310913609
20000,0.03,162,0.005870178112178318,0,-0.00489759805485304,0.3216161547826366,1,-0.00011706906564099683,0.027004283803720996,0,-0.0010428961917317626,0.8822953740457887
20000,0.03,163,0.006682852947267563,0,-0.0032322981196824625,0.5194919473888728,0,-0.000342454652258629,0.7889424296307433,0,-0.004669575410312713,0.5105939725248747
20000,0.03,164,0.005265820905290844,0,0.008027484240308216,0.10363463849884186,0,0.0009185886090839542,0.3220288524983246,0,0.008885144215868683,0.20867669806289743
20000,0.03,165,0.008612949879870999,0,-0.002857724544900611,0.5678972637863138,0,-0.00010542364904287047,0.9904786906568029,0,0.0020812737896629095,0.7689555042696087
20000,0.03,166,0.007240658598708518,0,-0.007994395328842566,0.10515293270988534,0,-0.0005290855137031134,0.12047150807492413,0,-0.010372204460068174,0.13781771301243645
20000,0.03,167,0.007427317772642056,0,0.007361560528769203,0.13488419363899082,1,0.0007820571757604619,0.028227348684726428,0,0.007153160951676815,0.30235706085320807
20000,0.03,168,0.006141791038764065,0,-0.007793563156377718,0.12078772745168546,0,-0.0006732119716857767,0.373923673947002,0,-0.009196828149893987,0.1973050658309049
20000,0.03,169,0.0044570650883604505,0,0.0006886582556466412,0.8894079859801286,0,-9.481969479580189e-06,0.33787771519850573,0,-0.004391629417905639,0.5311392009495441
20000,0.03,170,0.006616911781448147,1,0.01286699236402981,0.010138256623342633,0,0.0011957216842520162,0.5570689641125559,0,0.012818869964762985,0.06804577093222328
20000,0.03,171,0.006018646112753671,0,-0.00016705274774946575,0.9726659011141263,0,0.00036722727449212567,0.10485159653353748,0,0.0013285945307336391,0.8488578759460077
20000,0.03,172,0.006931615170183186,0,0.0004094726227593295,0.9336445195990425,0,-5.74402383965658e-05,0.729895126454922,0,-0.005432401714123984,0.4352302662704993
20000,0.03,173,0.0059704499070154324,0,-0.008303734281873611,0.09461754084545905,0,-0.0006968700017595973,0.210093973356976,0,-0.008454527958151966,0.23005467289251316
20000,0.03,174,0.005815361524930095,0,0.005431972613535662,0.2852771099061695,0,5.827838195795197e-05,0.9494619587585238,0,0.006053048674559469,0.39472873881276915
20000,0.03,175,0.004380206053275383,0,0.001411087075077437,0.7798197287973238,0,0.0003299680947812022,0.2641149241670224,0,-1.714664623662758e-05,0.9980818493982598
20000,0.03,176,0.00735973215645634,0,-0.00029638232038088505,0.9532864032475927,0,0.00022164668366886548,0.8175298762938829,0,0.0011923027823618577,0.8682133963462774
20000,0.03,177,0.004257941003741114,0,0.005217281268867659,0.29789682426808783,0,0.0001084418115486848,0.37456456251854275,0,0.0052221328512426345,0.46128069765305124
20000,0.03,178,0.005711763037662114,0,0.0024488151850038053,0.6180815040702041,0,-0.000634402646734153,0.759841999689024,0,0.0013147467461850414,0.8490139093214022
20000,0.03,179,0.005106987340675887,0,0.001757611862342787,0.7269064279742747,0,9.815689588375086e-05,0.6812141071821082,0,0.002900921046608281,0.6832714018585195
20000,0.03,180,0.007208267458446061,0,-0.0013662110572983423,0.7823718697563293,0,-0.00010946183451573084,0.8822673493990523,0,-0.007484863722178865,0.2869186259711896
20000,0.03,181,0.004533167329624704,0,0.007423517772631248,0.1382693160852701,0,0.00032746257787984233,0.22752505045431648,0,0.005090207684916081,0.47942768949320813
20000,0.03,182,0.006729488121315523,0,-0.0006067550494947256,0.9020687504195768,1,-0.00014783892550641087,0.022499973265441398,0,-0.0017241091470213403,0.8038844393493507
20000,0.03,183,0.008790369732429176,0,0.008517998361293402,0.0856833962516111,0,0.00021630438034364567,0.733778940834589,1,0.014919991906087776,0.033223236471538055
20000,0.03,184,0.004720917841017807,0,0.0026309622296310634,0.5964443169437222,0,0.000790346957723482,0.16126951784779942,0,0.005713352512143259,0.41389158701407947
20000,0.03,185,0.00557481548861192,0,-0.006762322227288844,0.18202997526306114,0,-0.000559195245730074,0.4074768174915433,0,-0.009082031617802758,0.2035601720810872
20000,0.03,186,0.007337260704452536,0,-0.0015783523520145643,0.7509081135469478,0,0.0001903212421622855,0.7543322503813837,0,0.002152161346761914,0.7586682724558365
20000,0.03,187,0.005557468968494168,0,0.0008294999724672532,0.86681967690835,0,0.00025301444428914874,0.9021959535626582,0,0.006325249834325218,0.36593142010220936
20000,0.03,188,0.0059895897897225174,0,0.0013872800882235264,0.7817004316279337,0,0.00025331175394316743,0.06501662995304291,0,0.011658358608375812,0.09802983006094185
20000,0.03,189,0.006703379759300886,1,0.010139429870535534,0.042666483384673326,0,0.0007254685875972555,0.6087248531677372,0,0.0010679645748140783,0.8795246114863644
20000,0.03,190,0.005918324640856725,0,0.0019360902963713182,0.6968264087186904,0,0.0003130149526296092,0.9151065103260781,0,0.005029483750046807,0.4752329824304502
20000,0.03,191,0.007241723103694123,0,-0.007142883352532517,0.1491751777808108,0,-0.0002235869858698784,0.16587073444741174,0,-0.008734401147625772,0.21044961518299818
20000,0.03,192,0.0058101501170805085,0,-0.000622600331311966,0.8998560614643358,0,1.1238277504872647e-05,0.9483455541261685,0,-0.002840045322809163,0.6838850016223421
20000,0.03,193,0.006835400952463521,0,0.0027702220070207075,0.5794116094215234,0,-0.00017361133487587467,0.24981032525133662,0,0.0063835251008855,0.36313838809543575
20000,0.03,194,0.004882240163602163,0,-0.007475320200052923,0.13852218364988325,0,-0.00033189244871639886,0.22457027836275534,0,0.0009553071022344265,0.89262536628206
20000,0.03,195,0.006961628333157842,1,0.011463852758819462,0.020493504171626556,0,0.0009780130900278723,0.792657803546295,0,0.010864787655892999,0.11746059087270706
20000,0.03,196,0.004637444848860179,0,0.0033131261009206837,0.5079922412333794,0,0.00023537202631951354,0.25456071915465606,0,0.0031536242401760312,0.6553868834525458
20000,0.03,197,0.005014241062939765,0,-0.00292422898933399,0.559768790261602,0,-2.0951422629828222e-05,0.947384270512137,0,-0.0018893423079814023,0.7872374086151102
20000,0.03,198,0.004337298007150759,0,-0.0028959229039979308,0.5655445513322095,0,-0.00045064136962879263,0.8335566465369121,0,0.0020902425757923504,0.7683256174237266
20000,0.03,199,0.006924608407127034,0,-0.0010101212407347426,0.8400448328409721,0,9.272416890459021e-05,0.48561610064134,0,-0.00044558466788770473,0.9497386036755335
20000,0.05,0,0.006362873176087292,0,0.0013818702796353768,0.7772618545508613,0,0.00026328861280501857,0.5395691683911169,0,0.005631697302639202,0.41604120810405
20000,0.05,1,0.008153940499304202,0,0.001130947671270964,0.8213911097408938,0,0.00027895130601906566,0.30662621284946867,0,-0.00237794741662095,0.7337334004488254
20000,0.05,2,0.007441509870411296,0,-0.005254200588847933,0.29558706288455366,0,-9.729003524397969e-05,0.14584279001788325,0,-0.012632199571665455,0.07516903106784115
20000,0.05,3,0.006231956718557695,0,-0.003441551043140593,0.4845964415732975,0,-0.0001803721158967784,0.4172697500806182,0,-0.008226599327622328,0.2399830261963028
20000,0.05,4,0.004688144588892249,1,0.010403496283812336,0.03903336734525951,0,0.0008223813530744387,0.7384219723940606,1,0.015492080085348336,0.02986610714157323
20000,0.05,5,0.005897758180453108,0,0.00011505761113681954,0.9817529111501191,0,0.00021940398358404758,0.13719518728546343,0,0.006638410850589643,0.3453006154745535
20000,0.05,6,0.006603241407486913,0,0.0016186251015737382,0.7455559041894624,0,0.00032913178790444165,0.07688305021717678,0,0.0019878606155022873,0.7777788859753968
20000,0.05,7,0.005613924373215958,1,0.010632827337192723,0.0349105949070834,0,0.000473339334627554,0.6098747221116807,0,0.011122270768336426,0.10839496790699212
20000,0.05,8,0.004329040413854868,0,0.004282972090825101,0.3926984755600704,0,0.0001600659868280296,0.05832160764670691,0,0.0024098968694714665,0.7330566926893649
20000,0.05,9,0.0067036856294755065,0,0.004359861016607178,0.38314240227210694,0,0.00037172391511934046,0.5092979005645624,0,0.000936466394265743,0.8947927304428804
20000,0.05,10,0.005848971523305883,0,0.0015304606925957138,0.7563128198809053,0,0.0004319116159185401,0.7695305683911042,0,0.005933746573681921,0.3972971153771969
20000,0.05,11,0.006048556666954293,0,0.0031927186759733855,0.5209217614783774,0,0.00031495935353666475,0.9723430899178516,0,0.0031160790891390094,0.6605969858705134
20000,0.05,12,0.004886070715524429,0,0.006061562154276284,0.22792366545196402,0,0.00024433992822220824,0.1760222345037784,0,0.008230909516286569,0.24367913165131733
20000,0.05,13,0.003977088092830821,0,0.007175808758126888,0.14410241659309733,0,0.0006243056682532758,0.6715206896852195,0,0.009028775119513353,0.19643535574265347
20000,0.05,14,0.006981601716120131,0,0.001808035807486427,0.7187191113287403,0,0.0001561042671210649,0.11904844834708905,0,0.010664519797953872,0.12697260547344372
20000,0.05,15,0.006333754474109424,0,0.0005736040747474564,0.9090634593758427,0,0.00019936845599262518,0.3355844158496827,0,0.0014362185917202565,0.8373662573327427
20000,0.05,16,0.008566866463068657,0,0.005771998506315214,0.2496304777966003,1,0.000830053144618894,0.032335622709008804,0,0.00950434062785415,0.17489997028932439
20000,0.05,17,0.005127480908215832,0,0.005516900376623125,0.27355219455478963,0,0.0004390464082327273,0.6295082263983951,0,0.0023284864258400436,0.7435355965392857
20000,0.05,18,0.0048708956411349725,0,-0.006251671296250356,0.21102765967886375,0,-0.000676776562459932,0.15408627087396543,0,-0.005438358891011275,0.43697791381496676
20000,0.05,19,0.00482523505547945,0,0.0010992735020196624,0.823627139278214,0,0.0003958420307058842,0.6830426369024248,0,0.0006436733959001232,0.9268289326317289
20000,0.05,20,0.007004497842567728,0,0.004642808049856857,0.3495970965985139,0,0.000675147897467265,0.4968275537845884,0,0.01306051485605015,0.06087428511848423
20000,0.05,21,0.0057129778170192345,0,-0.004818193439723575,0.3370254621525166,0,-0.0004203531440203118,0.762510372159896,0,0.002670813718476303,0.7034639425604419
20000,0.05,22,0.007491701110074012,0,0.0008220698852649764,0.8680950091944892,0,0.00016026205310929012,0.579539105280812,0,0.006596320165502012,0.34208444374565683
20000,0.05,23,0.005788617246046051,0,0.00667763393824825,0.18631374208218565,0,0.0005907848095300325,0.12164546601336013,0,0.0013761068613183138,0.8459509079287786
20000,0.05,24,0.006011580421113823,0,0.0005431066258377156,0.9132033848824942,1,0.00024640563591158136,0.03808190504421616,0,0.0017748265479479801,0.8013999358142874
20000,0.05,25,0.007909938743383886,0,-0.0039296783803399946,0.4324936118016045,0,-0.0005072963205104067,0.5147426835216229,1,-0.016831135643531333,0.017195605743267776
20000,0.05,26,0.00468554510611734,0,-0.0024707308379419064,0.6231299295239185,0,-0.00033852320048198683,0.7876031706884641,0,-0.004246126647768179,0.5507902600098591
20000,0.05,27,0.005744440779914775,0,0.0046738033535528075,0.35496630353432757,0,0.00039855737123731645,0.4415581827775005,0,0.007279919926834716,0.3016349040391651
20000,0.05,28,0.00407353423532942,0,-0.007663969361811357,0.12356932762647485,0,-0.000872272663562228,0.6289451903066223,0,-0.0014173415575202278,0.8395386205938998
20000,0.05,29,0.0046188460996887705,0,0.003339366450611817,0.5031698419193513,0,0.00036280191814834034,0.9464984219930758,0,0.0014447034961368606,0.8361116408567417
20000,0.05,30,0.0042920874310206384,0,0.003771690906715073,0.44321731411192367,0,0.00015519676171730048,0.4865372910670718,0,0.0021281807307282664,0.761213444125905
20000,0.05,31,0.004766669137792916,0,0.0013314902818071183,0.7871833696836766,0,0.00020105939460462351,0.06888266912954855,0,0.0037518010818108167,0.5926507059528883
20000,0.05,32,0.006234489918144725,0,-0.0019758107471051626,0.6929261190817437,0,2.877412302525952e-05,0.5775793732125631,0,-0.0038893299870860066,0.5814997560670565
20000,0.05,33,0.005272346219984709,0,0.002171018040368354,0.6620967741033017,1,0.0005575874160060572,0.03995504970999686,0,0.0049632518172076385,0.47575614586667203
20000,0.05,34,0.005329749044568367,0,0.0023979931876595495,0.6277354472943458,0,-5.805713548615861e-05,0.5098714950370902,0,0.000935989722759635,0.8934848298720703
20000,0.05,35,0.008649646114470829,0,-0.0005673489624297497,0.9093415748410705,0,0.0006339026196781986,0.8446046977180932,0,-0.002092092769211142,0.7679022523064083
20000,0.05,36,0.0071412057482220185,0,-0.0037435685582368414,0.45586548530401094,0,-0.00016142030030338457,0.1799347365243119,0,-0.009472377058925412,0.16819667328245327
20000,0.05,37,0.00485513417468007,0,-0.0031936986270309628,0.5239168631285065,0,-2.426785454759148e-05,0.5619359854269264,0,0.0044619995161631724,0.5249542155543419
20000,0.05,38,0.004801954348199052,0,0.0023835599270889823,0.6318095402796777,0,0.0001051463619285728,0.8011110619400159,0,0.0035525017175452064,0.6184099813265576
20000,0.05,39,0.005872063162776813,0,-0.0033707184314284416,0.4932058377220512,0,0.00010017373671058344,0.7682219079792949,0,0.0018699843400980993,0.7896303351038485
20000,0.05,40,0.004142220548348576,0,0.0006410124093350024,0.8966545697844793,0,0.0005032541738275578,0.7049567466436406,0,0.007390418493234368,0.2907019116311843
20000,0.05,41,0.005753751720345318,0,0.004750172739395657,0.34223757169243096,0,0.00011649428748670183,0.6449794516656657,0,0.003580379596922133,0.6098036140650084
20000,0.05,42,0.006905043403996647,0,0.00487466597114121,0.3357329563853395,0,0.00026047456734638814,0.7494230617473865,0,0.007097158478029226,0.3231919551120327
20000,0.05,43,0.004768508978000692,0,-0.0036298283751586076,0.46349703094185934,0,-0.00036301289591028407,0.196877716180214,0,-0.005970102869642672,0.39885686964610034
20000,0.05,44,0.003452816302493996,0,-0.00402355759542951,0.4140948552492014,0,-8.896962534374992e-05,0.5385726286471725,0,6.431534173143765e-05,0.9927111605477617
20000,0.05,45,0.007284155944750019,0,-0.006794406958795783,0.16919430569756255,0,-0.0003400980025755006,0.4742207532190701,0,-0.011288740813888322,0.10864652862084516
20000,0.05,46,0.006365384482004853,0,-0.004416744113652962,0.3728280439211026,0,-0.000491977381001377,0.5485849263246647,0,-9.403522248013427e-05,0.9893530544593093
20000,0.05,47,0.005497973769259891,0,0.008445422365753486,0.09270023254252929,1,0.0008244664702663296,0.013904001436745084,0,0.008242086266754656,0.24470725587606396
20000,0.05,48,0.005540644878372486,0,0.0014606037558952158,0.7718372311287931,0,-6.54899635167245e-05,0.4501637684781892,0,-0.007170995454671949,0.30963281659796343
20000,0.05,49,0.005208730722683871,1,0.011749884097862635,0.017484714367241274,0,0.0008288899354588074,0.05692913789203369,1,0.017566428874351517,0.01180225764183295
20000,0.05,50,0.006346561621644999,0,0.00835106482694903,0.0956200235837795,0,0.0008094401186773369,0.3270429205225194,0,-0.004974712546750487,0.4833694758557029
20000,0.05,51,0.0037791455105645514,0,-0.0033615968817879032,0.4983603410224785,0,-0.000602444640167928,0.48215573553752766,0,-0.00216394124285692,0.7594498909066392
20000,0.05,52,0.0055597007262540455,0,-0.0022060011692278305,0.6567379774518828,0,-0.00025099620174627986,0.8639951872459855,0,-0.00038021911617709767,0.9569024559018025
20000,0.05,53,0.005389517219157476,0,0.003572980268403116,0.47674011245004966,0,0.0003194097976855861,0.9887116057323616,0,-0.005159987195384531,0.470111039045778
20000,0.05,54,0.004615540905854921,0,-0.006324184037199614,0.19977464168915512,0,-7.031409882812552e-05,0.4131743256235223,0,0.0020331721916356203,0.7721039451055918
20000,0.05,55,0.004396442315748736,0,0.003542074626207683,0.4746104030308044,0,-1.6578935072088603e-05,0.7688566971016093,0,0.008635932248233549,0.220900418112663
20000,0.05,56,0.005096965483681405,1,-0.010214003831672498,0.04241434919988085,0,-0.0007267495431266823,0.35931292996862607,0,-0.010896684615068833,0.12149248457658536
20000,0.05,57,0.0034657474439165723,0,0.003777029218172739,0.4406500286574355,0,7.727884485849795e-05,0.9241245241780798,0,0.0056467980213420164,0.41743645097566595
20000,0.05,58,0.003608502553263083,0,0.0061542163717204935,0.21870836097441704,0,0.00043663963405869764,0.8096521787036619,0,0.007819769063282512,0.2650959792436784
20000,0.05,59,0.006619372068737723,1,-0.009904330533339334,0.04405770019511204,0,-0.001313332430130032,0.27998949865205436,1,-0.01637254371861523,0.018491076796711223
20000,0.05,60,0.006634443178424906,0,0.004765002509696073,0.3431401372351931,0,0.0004182028221990495,0.7072998422577796,0,0.00587616587553411,0.4092787830397234
20000,0.05,61,0.006011084887517928,0,-0.0019817419185967633,0.6912125283084718,0,-0.0003927419582693474,0.8734063571855812,0,-0.006209173753329207,0.3813838186120291
20000,0.05,62,0.00664721155495658,0,-0.0001255740363473954,0.9799744789357698,0,-9.663341077940304e-06,0.20097100182401606,0,0.0018170561384486406,0.7958347067044236
20000,0.05,63,0.006513232948990548,0,0.005261670912527355,0.2956919115777509,1,0.0004182448355626433,0.02482719132236455,0,0.003297336299195643,0.6443045821552089
20000,0.05,64,0.005975021525413257,0,-0.00549175029507161,0.27474975617261704,0,-0.0005208877408529488,0.2742095545639083,0,-0.003739534846504802,0.5999937037592928
20000,0.05,65,0.005499374886361146,1,0.01112952780576528,0.027731765073075225,0,0.0010171299428477197,0.1490425117566705,0,0.00344026990828838,0.6303260094249787
20000,0.05,66,0.006021641632322148,0,-0.0012947169562252136,0.7951999876317667,0,0.00017816021597176016,0.757356225892438,0,-0.013758700588747143,0.05067158533431169
20000,0.05,67,0.00564083675016323,1,0.01254341588473534,0.01297661280198382,0,0.0007731167791736457,0.3752643082676479,1,0.016325521204122267,0.020867119206386613
20000,0.05,68,0.006291912142665254,0,0.0018587603408335603,0.7094818753518812,0,0.0004451955080784686,0.1684650490921734,0,0.0005748575968874685,0.9346977375794752
20000,0.05,69,0.005692702333781095,0,0.006264187360434884,0.2107339095369919,0,0.0005229614588339863,0.544297204078155,0,0.006804181127647267,0.33645708456184664
20000,0.05,70,0.003723254701037365,0,-0.0021056169424671575,0.6740651135780328,0,-5.761920019275593e-05,0.6584434276610913,0,0.002381780267967536,0.7342079738392117
20000,0.05,71,0.005135559490362242,0,-0.0012696281649075662,0.8000553027426229,0,-0.00014356880902105886,0.9857976205508107,0,-0.0031354559302993364,0.662048833035797
20000,0.05,72,0.005537812625912104,0,0.002300857364896918,0.6442454666799275,0,-0.00019085144106573056,0.7325354389554111,0,-0.0014938302072706995,0.8325795496484365
20000,0.05,73,0.007800552662769479,0,-0.0009241572630920996,0.8544217794180098,0,0.00040507051021322025,0.3434314797508662,0,0.005040829428130512,0.47744024273465824
20000,0.05,74,0.005890811242887072,0,0.006229578696335123,0.2131453669800023,0,0.0010028592411834936,0.5330272079045342,0,0.00918788456606618,0.19814628000809606
20000,0.05,75,0.008023321048593754,0,0.0006710771964392552,0.8939953357882757,0,0.0004034540077202409,0.8012733115997585,0,-0.0013248001542028884,0.8512475407771173
20000,0.05,76,0.007196730432795328,0,0.0027049248179761244,0.5844346427907663,1,-8.151844638505285e-05,0.044698055200038334,0,0.007074234711824556,0.30439748865062544
20000,0.05,77,0.008431222286869069,0,0.005857587093353667,0.24204553011805652,0,0.00021318324575873187,0.6176677119834004,0,0.007965509971033255,0.2624647287013149
20000,0.05,78,0.007841048139774116,0,0.0014955501211198342,0.7629301070487615,0,4.738617251769689e-05,0.7966116314773181,0,-0.0007637840453904147,0.9134254694378738
20000,0.05,79,0.006187441970000344,0,-0.009482698184532456,0.054113177456036575,0,-0.0006071574560811329,0.4778869880303187,0,-0.0061529081709526465,0.3754281872892923
20000,0.05,80,0.00465021023590201,0,0.005415429491454583,0.2751958217739944,0,0.0002827413826234111,0.6891901353741275,0,0.005697657556805619,0.41428097100065675
20000,0.05,81,0.0057369278801722556,0,-0.0008199251729920059,0.8674966278107551,0,9.055711443045134e-05,0.1998621038667272,0,-0.0011071808878730677,0.8739841667138165
20000,0.05,82,0.005510405428070485,0,0.002486394657883538,0.6181799415794315,0,0.0005205025029709553,0.6253240349006617,0,0.0013393601460758053,0.8507699022785005
20000,0.05,83,0.0047142569715185765,0,0.0038591183333679833,0.4263499472566724,0,0.0005227547833989294,0.5485260251026329,0,0.0054971065484427165,0.4314140908194801
20000,0.05,84,0.005426136974028846,0,-0.003593333417560841,0.47644643038098244,0,-0.00014940520763863187,0.1695564108994817,0,0.005103538561184976,0.47399745669279114
20000,0.05,85,0.003586420758952038,0,0.004513017945054806,0.36080364697718825,1,0.00038525989953847544,0.005187875410821552,0,0.012474158810051128,0.07474656300042336
20000,0.05,86,0.00651345376048533,0,-1.4599958871071642e-05,0.9976584185769934,0,-0.0002687263417557177,0.5407095650966642,0,0.006637667771969606,0.34278653581447804
20000,0.05,87,0.0050090398026329825,0,-0.00218237899462443,0.6659140437866538,0,-0.00048221165466628453,0.9023533923320726,0,0.005223108921247449,0.45873030344614085
20000,0.05,88,0.005315840867185744,1,0.013266993101944066,0.007741954239383504,0,0.0013666144758211957,0.06044505484563045,1,0.015294622916369214,0.027509658034674863
20000,0.05,89,0.008371900585654221,0,0.00932499880781026,0.06095183799989018,0,0.0006449440211075763,0.05410833498964418,0,0.007289893187484844,0.3011758982901717
20000,0.05,90,0.006127330995909792,0,-0.007054677660816404,0.16108013238923646,0,-0.0005110527121388623,0.7205948414952028,0,-0.004600596593747018,0.5179764106140554
20000,0.05,91,0.004733852303935209,0,0.0060338109573268815,0.21571807850878405,0,0.0007068340245015448,0.6510609896970911,0,0.012059871816909611,0.08229476129201202
20000,0.05,92,0.0067095615098423855,0,-0.008456309380650872,0.09256581395533141,0,-0.0007400384236270799,0.5782338458774707,0,-0.00840351601997007,0.23207405113713261
20000,0.05,93,0.005151551324690431,0,-0.007117617942958079,0.15721419547143908,0,-0.0005617150015704865,0.8648979728455218,0,-0.0058657750049925725,0.4077951913767762
20000,0.05,94,0.004325761868547907,0,0.0011777027401510386,0.8161091340488456,0,0.00027408732722809196,0.14782115269917984,0,0.006220010332329319,0.3834934757552333
20000,0.05,95,0.005490388530918377,0,-0.004775981813456639,0.3408384879219196,0,-0.0004313396708994481,0.8796100094557667,0,-0.007454626734754424,0.2942761636902473
20000,0.05,96,0.004718021989908796,0,-0.0003879077988613558,0.9377584369445833,0,0.0002887969918283048,0.9563160755378897,0,-0.0067279245537597695,0.33876823051534066
20000,0.05,97,0.005304468002065004,0,-7.945389795026921e-05,0.9874281288277498,0,0.00017713441285962858,0.2721044139835467,0,0.008199266992781767,0.24431710470789555
20000,0.05,98,0.005614184402428294,0,0.009185825393743961,0.06463023721900779,0,0.001016308016250924,0.09422635413658287,1,0.015772533520119383,0.023840411725059924
20000,0.05,99,0.006896693988617776,0,-0.0013928139513732219,0.778891512680898,0,0.00012071648226846254,0.974294576285162,0,0.0053321335885428665,0.4464555839530042
20000,0.05,100,0.005254990161935654,0,-0.00737847041809472,0.13388703027076693,0,-0.0005256369953351268,0.1617996424950232,1,-0.014066078511409112,0.044613254698534666
20000,0.05,101,0.0048011172373284014,0,1.3048472902454922e-06,0.9997848373655613,0,-0.0005288858891154804,0.39468376800299165,0,0.00425693521499031,0.5398974365204481
20000,0.05,102,0.0030977952085387422,0,-0.007687945149751075,0.11625751671552038,0,-0.000695269028860899,0.3550484792510069,0,-0.005675135174078068,0.4199243378656152
20000,0.05,103,0.005979282058031195,0,-0.005669360892472717,0.24368128851435714,0,-0.00047576983121785205,0.23257284756750662,0,-0.0039887969629627575,0.5636810026288299
20000,0.05,104,0.006542909529641849,0,0.0004436379180271328,0.9288924749096452,1,0.00014933358322503687,0.04154435802331935,0,-0.00738756162797971,0.29099423818772746
20000,0.05,105,0.004094812999602666,1,-0.013754949918553897,0.006278732524799057,0,-0.0012077090797984519,0.17335501446425428,0,-0.013185608530780482,0.06318101078596924
20000,0.05,106,0.005126922819091027,0,-0.0012010303399307047,0.80819705502739,0,-8.027429342629e-05,0.09796248418668763,0,-0.005940396303875247,0.4014280313426537
20000,0.05,107,0.006136814332293654,0,0.003843794249299478,0.4323038268819185,0,0.0007865526919579173,0.7788446314986431,0,-0.011924144680669786,0.08879721231763375
20000,0.05,108,0.0036001787609765057,0,0.004970481009105133,0.32519919721897017,0,0.0006125713621526169,0.24311262368343867,0,0.0028666492468885133,0.687822746308969
20000,0.05,109,0.00471446236023361,0,-0.0013638996445710894,0.7867252465666448,0,-0.0003929196825667842,0.3720605387989313,0,-0.006036922336464545,0.3957448058492202
20000,0.05,110,0.0054704403493299565,0,-0.004964767811564498,0.3157132406390511,0,-4.537638522226458e-05,0.802328477843933,0,-0.0013777805146325424,0.8433588110995278
20000,0.05,111,0.0063385696593640664,0,-0.0015462486202677014,0.7592727336758972,0,-0.0004377917701016006,0.6492739932009761,0,-0.005694036051271747,0.42015913625169854
20000,0.05,112,0.006392916551889341,0,-0.00044005925883669125,0.9297189026200975,0,6.512205810741758e-05,0.40194151278705803,0,0.000156252466607773,0.9823276681219582
20000,0.05,113,0.006337736014042444,1,0.011401124294347871,0.02145480480658764,0,0.0006256829679746547,0.08069821341487093,0,0.007443304679178734,0.2909765095998413
20000,0.05,114,0.004338759681586376,0,0.0030801082079675787,0.5351839578311668,0,0.00020196472141651212,0.7338964900825504,0,5.357366673157285e-05,0.9938707726327285
20000,0.05,115,0.004354709373476161,0,0.00017971184451262773,0.971033268618445,0,-0.0002198963252462699,0.8535226637141733,0,0.006887884815818113,0.32677060997586005
20000,0.05,116,0.00512077553758309,0,0.002885495312673644,0.5663310757842703,0,0.00041929554817695785,0.3564202083365404,0,-0.006497771538280025,0.3514772814492204
20000,0.05,117,0.005152955026088492,0,0.0048149905529084,0.33248668200677045,0,0.00086806004729987,0.136402991446688,0,-0.003049787286910882,0.6649212951203796
20000,0.05,118,0.005819019378924748,0,0.0031546662661088307,0.5292081823237763,0,0.0002615175924891106,0.2093832258260664,0,0.0037315083852817567,0.5948298159663004
20000,0.05,119,0.0069495037170707145,1,-0.009944619805395571,0.04674987085753457,0,-0.0012115593940151307,0.9276791785306233,0,-0.007600618391268439,0.28564207400385977
20000,0.05,120,0.00570659639216398,0,-0.0004075596062461588,0.9356276381957117,0,-0.00010111517993653308,0.36453628663853865,0,-0.009473596611592595,0.17967894275562138
20000,0.05,121,0.004595336712769517,0,0.001012421323193007,0.8413766198543196,0,0.00012077191618856901,0.2157457474591562,0,0.001979724604160475,0.779475683948864
20000,0.05,122,0.009251842637278405,0,0.0032658578357729296,0.5103290053230656,0,0.00027653930751425035,0.3948208532737991,0,0.00012159407767163349,0.9861853751757218
20000,0.05,123,0.00588910496184014,0,0.008047448008113996,0.10810902206454688,1,0.0006806908082534472,0.007882847803148407,0,-2.456811497769857e-05,0.9972187646456605
20000,0.05,124,0.005000988890102021,0,0.008697221604131859,0.07786518863997917,0,0.0007700237657915722,0.32654372862807457,0,0.01102374198746138,0.11573500771765034
20000,0.05,125,0.005724882785709323,0,0.002570408760292988,0.6032923024972816,0,0.0002656706333683243,0.5771605930025491,0,0.0013858047613281108,0.8419667274268462
20000,0.05,126,0.005973332924519656,0,0.007884342241072761,0.11679438723535719,0,0.0008983436692949777,0.7080408730394885,0,0.01008835965598519,0.15757070304564796
20000,0.05,127,0.006266149447396969,0,-0.001932360616525663,0.7005793869803429,0,-0.00027090292363832994,0.211074564568565,0,-0.0030281312404254685,0.6683372752141327
20000,0.05,128,0.004308351348545164,0,-0.0012472262981812912,0.801658235347771,0,-0.00012052712884261384,0.19178036290014555,0,-0.0033089143441499486,0.6389912295970226
20000,0.05,129,0.004458512863843406,0,-0.0015343017110746576,0.7588423928580498,0,-0.00029811765547465153,0.29387255003894397,0,-0.008338497618853536,0.23913498468002467
20000,0.05,130,0.004008375423448171,0,0.006805495165490128,0.17908142416218412,0,0.0003939326755655781,0.601506918013498,0,0.012251924381712097,0.08699059984208755
20000,0.05,131,0.00513296260059823,0,-0.0009641170572034136,0.8455071171134204,0,-7.596356931976251e-05,0.9072731035939163,0,0.001894805749664251,0.7852041571616284
20000,0.05,132,0.00560008406734487,0,-0.007249044792876235,0.1369895188005462,0,-0.0007938383336307318,0.6647294764953211,0,-0.013596383056274816,0.053544706032462606
20000,0.05,133,0.005959370676516849,1,-0.013334685521958057,0.00775392471225663,0,-0.0008817139281835093,0.9624266004987092,0,-0.01368743335677818,0.05103584960352151
20000,0.05,134,0.0053465149935204,0,-0.0019451626533084213,0.6963889059993802,0,-0.00018578950389259836,0.17268604214452077,0,-0.006243396295134503,0.3748704482650388
20000,0.05,135,0.0062115086344053305,0,-0.004591904939391935,0.36033114613053085,0,-0.0004068235319555712,0.09279192845713657,0,-0.006079970872323206,0.39143878183311787
20000,0.05,136,0.0055567482389482555,0,0.0017333468417366985,0.730241379211111,0,0.0003867423272355147,0.5630898384997848,0,-0.00321176672942692,0.649970516371047
20000,0.05,137,0.008611070767233511,0,0.002607726051498685,0.6026030629820971,0,0.0004009035744325282,0.7330805877545254,0,0.005088741434107874,0.4684143819532324
20000,0.05,138,0.004658374915900182,0,-0.002760738346904007,0.5899000242689562,0,-0.0002722788829042794,0.42736653217125187,0,-0.010680475333333128,0.13779195048320264
20000,0.05,139,0.005784253633086331,1,0.011537349289653023,0.02015193199471982,0,0.0007444389138144133,0.515507626841142,1,0.01749368229656615,0.012521800165342082
20000,0.05,140,0.004354120850518436,0,-0.0026278366218151494,0.5962219344695132,0,-0.00042304071335906205,0.7741312227968971,0,-0.006045714305852679,0.3921602910207531
20000,0.05,141,0.007730339338652396,0,0.007803725457765387,0.1173368229344441,0,0.001055819799612553,0.1743517087977129,0,0.005657100465822665,0.4222291641720718
20000,0.05,142,0.005281669018639863,0,-0.00806173078293833,0.10522121127777351,0,-0.0007847113361754432,0.9788372512008963,0,-0.004234530296359394,0.5511518671792177
20000,0.05,143,0.006002588513241045,0,-0.00959169117019229,0.053123803406611055,0,-0.00040644284493701464,0.6781019573411818,0,-0.010551166214200585,0.1335568349457693
20000,0.05,144,0.008147065258077294,0,0.009163014186392565,0.06789389546683855,1,0.0008574658792053896,0.007296125378861595,0,0.0019124435437310773,0.7862167843379475
20000,0.05,145,0.004215042059195885,1,-0.009802159607628572,0.04695051212498804,0,-0.0008539711608107868,0.26339871187757957,0,-0.012408207168471403,0.07558302946636325
20000,0.05,146,0.006565709700201822,0,0.0032576678115901333,0.515731594217946,0,0.00017653650737085646,0.19052637721191978,0,0.006029983565220133,0.39541938174997016
20000,0.05,147,0.005914798120271829,0,-2.8513627248468744e-05,0.9954802335194923,0,0.00029110710173255183,0.3121893018690386,0,0.0011868775759463447,0.8682123460861442
20000,0.05,148,0.007502108842574672,0,0.0009314160063087566,0.8517079037588461,0,-0.0003998743178670631,0.7933788598926746,0,-0.006966535820302508,0.3217680735840481
20000,0.05,149,0.004196464702091755,0,-0.0017678702569622524,0.7222947202119555,0,-0.00014281430463453622,0.9628163058894925,0,-0.006366601846917407,0.36451753222169425
20000,0.05,150,0.0046916625469986695,0,0.0017762658493520984,0.720434548903881,0,-6.436213757765403e-05,0.9191245243191528,0,0.0038988521627043387,0.5758851986103359
20000,0.05,151,0.006682172772770579,0,-0.0008579001965625041,0.8628051527931815,0,-0.0001816970030236003,0.7845816266321612,0,-0.002834873914444774,0.6852609999245828
20000,0.05,152,0.004759769106674686,0,0.00843327746558922,0.09093056531675799,0,0.0010905265505189127,0.10825502129647835,0,0.003927781164741956,0.5757757900134768
20000,0.05,153,0.008390834711206984,0,0.002996449649703524,0.5453140244812498,0,0.00036119023645178405,0.49728666313859804,0,0.013620991917899873,0.05194231639748777
20000,0.05,154,0.004574933748385361,0,0.001063768387491353,0.8285445179324186,0,-0.00013748486609576973,0.5511547033132379,0,-0.005039647795132806,0.4695333760544784
20000,0.05,155,0.004013381410552322,0,-0.0034529730924654873,0.5044047551099766,0,-0.000239785725084009,0.38334603397382505,0,0.0007354727075024989,0.9187100372605842
20000,0.05,156,0.00543279320314698,1,0.01196542361582871,0.017613072277949216,0,0.0013772883563730968,0.20246738895995597,1,0.015745518727624117,0.025412750629742364
20000,0.05,157,0.005010955586711993,0,0.0021441356359814534,0.6735623444801824,0,0.0006680257307480257,0.7864548833690683,0,0.004129430273402143,0.5637905460023747
20000,0.05,158,0.005229277923216711,0,-0.003657962490468007,0.4633118858208576,0,-0.00030662506509124434,0.3664588088800689,0,0.0031882175452166168,0.653860926088866
20000,0.05,159,0.004913177830463891,0,0.008221357049773644,0.099550069840251,0,0.0012302079415986197,0.21179706596420544,0,0.012231187303204744,0.08326308899640456
20000,0.05,160,0.004760759788061212,0,0.0034199289663155823,0.49045501664676994,0,-0.00028760546540345934,0.7695832813668764,0,-0.0077789737239508435,0.2611504214962429
20000,0.05,161,0.0051735083590665485,0,-0.0009493440886254936,0.8455028317609403,0,9.767918545708251e-05,0.4813210359231652,0,-0.00197683470083649,0.7763456002259923
20000,0.05,162,0.004861755210311182,0,0.0037894651552881683,0.4438697321245578,0,0.00026256571395217535,0.11737253566675387,0,0.002697490307402294,0.7035015543510885
20000,0.05,163,0.009093510851101454,0,-0.004784280609343539,0.3277770122342225,0,8.842130958827479e-05,0.7934179294369975,0,-0.002534685892663502,0.7162318923471069
20000,0.05,164,0.010701213990272193,1,0.01191143955557282,0.017680174290036384,0,0.00047013445054390495,0.7034398469341727,0,0.0068340317583248465,0.33664844688480333
20000,0.05,165,0.005297438029502573,0,-0.0008479220211492966,0.8646681948185098,0,0.0001357043398761331,0.9897726063160206,0,0.005582663183693376,0.42459145096399675
20000,0.05,166,0.008944634632931166,0,0.00022602013043900482,0.9635869644295718,0,0.00034075266328303884,0.6135275373750443,0,-0.0019402564060864952,0.7838551169772539
20000,0.05,167,0.0043016014625938785,0,0.00232444839610939,0.6406331369045308,0,2.2041675014108043e-05,0.29575916753513665,0,0.0023751474882972266,0.7361418492430553
20000,0.05,168,0.0051737356813069,0,-0.001330911045412118,0.7926363829243457,0,0.00025988241119686114,0.3572980580703884,0,-0.0011484957298581182,0.8699765666499089
20000,0.05,169,0.006570301036414775,0,0.0053508667573338616,0.2757332886998346,0,0.0005636092765830095,0.42118637398467973,0,0.006916333039029813,0.3240883563164235
20000,0.05,170,0.004791240914246983,0,-0.00540523051309005,0.27561835926084327,0,-9.284767481475745e-05,0.2553241971751694,0,-0.0023487693958420914,0.7373006687429082
20000,0.05,171,0.007207879388347181,0,0.004028944159073176,0.42395088070541886,0,8.782453723084372e-05,0.9342088835761461,0,0.0015673212945954442,0.8251174223917138
20000,0.05,172,0.005932742031548379,0,0.0008211629990745792,0.8705496330063178,0,-0.00019077807892880976,0.8150956916724192,0,0.0012235617821816523,0.8617174330528482
20000,0.05,173,0.005918456846844391,0,0.008006894417098426,0.10215193525515445,0,0.0004758655625689538,0.543644088213394,0,0.007224171936455845,0.29938161614378817
20000,0.05,174,0.009714948770348435,0,0.001528904956383666,0.7574670654777235,0,-6.980114207700486e-05,0.2674762086588971,0,0.004279339718382032,0.5411878141437652
20000,0.05,175,0.006312258427296739,0,0.002239129919461449,0.6504592338760675,0,0.00011139312190953734,0.07162957714664242,0,0.002544942466947357,0.713855529453231
20000,0.05,176,0.00710270279036062,0,0.0014847882328495761,0.7628089724196018,0,-0.00016106267071376568,0.7829709467547729,0,0.0016086402961177945,0.8164196417419245
20000,0.05,177,0.00668862854938376,0,0.004177981135097195,0.39892670940357255,0,0.00042772398015924584,0.48357947067121065,0,0.001564466651075534,0.8222893083807533
20000,0.05,178,0.005760861665160087,0,0.0018818404784649947,0.7095301956774267,0,0.00016856776751062347,0.7672254535230684,0,-0.00032085062137064864,0.9641933038482431
20000,0.05,179,0.007210676262192304,0,0.006018217413084356,0.22564642518951306,0,0.00029295278803562414,0.09639844052488655,0,0.008095298846554551,0.24754404994927826
20000,0.05,180,0.00736253444124318,0,0.006240147246124052,0.20158535087740315,0,9.064995803692631e-05,0.2688825041349816,0,0.008572337420187388,0.21389476840187555
20000,0.05,181,0.0047818645566050635,0,0.00423470471810326,0.3972538972381995,0,0.0009496070153632509,0.3132756782924695,1,0.014028784920489128,0.04581784224608152
20000,0.05,182,0.006117149039469199,0,-0.004744274780160567,0.3379222672408747,0,-0.0003508215475178759,0.6456912861071797,0,-0.004157928230687664,0.5533906131315978
20000,0.05,183,0.005416243631721762,0,0.005448669147513692,0.2735337987632458,1,0.0002565589038540074,0.018359789648483282,0,0.0003431673689567507,0.960219231567492
20000,0.05,184,0.003995005888921106,0,0.006582687526406211,0.18649771393915146,0,0.0005955056015429454,0.6194038704626719,1,0.013985432558596916,0.04957122462965405
20000,0.05,185,0.006661985461763816,0,-0.006979369418428589,0.16541172517537653,0,-0.0006028698270687301,0.2808367300184591,0,-0.006857111204782521,0.33009800987764504
20000,0.05,186,0.0055557707738479395,0,-0.00028747166746651573,0.9540167527278929,0,0.00012002881271479235,0.4834743810414246,0,0.004958659570933721,0.47720214852590814
20000,0.05,187,0.005338623690644951,0,0.004846594783479506,0.3334061960501341,0,0.0007197254831189072,0.09217438371817077,0,0.0006491381762737454,0.9265606376137234
20000,0.05,188,0.005844157250288792,0,0.002370702614225271,0.6362175873694564,1,0.0005891025494682553,0.001959860275555725,0,0.0003970385972470922,0.9549383607963049
20000,0.05,189,0.006246287470616216,0,-0.005462783113902521,0.2776926488911587,0,-0.00047482188998701095,0.9586610068898634,0,0.004960498501611248,0.4801779120668197
20000,0.05,190,0.005228905426735551,0,0.0017126095107293556,0.732706631360523,0,1.4881659745907086e-05,0.5490045251019313,0,-0.0024777514448029955,0.7229641870644865
20000,0.05,191,0.007202115812753119,0,-6.153565827389127e-05,0.9901293661237045,0,-3.3880058997946943e-06,0.43475045510210175,0,0.001560770682764952,0.8238624687540855
20000,0.05,192,0.00527286413929942,0,0.0059688531232294255,0.22628030645273287,0,0.0007885981348041679,0.10894663312529362,0,-0.001179378339726902,0.865853738528816
20000,0.05,193,0.00423998485324599,0,-0.0030325129103940247,0.5409221626438222,0,-0.0006541850529970564,0.9507893477597448,0,-0.00128322127970574,0.8543092431434115
20000,0.05,194,0.007200499220683971,1,0.009969584574179501,0.04099169714933928,0,0.0009888076198175273,0.09014744716780321,0,0.008111120479432805,0.2456990994556643
20000,0.05,195,0.007113017227040257,0,-0.0024028691565043366,0.6323896884987785,1,-0.00034663669147176065,0.043930753500972974,0,0.00487157031695855,0.48714333297586954
20000,0.05,196,0.006403192117617191,0,-0.0029888351207758494,0.5445332514976715,0,-3.845007094477335e-05,0.9759372158863593,0,0.0007590217344806181,0.9139123276710497
20000,0.05,197,0.004528919700458721,0,-0.00923036313405816,0.06672257860203837,0,-0.0011500661226532356,0.5559421108910494,0,-0.011017547171387613,0.11932193617258748
20000,0.05,198,0.0051128113347019095,0,-0.005020354213983747,0.3157246636973821,0,-0.0009375172714535621,0.17415778119363456,0,-0.0029238822529017152,0.6762779310908782
20000,0.05,199,0.005749030974258209,0,0.004668053208621444,0.354822302663259,0,0.0007044484907248793,0.1783978370527617,0,-0.003917312921161636,0.5814746576535617
20000,0.1,0,0.005035443394272168,0,-0.004783042372238994,0.3353299990709123,0,-0.00027347917646613275,0.8128479816735025,0,-0.0021114896438053296,0.763288945230866
20000,0.1,1,0.0053632716032697625,0,0.004976914118684796,0.3195866344536954,0,0.0008201176385301649,0.641358639060216,0,0.0013186026864545595,0.8520093265105704
20000,0.1,2,0.004792235335225598,0,-0.005121583086045482,0.3071984722223665,0,-0.0004890561731062475,0.7573339096747806,0,-0.006711406326691544,0.34266351618205015
20000,0.1,3,0.005052388819026709,0,0.0007055039783017006,0.8882661318324616,0,5.215449741504555e-05,0.06400338315892362,0,0.0010929251089238068,0.8779199906812067
20000,0.1,4,0.008184055086663405,0,-0.0006492330510898116,0.8964867323932983,0,-0.00013529032042726303,0.14856474653651142,0,0.00061736120235217,0.9306809839470372
20000,0.1,5,0.007190325937234035,0,-0.0027119636712041534,0.578565915646337,0,-0.0008191572094368796,0.6070741398711796,0,-0.005432105758937925,0.43362573887963696
20000,0.1,6,0.00648711987502521,0,0.0012230975509742012,0.8066627742928238,0,0.00011064952821306516,0.9219302656317734,0,0.005666689929548493,0.42450736407980805
20000,0.1,7,0.005673575779665687,0,0.0016208055689462429,0.7472276290596511,0,0.0005301803210726976,0.085338791760321,0,0.0061243673495198075,0.38558960214177185
20000,0.1,8,0.005247846340499438,0,0.0017940652399669492,0.720542967252722,0,-0.00014904667511809018,0.9128632883089821,0,0.00944201041179543,0.18482741067567154
20000,0.1,9,0.005980597628673149,0,0.0037723422007906074,0.4513148789202419,0,0.00014594016155974695,0.5710290884460787,0,-0.00912763768032846,0.19823905541897785
20000,0.1,10,0.005569329901246324,0,-0.008886239150668527,0.07209535689157942,0,-0.00046904585429743793,0.919370404359248,0,-0.01119032131532962,0.11105163465609087
20000,0.1,11,0.005417318142499013,0,0.0043439427102221805,0.3785947479850601,0,9.426114043504216e-05,0.9906066458984504,0,-0.002217625625382174,0.7508655651791319
20000,0.1,12,0.005980760391052557,0,-0.003389073951541154,0.4901590516694283,0,-9.149706615517344e-05,0.9208274866839473,0,-0.0070741220319722135,0.310942121122383
20000,0.1,13,0.0045548835067597635,1,0.010495260149030735,0.03682739445572244,0,0.0010146796108742892,0.674957768860911,0,0.006736600208926217,0.3364737167878392
20000,0.1,14,0.005583222224036792,0,-0.008399740369117406,0.08796442896349056,0,-0.000754565823978316,0.8413208428669601,0,-0.003820581411951176,0.585413604038477
20000,0.1,15,0.005477625674674784,0,4.5999054230609496e-05,0.9925867789586795,0,-0.0001979670101518392,0.6213842656069652,0,-0.0038302406713979597,0.5872071940329553
20000,0.1,16,0.007398687361537995,0,-0.0035924475726525863,0.4767671199581649,0,-0.0007667509662463238,0.3944054676184321,0,0.0004045411426785101,0.9547918601219116
20000,0.1,17,0.003946177580596077,0,-0.006573464681027177,0.18664309124484005,0,-0.0008389869163685373,0.7377625416635254,0,-0.0017330703299426957,0.8067387582280197
20000,0.1,18,0.008697605483456971,0,-0.0013482307534346612,0.787472995895003,0,0.0001352380529918138,0.7254429107941645,0,-0.0007095289026841788,0.9201354092683655
20000,0.1,19,0.005792995938622122,0,0.00353883810368917,0.4841488795798652,0,0.00022516328435706465,0.6760262657675427,0,0.009568789738937945,0.17987085194234773
20000,0.1,20,0.00447635050326284,0,0.0007508778876561607,0.8808656573076026,0,3.271080354219918e-05,0.36207755882485726,0,-0.0021926029255873096,0.7551364072249448
20000,0.1,21,0.007364063880075134,0,-0.0011785162102260196,0.8153859810406264,0,-0.0002229633159718389,0.7857215142904979,0,0.0010329038028302194,0.8846123797739378
20000,0.1,22,0.006461728077411182,0,0.0004746681136757995,0.923150231424831,0,0.0003625281461642988,0.6959292039604748,0,-0.0011968741092105912,0.8655872625154987
20000,0.1,23,0.0041222366793645165,0,-0.0031650757670955406,0.5218934539905408,0,-0.000609907752980504,0.29121962455268324,0,0.0006937293125708066,0.9210840094222867
20000,0.1,24,0.0066621293977727645,0,0.006069369869615569,0.22004115431661478,0,0.00041250102524545586,0.11110878256973378,0,0.013249507394592979,0.05901930811574581
20000,0.1,25,0.006567461662460118,0,0.007154305357178883,0.1542999898290853,0,0.0012557354954641831,0.7332013585141764,0,0.0009405177984070877,0.8943153656731969
20000,0.1,26,0.006326988543587011,0,0.0028422253686328494,0.5710008745374826,0,0.00012357464474696629,0.7167678560908908,0,-0.003174623639469596,0.651880800731153
20000,0.1,27,0.006358272749556279,0,-0.009115768925885153,0.06908082360678149,0,-0.0005590929090519624,0.4160117085295437,0,-0.012798419200039032,0.07105287717079256
20000,0.1,28,0.006830438891691629,0,0.005771131646321514,0.24241119886970028,0,0.0003255603204492888,0.3544888916416402,0,0.009328979872716723,0.18609422450931176
20000,0.1,29,0.00612982111027519,0,-0.0013446927162021987,0.7854782919377559,0,-2.913258203168262e-05,0.4035238569093721,0,0.013092556984127507,0.06174294618946853
20000,0.1,30,0.008347186491482328,1,0.01009020094263249,0.04484011369905174,1,0.0007247124336661888,0.015041259192022371,0,0.011888603549652403,0.08957239795901249
20000,0.1,31,0.004818654223430821,0,-0.002801825651823076,0.5752454438745487,0,0.00018309904205759142,0.6938647750266205,0,0.005501988206100861,0.42722422563371987
20000,0.1,32,0.006888469352026615,0,-0.008503042880803818,0.08952187541298405,0,-0.0009373887549708028,0.1159358929370854,0,-0.006443343707517334,0.3559237851299787
20000,0.1,33,0.005996376700215141,0,-0.001743269671632138,0.7250687418900259,0,-0.0008406723173645428,0.1301338282710689,0,0.00671763506286442,0.3401318505636658
20000,0.1,34,0.003998480747147902,0,-0.0075000796857244405,0.13472486520319524,0,-0.0003227950524963163,0.4700151909606137,0,-0.010080801820718991,0.15338951092327638
20000,0.1,35,0.00797255102820502,0,0.0016486152861594384,0.7407003593958942,0,4.6178740377854454e-05,0.33215689482181576,0,-0.0004189996981245512,0.9530413389744602
20000,0.1,36,0.005366927029525452,0,0.0020170267179422507,0.6877716358599484,0,1.5669419903587285e-05,0.4525397836504027,0,0.0006938288805164766,0.9226671193795569
20000,0.1,37,0.005887356635261689,0,-0.0071698860432022225,0.1445867295416162,0,-0.0005361538153902546,0.8900116455244134,0,-0.0030449821394870832,0.6639062459979992
20000,0.1,38,0.006318542933025202,0,-0.0038732578091677647,0.4362672255304305,0,-0.0003659745403031551,0.644158536904873,0,-0.005355758670173674,0.4447451467737481
20000,0.1,39,0.0059326750748337435,0,-0.00814326382707381,0.10418177208698155,1,-0.0010302237303506582,0.012703709298750976,0,-0.0068455215805100205,0.33233832816099385
20000,0.1,40,0.004826402521154901,0,0.0006907125563151797,0.8872280970230968,0,0.00023404279372964853,0.23570046202411465,0,0.001311490198548488,0.8515893694762744
20000,0.1,41,0.007584930185586829,0,-0.0010981854940539078,0.8259394601606636,0,-0.00025326428164876795,0.9732724887356977,0,0.007252076102353523,0.3050949075509537
20000,0.1,42,0.004962251512070402,0,-0.0005671944814952209,0.9099139270369454,0,0.00011720048053629338,0.2869526525977246,0,-3.61043449337412e-05,0.9959436327535681
20000,0.1,43,0.0052319209816958315,0,-0.004015376462855831,0.42060541960778464,0,-0.000639493826280578,0.9263165821325379,0,-0.007709010342752383,0.26773810772709905
20000,0.1,44,0.005829764006380431,0,-0.005090176003451344,0.3067177346193947,0,0.0002646309228512118,0.9085932589471984,0,-0.007949955807420021,0.2591840736579423
20000,0.1,45,0.004062037172214631,0,0.00037535859012635523,0.939266961070468,0,-0.00017675444097785186,0.25140908974181453,0,-0.006478266197712567,0.3569296494956923
20000,0.1,46,0.005420284746634196,0,0.0065701216843482586,0.19073876065559706,0,0.00016045087402232714,0.8830113623884241,0,0.010214412000547537,0.14537272717916072
20000,0.1,47,0.00479383791540144,0,-0.0005385788493940074,0.9133446979658879,0,-8.745373234682996e-06,0.418557375823315,0,-0.00023633554157456976,0.973367269584791
20000,0.1,48,0.006964599743825446,0,0.007722166067568894,0.12271462785476064,0,0.000793828565927386,0.8837832930097032,1,0.015943831290903782,0.02605807795794202
20000,0.1,49,0.004689991657825222,0,0.0015867510036842985,0.7500184593793793,0,0.0003820113775760324,0.4774926303257958,0,-0.0023327516686850714,0.7415025124776029
20000,0.1,50,0.005164895885989422,0,0.00013321398685203658,0.9784841324932485,1,-0.00025026638267109275,0.03152899014833588,0,-0.0034671469158915336,0.6224956769658982
20000,0.1,51,0.004328996552924615,0,0.0020852815767284255,0.6778706531879997,0,0.000460162375566853,0.14157466053165746,0,0.005078162964174783,0.47330586923607987
20000,0.1,52,0.0048619140722560095,0,-0.004228155717375179,0.40180419126609557,0,-0.00035355084509895723,0.9349339711337686,0,-0.006530920782152108,0.36144769543588595
20000,0.1,53,0.004085713830056813,0,-0.006906564281198436,0.17122121935648213,0,-0.000446017885600462,0.16577022405549502,1,-0.017736897125154704,0.012079776698275835
20000,0.1,54,0.006075584248960554,0,0.003501509287030487,0.4928627312483246,0,5.59716156235852e-05,0.1357006013761317,0,-0.005553947535190431,0.43342648024223773
20000,0.1,55,0.006150214712098307,0,0.008696964606640229,0.08228163294470402,0,0.0004156155017041911,0.738351099511623,0,0.005498961312441459,0.4355643909915219
20000,0.1,56,0.004466168311271768,0,0.004654989354310588,0.3653827070793869,1,-1.8264441320287562e-05,0.039510812152417474,0,0.0003764276180001885,0.9580157120411633
20000,0.1,57,0.004365887029930824,0,-0.005329485663139649,0.295467817985898,0,-0.00023045191008691518,0.8066839266257545,0,0.0007078095998094551,0.9210503160593251
20000,0.1,58,0.006169860236991487,0,0.0009926617280814256,0.8431437466649663,1,0.0006172095848501538,0.030774769221019294,0,0.011767014900203487,0.09676730727305455
20000,0.1,59,0.004960418817353772,0,0.0011092293797842605,0.8254480013780752,0,-0.00041704025818915157,0.7110776774622298,0,0.0069126766675596495,0.32817205949896566
20000,0.1,60,0.006196869542126258,0,0.005624112717519253,0.24875728157207885,0,0.000716992976402075,0.9466057406432822,0,0.013672491462381633,0.052649372414260355
20000,0.1,61,0.006069958270060763,0,0.00867222971329968,0.08648430543381656,0,0.0012256864931424263,0.12054782323321289,0,0.008598732870689074,0.2316605114468531
20000,0.1,62,0.00304765552330592,1,-0.010127040509549986,0.04318344032058319,0,-0.0004136830794555529,0.9178880089667427,0,-0.0035302646178564296,0.6133878127562666
20000,0.1,63,0.005275518444351789,0,-0.0006578676608718992,0.8957241382598254,0,5.946278529170579e-05,0.21782973477388345,0,0.0017628041300463463,0.80298742188853
20000,0.1,64,0.004243799914036744,0,-0.0017270860512703765,0.7256224855904846,0,3.15576547391495e-06,0.9974633439991669,0,-0.009896985776751051,0.15761460289596838
20000,0.1,65,0.004804491151711959,0,0.0049060616096525175,0.33011357326234425,0,0.00010112758186513569,0.748017113805334,1,0.015104729920447443,0.03431594567239854
20000,0.1,66,0.005534153028448382,0,-0.00771414212829902,0.12085886625585063,0,-0.001083151238065709,0.3140121108017052,0,-0.0047915895312912364,0.49906102587356793
20000,0.1,67,0.005888971526762024,0,0.001032517540162837,0.8376754803327845,0,5.682221635533634e-05,0.8578296568577854,0,0.004249624289783559,0.555176802439924
20000,0.1,68,0.006240874501822125,1,-0.012808595687704098,0.011196711315194646,1,-0.0011146159168014466,0.012908002379446004,0,-0.007319955358313687,0.30096793038584424
20000,0.1,69,0.005852000081419892,0,0.003412562534055489,0.48972382879244125,0,5.885870550593429e-05,0.914685935375523,0,0.007091246702919802,0.31426873348843926
20000,0.1,70,0.006548981950245543,0,-0.003258891400768931,0.5162919103406136,0,-0.00016920240939945322,0.25689392403212286,0,-0.0016967092251634344,0.8099949489726976
20000,0.1,71,0.008407567811287563,0,0.0032413822826057683,0.5145625126153834,0,0.00039482322341238715,0.4784924909674384,0,0.00011182549064376972,0.9873653238409468
20000,0.1,72,0.007396919527359851,0,-0.003867511453886701,0.43732919578751184,0,-0.0003617144776621416,0.34537329775406844,0,-0.01197930663911143,0.08939866475971868
20000,0.1,73,0.006049274273367242,0,-0.005669116032083836,0.264618991532644,0,-0.0005793386007727679,0.28211174334754785,0,0.0005203640188015616,0.9417271213370066
20000,0.1,74,0.005705580912234848,0,0.002030271265790481,0.6860506293013007,0,0.0005471573229241969,0.7055271653471439,0,0.001309058024479563,0.8524906870277704
20000,0.1,75,0.0048602140743361786,0,0.00937334157296334,0.061600498324135895,0,0.0008987100397782367,0.1589557395177198,0,0.011236209841792693,0.10934977713569068
20000,0.1,76,0.004046529246731211,0,0.0046817874830931685,0.3526942109345902,0,0.00039635448818913535,0.22819464902011743,0,0.0025586896578390886,0.7187453458160413
20000,0.1,77,0.006521461097738699,0,0.0006415336437207834,0.8972779924015674,0,-9.695073068937633e-05,0.5978970365732361,0,-0.008481193348808237,0.22956583221672183
20000,0.1,78,0.00536452638723138,0,0.00011061901306817822,0.9826352855601919,0,0.0002009758311612141,0.5711153091569194,0,-0.01039375551455265,0.13571175313368933
20000,0.1,79,0.005422703102357858,0,3.764273339793131e-05,0.9939476298991761,0,-0.0001544667816135356,0.0641939311321218,0,0.0027483195140700603,0.6964465007051576
20000,0.1,80,0.00504624300105009,0,-0.008975091505799457,0.07269153734964819,0,-0.0006261670309958331,0.7684519572415224,1,-0.015111721018184136,0.032284332381454325
20000,0.1,81,0.007805187181149785,0,0.002522617380515158,0.6155730008215361,0,-0.00010219290666563565,0.8273688493281676,0,0.009143478069256493,0.1968366614177069
20000,0.1,82,0.006310734894718253,0,-0.0032292667737662474,0.5218095299367861,0,0.00012419610105602973,0.5187416936186577,0,-0.00130560179340175,0.8550376457697936
20000,0.1,83,0.005298868887554924,0,0.0010799753351151513,0.827343014923913,0,5.422688317035811e-05,0.572245396840412,0,-0.007846450173782047,0.2661171327982336
20000,0.1,84,0.006447702122682765,0,0.0001891248883166682,0.9696865361484055,0,0.00016406709906967846,0.067800121698252,0,0.0048880171824642014,0.4897162030078547
20000,0.1,85,0.006631203516246307,1,-0.01189708356955244,0.016987162754304654,1,-0.0011138483459094252,0.016288692682059125,0,-0.009428268250133914,0.180613507762213
20000,0.1,86,0.003895890742630944,0,0.004884280963451141,0.3210327949523412,0,-6.404359303462021e-05,0.4953639328043197,0,-0.0013194373560879039,0.8527676723739608
20000,0.1,87,0.005828301315161575,0,-0.0004925605072725308,0.9211725684884093,0,-0.0005012069405287854,0.052752010961576556,0,-0.0011730728782142225,0.8677000559133561
20000,0.1,88,0.0067815041183569395,0,-0.009339861922192463,0.06084280952651805,0,-0.0011099766403253766,0.29816908605036296,0,-0.004432156142132386,0.5297015717377377
20000,0.1,89,0.006143261536999125,0,0.004015709558372047,0.41232073151922555,0,0.0006087335196904037,0.4928622605021399,0,0.007722359575996222,0.2663946965087049
20000,0.1,90,0.00486777252001589,0,0.0014767471802116772,0.766127203867967,0,-0.00028721341735139436,0.9371801086375149,0,-0.0029351600045881077,0.6776602792349202
20000,0.1,91,0.007263035445732927,0,0.004704036101715787,0.3526939588471758,0,0.00017042908916539254,0.3900197739017017,0,0.0068248211661265535,0.3353674556887838
20000,0.1,92,0.005991997265615291,0,-0.005025773559219645,0.3165747988054406,0,-0.00042990506274741307,0.63454198007562,0,-0.007540741255559572,0.2860562987642757
20000,0.1,93,0.0041790610467850285,0,0.0048776753132325264,0.32598467108655704,1,-0.00015579667275156714,0.022107632957180545,0,0.005244983713336159,0.4599710098215768
20000,0.1,94,0.005492470162707714,0,0.004994569663285573,0.3107498078172116,0,0.0006161011623616383,0.09340452356381146,0,0.0032953607841437606,0.6391240712288504
20000,0.1,95,0.005446508915845072,0,-0.0038481703758216843,0.4461934546462596,0,-0.00036796538318854724,0.10115082067753756,0,-0.001783524847666133,0.7996456400929648
20000,0.1,96,0.006736100431788846,0,0.005223041012094147,0.2965707462165924,0,0.000462156750466205,0.28909126859126066,0,0.004675134566928958,0.5077271437389904
20000,0.1,97,0.006182665880657003,0,-0.006884456049665512,0.16500944629484296,0,-0.0004921085836600554,0.972262103027906,0,-0.006957511268690801,0.32792064510452523
20000,0.1,98,0.006236274107020207,0,0.00608200818415938,0.22565012538728985,0,0.0005853232169004755,0.6671307489032706,0,0.0030420497371883575,0.6695797999808294
20000,0.1,99,0.005439617081627508,1,0.009690999810273148,0.04951092819508746,0,0.0006852367464123561,0.9525209793327323,0,0.012697334616910222,0.07042510768084918
20000,0.1,100,0.004858051528069666,0,-0.004278958235503655,0.39053308653365937,0,-0.0004104183307938391,0.316414304916229,0,-0.004289478243169317,0.5420430786220867
20000,0.1,101,0.005952752011445009,0,-0.0027584097402257703,0.5805854203372489,0,-0.0003037929601441552,0.4395840355323499,0,0.00030911747051578587,0.965060438741091
20000,0.1,102,0.006139576836361049,1,0.010355186879387192,0.03762438289300714,0,0.0007872392842205541,0.48516675900956263,0,0.002672451171436203,0.7044825602393572
20000,0.1,103,0.005576340925175345,0,-0.0031402579330518225,0.533170995100284,0,-0.0001987855106857299,0.7239915987738463,0,-0.0011269284038764038,0.8725080509364399
20000,0.1,104,0.0051383203959004435,0,-0.009693932613116768,0.051275183676374785,0,-0.0007535079406292132,0.7012722913135301,0,-0.013074114456784126,0.06284577057402195
20000,0.1,105,0.006663224905424629,0,0.0011635399399531209,0.8146311308377618,0,5.218999881692018e-05,0.051426500099905015,0,-0.0020386074575203645,0.7723503176153953
20000,0.1,106,0.0060205794059250565,0,0.0016919401855250652,0.7376354795904168,0,-5.7435043435094424e-05,0.22592175770821754,0,-0.003378414399176975,0.633869616394455
20000,0.1,107,0.005493300088217994,0,-0.006569698860991215,0.18208583627989353,0,-0.0004972725482825117,0.07090605920930737,0,-0.008291967448655692,0.23915794183003478
20000,0.1,108,0.005418059755681789,0,-0.000516843348212112,0.9169930812903069,0,-0.00033007644763725956,0.06639803778445996,0,-0.006331175428307208,0.36923116141873946
20000,0.1,109,0.005249313807857444,0,-0.0012457922907808268,0.804966401010889,0,-7.607615077455415e-05,0.6497738140273159,0,-0.010642232467960224,0.12788900454279384
20000,0.1,110,0.005924381908279719,0,0.0039304431229979005,0.42382051100057727,0,0.00018529173642089857,0.4528413192915356,0,0.0017604556022643902,0.8024620670877473
20000,0.1,111,0.004703507409209688,0,-0.0036242895719004985,0.4613703883455472,0,-0.0005695049484630228,0.09031751466062043,0,0.0018743373730061744,0.7899195751764212
20000,0.1,112,0.006516224226011809,0,-0.005007101435993995,0.3144190361106512,0,-4.5341998059242875e-05,0.8120291177107206,0,-0.00271895015031835,0.6970384011890516
20000,0.1,113,0.004735970759896081,0,-0.0004835658188263117,0.9232302387190725,0,-8.633919492038119e-05,0.652774295743326,0,-0.00445159572662227,0.528511962625014
20000,0.1,114,0.004193312685743795,0,0.003414390933247134,0.4932783370091115,0,0.00020380271992453754,0.12880537808868753,0,0.0039204629427029005,0.5755903490896114
20000,0.1,115,0.005828350594605247,0,0.006028590708110791,0.2278616564965002,0,0.0006327034308667501,0.3222469549454656,0,0.00839434382473557,0.2300019880583628
20000,0.1,116,0.006254845689093838,0,-0.0010477327272945729,0.8343396393131756,0,-0.00018581276835199378,0.6304493949450644,0,-0.011166268900962336,0.11105173250293206
20000,0.1,117,0.005309843259959175,0,0.0034580915177081974,0.48349776374128184,0,2.6083772143268074e-05,0.20362503246761088,0,0.0015509729224059215,0.8261638765796918
20000,0.1,118,0.0034914723618405716,0,0.006620506065741288,0.18561628277242478,0,0.0006002692351782462,0.45256920175986215,0,0.011050449708322902,0.11752190210313045
20000,0.1,119,0.005567512749270281,0,-0.002989253553029753,0.5424792903293718,0,-4.588336839925547e-05,0.8715350044889978,0,-0.006006939458600008,0.39030437134590323
20000,0.1,120,0.008120536601208648,0,-0.0030429785965752397,0.5346518942317482,0,-0.0004993930321850747,0.3364749110784415,0,-0.00016820405813816608,0.98052059534358
20000,0.1,121,0.004830949339233778,0,0.0006437484207506136,0.8970669449715091,0,0.00017630712990685627,0.19820289032455096,0,-0.0016382588636821506,0.8149394446828726
20000,0.1,122,0.007970703666470342,0,-0.005614787570717525,0.2578966808005758,0,-0.00041383499286584924,0.4219894840173841,0,3.682735968337262e-05,0.9957870847911763
20000,0.1,123,0.004031823452800334,0,0.004995198617059424,0.31668765896668843,0,0.0001276509945957479,0.3928899820020745,0,0.0008515704169142987,0.903417804070114
20000,0.1,124,0.006806645550460897,0,-0.003824049348582842,0.4452363642916184,0,-0.0005243284010803326,0.8135931479009528,0,0.003088732641616628,0.6611905185978358
20000,0.1,125,0.007697722694331408,0,0.0006561149884734081,0.894313789626874,1,0.00021235136154302,0.03022143789417986,0,0.0034923632608826268,0.6160344786322511
20000,0.1,126,0.006614629048477018,0,-0.007566268387110797,0.12763613490346326,0,-0.0002954677831132548,0.49626771987057416,0,-0.011844990593390845,0.09260068348305954
20000,0.1,127,0.004718049692276866,0,0.00010305299782175769,0.9833699579188809,0,0.0001458575336934481,0.9676073885907419,0,0.00968550062671645,0.16604062318111107
20000,0.1,128,0.004822898752870833,0,0.008108966892592382,0.10147177011880391,0,0.0006657920075122051,0.8486517794099604,0,0.011319130226649647,0.10657769017681465
20000,0.1,129,0.004346335870988396,0,-9.578999331478696e-05,0.9849398492563783,0,-5.312710080056478e-05,0.5940216444147517,0,0.0006971062189398154,0.9221553027421437
20000,0.1,130,0.006030437316495609,0,-0.0012844040470492463,0.7985383567280079,0,-3.9276794360430314e-05,0.4007187280918716,0,-0.00031282590270387354,0.9646661563586294
20000,0.1,131,0.004870493417712979,0,0.00119137499059461,0.8100561521937975,0,0.0003754792340012623,0.4818000254833694,0,0.003561248525673593,0.6118068843515143
20000,0.1,132,0.0058076979529963465,0,-0.004014162108363367,0.41784513437895066,0,-0.0007111731982119019,0.6201326797746247,0,-0.005384773729187408,0.43491109714210474
20000,0.1,133,0.005671967924182863,0,-0.009338116472935233,0.06351397253718939,0,-0.001193673930381614,0.906196731088657,1,-0.014381538266083276,0.043707780798837186
20000,0.1,134,0.006534350739956014,0,-0.0011530508726811887,0.8183120821386125,0,0.00012503683986176843,0.9378621631444876,0,-0.0015594844088329279,0.8250250510241812
20000,0.1,135,0.004759850885417795,0,-0.0017047896313706705,0.7374094004473278,0,-0.00021428201640816583,0.25480978932022413,0,0.003573053520467161,0.6186415053775024
20000,0.1,136,0.005809010646071889,0,-0.007347451080939925,0.14118844502256697,0,-0.000571887878950326,0.32714435633388583,0,-0.0070042626857338055,0.3194386878011267
20000,0.1,137,0.004224621460319837,0,-0.0044581784377616725,0.36933847347914284,0,-0.0003680193762963666,0.43436662962881734,0,-0.007463923585582442,0.28934871823846287
20000,0.1,138,0.005409866328426582,0,-0.0016661447274527316,0.73564909557145,0,-0.00010022688247917373,0.49745847182764535,0,-0.006427062797284253,0.3590681180063089
20000,0.1,139,0.004373298364159097,0,0.005717345097141701,0.24542371908956098,0,0.0006038073133921554,0.3009717287571698,0,0.006392605049425444,0.35735548152736085
20000,0.1,140,0.006887123050817246,0,0.008216723784573362,0.09571797806869912,0,0.0007490964825076205,0.4025613341460266,0,0.0012618725721647397,0.8576285936630743
20000,0.1,141,0.0038430547985324154,0,0.008943846940739781,0.07020130595519858,0,0.00022173418012495064,0.12244129118969016,0,0.01002006186148242,0.15334763517255307
20000,0.1,142,0.0059499128301095956,0,0.007028846399323204,0.16096913299962637,1,0.00017042654534966275,0.0010535610357720326,0,-0.0002659682187585831,0.9697772220199246
20000,0.1,143,0.005000801350461171,0,0.0012452540610578178,0.799348904853717,0,0.0001591308587344651,0.5043206865527154,0,0.0029752519055180433,0.6680564906828441
20000,0.1,144,0.004874133289990083,0,-0.0018708643740014334,0.7041097666170628,0,-0.000569030898551445,0.8423382823663662,0,-0.009737294569598253,0.16386365598367517
20000,0.1,145,0.006287101442726914,0,0.0019657198550652776,0.6922783818418716,0,0.00047989897404392926,0.5623065604751531,0,0.0003150626968950452,0.9645281421429395
20000,0.1,146,0.0068162495706910785,0,0.00957014123275885,0.05504472873623129,0,0.0008327430559110159,0.776469338850591,0,0.009688813328990412,0.17117836919370294
20000,0.1,147,0.005622153864318498,0,0.0030792597096587046,0.5436601229542775,0,0.00023595097389779256,0.7881399468091562,0,0.0038306911431698694,0.591944222889847
20000,0.1,148,0.004994864479341223,0,0.0011812106154117344,0.8096752337337535,0,-0.00034544331824306484,0.3100443061179152,0,-0.0036393190502616666,0.602435809496608
20000,0.1,149,0.0063265696553295335,0,-0.008384879963094718,0.09478043384722377,0,-0.000791891311073965,0.7402269768598422,0,-0.005290473558546025,0.4583841954857758
20000,0.1,150,0.003678345756673095,0,-0.004357824797809081,0.3854612391952831,0,-0.0005232704703615549,0.5885980597731286,0,-0.005644373815766887,0.42399981505743545
20000,0.1,151,0.006648321532122614,0,0.005113652655467041,0.3005157326581358,0,-0.00014121301595548471,0.39283891057966924,0,-0.0014637629777323566,0.8343981097474186
20000,0.1,152,0.004263621831386171,0,0.005427357522613217,0.26923408942139726,0,0.0003535333092716281,0.7907206923542757,0,0.004961245058455513,0.476355735825412
20000,0.1,153,0.004975808542884267,0,-0.002130803581418938,0.6679443510270964,0,-0.0002257185501727503,0.5672390413252195,0,0.0019357757075691387,0.7855240495195367
20000,0.1,154,0.009343175083121564,0,-0.006139031339675888,0.2158200245525508,0,-0.00035556256810228675,0.6034212624332052,0,0.0006782521943261271,0.9236779109728575
20000,0.1,155,0.004644433983542639,0,-0.0009379260783629598,0.8485313407653257,0,0.00031467423615523824,0.6140757183738674,0,-0.0049358835557313345,0.48028629705839976
20000,0.1,156,0.005611408788872471,0,-0.00707999788090083,0.15726354889835104,0,-0.0001744834842600291,0.22918288343540105,0,0.0004316968398854317,0.9511553263544974
20000,0.1,157,0.005009981137785143,0,-0.007027906543442942,0.15331804411232483,0,-0.0004349637760994059,0.7036668664948016,0,0.0005911015302185587,0.9322528864632245
20000,0.1,158,0.005337156176956637,0,0.00372507232720928,0.4556171141754384,0,0.000291440204532681,0.7450487982682619,0,0.003294939829080021,0.6402717915115022
20000,0.1,159,0.004810209005363364,0,0.0006304476385360263,0.8998776779926312,0,-0.00025499726210734605,0.46083286718542493,0,-0.00414983963349168,0.5565865189379533
20000,0.1,160,0.0062574223485961835,0,-0.0004824481036791868,0.9227650931900573,0,-0.00024122989632993443,0.14395770310509248,0,-0.0011278935564368287,0.8722336191924845
20000,0.1,161,0.008459350932898695,0,0.0003907205689322184,0.9376351343356788,0,-1.123400315472119e-05,0.6589757215288221,0,-4.758911232990233e-05,0.9945504237524637
20000,0.1,162,0.005697631477912958,0,-0.00533844107295629,0.2845253253890452,0,-0.0004196876082642326,0.3136843504178213,0,-0.008065751670592156,0.25196340675237655
20000,0.1,163,0.006744036371738301,0,0.0010285021106916795,0.8361742099011531,0,-0.00011574557320631336,0.4254132198709466,0,-0.007313854091178481,0.29978260565422915
20000,0.1,164,0.0035254265158956343,0,-0.0051538523875218865,0.2935654229015752,0,-0.0004425974887648644,0.4234183571391412,0,-0.005741178628012908,0.4121437888467032
20000,0.1,165,0.005533632763729756,0,-0.006262273382319187,0.20334767889657623,0,-0.00021341061479395569,0.5203225655079324,0,-0.0064344937932300506,0.3554266619208005
20000,0.1,166,0.008054494155401277,0,-0.005523438062999135,0.2596026321567698,0,-0.00042947595947816935,0.826523764569846,0,0.00604765812868108,0.3798763472152502
20000,0.1,167,0.005943360184442889,0,-0.008291400581716086,0.09374380787860793,0,-0.0008762322347743314,0.6719003645460113,0,-0.004989738345652301,0.4813111640464791
20000,0.1,168,0.005803555620589283,0,0.001908204405262539,0.7041305232663169,0,0.00044629209032016036,0.832722861766283,0,-0.0003235704429518735,0.9635167378092784
20000,0.1,169,0.007368293384181854,0,-0.0026240956575455544,0.5945445682719832,0,-0.00042209025416348276,0.39274942178054717,0,0.00414922878276879,0.5516532517975814
20000,0.1,170,0.0068700830656434585,0,-0.0071073598799641854,0.1505418952085919,0,-0.0003815362777887701,0.20332564166464429,0,-0.007645911094848864,0.2749548219817695
20000,0.1,171,0.006111201278511366,0,0.00012945420681764915,0.9792397336230712,0,-0.00025923829264201827,0.4669556913104915,0,0.009810003011637484,0.16191219417683814
20000,0.1,172,0.004942761991876089,0,-0.003886740391502135,0.41964854692274123,0,-0.00018308898570246277,0.6322691923616757,0,0.003537901956284551,0.6106401866753861
20000,0.1,173,0.006648368170193207,0,0.00788114855792715,0.10829433328829452,0,0.00020186525698200425,0.3264658059454566,0,0.013789914646717602,0.05046002487615985
20000,0.1,174,0.005442893498418226,1,-0.012414709414769423,0.01256392229201448,0,-0.0012627483812095832,0.063851852678519,1,-0.01476785947463586,0.03539304626082519
20000,0.1,175,0.003715896720553127,0,-0.0031215815321143973,0.5301021803908609,0,-8.257334667413906e-05,0.9265145173011469,0,0.0032652444316014703,0.6407076589793825
20000,0.1,176,0.008009319886242207,0,-0.0027770386529356716,0.5748659920570963,0,-0.00024362775942523524,0.9454823909912685,0,-0.0011123953605032572,0.8743081291565754
20000,0.1,177,0.007037342620633617,0,-0.005149599957305709,0.2990991942995451,0,-0.0004785192443420848,0.7088277529017692,0,-0.002997773467495696,0.6732667261494047
20000,0.1,178,0.0061640252395886,1,0.010398246023208853,0.04028612772840791,0,0.0008624193576758735,0.09821387802229875,1,0.015907496109703302,0.024965453815319776
20000,0.1,179,0.005310710165763165,1,0.010166710580887348,0.044963150203658576,0,0.0008602405269617115,0.10567828286696446,0,0.00045130761805365553,0.9492488355673825
20000,0.1,180,0.006555102624324885,0,0.00172714500764588,0.7284984988349843,0,0.0002931082298976349,0.6892643088972437,0,0.003315303860047893,0.6350700800368748
20000,0.1,181,0.007492956244557193,0,0.002250115911853051,0.6444412322013144,0,0.00022105877385271032,0.6915535235550923,0,0.002919986819666635,0.6793048472599744
20000,0.1,182,0.004543597497625272,0,-0.007808420509627518,0.11471777126047102,0,-0.0008899521322375983,0.5752767346817995,1,-0.018974971591892292,0.00625291866705555
20000,0.1,183,0.0050442309793257345,0,0.0026864428385356643,0.5898872009215861,0,8.043832246815163e-05,0.7654610693439695,0,0.0003785745021438994,0.9576538091523653
20000,0.1,184,0.00531911805659741,0,0.0031339891013443845,0.5322009542759483,0,0.00035872324692186027,0.8632164838955138,0,0.0027685386479832114,0.6926142306724706
20000,0.1,185,0.006340153050034838,0,-0.005077435869513512,0.306532617053915,0,-0.0001870774923091436,0.062303059246859305,0,-0.01271411507298279,0.07036342628703823
20000,0.1,186,0.006151257534562925,0,0.0014136354572228016,0.7783694576624414,0,0.00025475313608840214,0.35466172941390117,0,0.004206891030786,0.5547694753968216
20000,0.1,187,0.006575998095691834,0,0.001856294158906164,0.707658728776019,0,0.0004887072019718557,0.534048615565034,0,0.0005125041578465796,0.9416359835309185
20000,0.1,188,0.005558761434566243,0,0.004031481922975827,0.4199091738719758,0,-0.00019673022786762242,0.4048131737604064,0,0.0006589011652013334,0.9258410627002016
20000,0.1,189,0.004429078301789347,0,0.004649151607391079,0.34307683642697484,0,0.0003463497176355946,0.6611101770356922,0,0.005597796377465812,0.42540006434667643
20000,0.1,190,0.0058066530218832055,0,-0.003003105175970193,0.5458710373019211,0,0.00022174896925387103,0.8430650607857867,0,0.004930698437950201,0.4825619142689581
20000,0.1,191,0.0043826357583425304,0,0.005562396559616512,0.2693977225907113,1,0.0007363900547808531,0.0029892476698015757,0,0.006226076631772676,0.3792525194619202
20000,0.1,192,0.004763593787390588,0,0.006117985061248301,0.21639341083008892,0,0.0005529318009665673,0.5025013488930419,0,0.00956052053771991,0.17041805215003292
20000,0.1,193,0.0073986723258687315,0,0.004254003219795007,0.3880265216891736,0,5.950630491291889e-05,0.08918300388561351,0,-0.0024849872352928964,0.7217522889513304
20000,0.1,194,0.005353066460597043,0,-0.004409384866336617,0.38173209790999574,0,-0.0006163462155194865,0.31911477746926376,0,-0.004322738390866981,0.542091019457671
20000,0.1,195,0.006583872686897183,0,0.0028541384110876847,0.5713406630854223,0,0.00029109039866177577,0.7704919020443765,0,0.006843053554060462,0.33399111332502096
20000,0.1,196,0.007111495039402664,0,0.00455762660952962,0.3568465182881069,0,0.0007530090822397555,0.3515453812631897,0,0.00609508325932921,0.38813750860162
20000,0.1,197,0.0041468383167559695,1,-0.0157206829476539,0.001438741849889194,0,-0.0013033450115861758,0.36371178149159145,1,-0.014674555595459781,0.03621588216489743
20000,0.1,198,0.007633002870404996,0,0.004348104064737965,0.3800352451228156,0,0.0004899910363175584,0.8933904611899747,0,-0.0021067766310095765,0.7633098950239331
20000,0.1,199,0.006238770480147689,0,0.003980443390554155,0.4179042954436847,0,5.915359120229382e-05,0.19098616299553106,0,0.005332713642756998,0.43961245280590333
50000,-0.1,0,0.012431126140340126,0,-0.0007999259017940779,0.7983408981726314,0,6.963953713496066e-05,0.06028377784149086,0,0.0014076823020880542,0.751184075153776
50000,-0.1,1,0.010402176681982029,0,0.0022110925808978923,0.48323182484428506,0,6.612615174177948e-05,0.5144873932594358,0,-0.0004162825406475929,0.9240812656928052
50000,-0.1,2,0.012397158914089565,0,0.0015692970361757238,0.6175906151955215,0,0.00016530611471966955,0.6119652170218055,0,0.0038998839662246197,0.37684019570852745
50000,-0.1,3,0.009291356381525926,0,0.0015324125753514355,0.6264625626618836,0,0.0005163143615099139,0.3100493301743028,0,0.0013443549552362146,0.7604197477517693
50000,-0.1,4,0.011411814027879913,0,-0.000255012455147762,0.9356100209302922,0,0.0005145875152086762,0.7095486784135069,0,0.003461530306053234,0.43302968614813686
50000,-0.1,5,0.010665050309127679,0,0.003466810628795605,0.27282534040016465,0,2.7736061355531346e-05,0.15706859449183053,0,0.005585532959323984,0.20813705615706946
50000,-0.1,6,0.013296411542579243,0,-0.00026405202537582365,0.9329088985485734,0,-9.19058955415108e-05,0.9145914873136457,0,0.006040990891231771,0.17329479583757817
50000,-0.1,7,0.012297759478519825,0,-0.0031535600368259933,0.31650010423856045,0,-0.00040227768268436903,0.12244992628707962,0,-0.0040026562566995005,0.36975886388678225
50000,-0.1,8,0.009706784066583927,0,0.00214301034819808,0.49743735593718785,0,0.00011166963715906237,0.6796683578999532,0,0.00344447540253242,0.443268930691073
50000,-0.1,9,0.010992303439684265,0,0.000737489496336753,0.8169484635052437,0,3.824102719564113e-05,0.5612236569547594,0,-0.0026363465231305284,0.5555402897849138
50000,-0.1,10,0.013918634647482053,0,-0.005018797573162385,0.10740322898210751,0,-0.00031960044450552854,0.35754338481117487,1,-0.01338000613086721,0.002458664597874116
50000,-0.1,11,0.00939973959423598,0,-0.0059633814429143435,0.05556290107345652,0,-0.00040172277416893005,0.48073675549372497,0,-0.005374976110242971,0.22758523845344145
50000,-0.1,12,0.01425378615480433,0,0.0017506221486469206,0.5748382149600869,0,0.00014864587895802714,0.17255362449192213,0,0.0009449151974007764,0.8304366417831994
50000,-0.1,13,0.01090735953192601,0,-0.0022175742150680913,0.4794418612251061,0,6.584642199859548e-05,0.42792943834687147,0,-0.004874727125122265,0.27404658458617104
50000,-0.1,14,0.00947637575503192,1,0.008877836500854375,0.00404940512163029,0,6.787380790151581e-05,0.9200282354838503,0,0.005270028034486963,0.23039030478772138
50000,-0.1,15,0.012597441969339809,0,0.0009086801697408991,0.7728750045500854,0,2.988866749953637e-05,0.1404795324123551,0,-0.0021944396406121305,0.6227209377497016
50000,-0.1,16,0.015011851688447332,0,-0.0046981349727417245,0.12884814693725677,0,-0.00017082710990187172,0.4664452956667865,0,-0.008095309684789062,0.06468660418817475
50000,-0.1,17,0.014440971063816846,0,-0.005094493038329197,0.10676307193769337,0,-0.00032210889710703947,0.4653047870744269,0,-0.007089207638715997,0.11330540697191638
50000,-0.1,18,0.011246214897695088,0,-0.0006510503207081617,0.8378445179142625,0,3.659965961042443e-05,0.16222547894885908,0,0.0032861468688862635,0.4618364175914965
50000,-0.1,19,0.01138234238506713,0,-0.0005437750554116201,0.8625455903023013,0,-0.00014797634162737637,0.6508268202329037,0,-0.006059381645702329,0.17063348450862262
50000,-0.1,20,0.011210280027974025,0,0.0027350828777524564,0.3841125623589675,0,0.0003000631660926173,0.23959715781817814,0,0.0016951814012469521,0.7040938751686825
50000,-0.1,21,0.010582710413350448,0,-0.0005363789516253174,0.8644936991812776,0,-6.455502845439237e-05,0.8699682718430188,0,-0.003932499876856871,0.3749780310810572
50000,-0.1,22,0.010063086078925712,0,-0.003760742478896054,0.23352068477245064,0,-0.0002794347878210471,0.4259309947335501,0,-0.001557956517829608,0.7272886906249838
50000,-0.1,23,0.013000140073558573,0,-0.001587343180129249,0.6098725811740435,0,-0.00014533955540857818,0.22064219933337026,0,-0.004204037854576622,0.3418024073072643
50000,-0.1,24,0.010260454187402169,0,0.00037166576966978903,0.9067157796123626,0,0.00030127968914613344,0.4224948309426009,0,0.0032197295463065123,0.4704704316664663
50000,-0.1,25,0.013733244029480387,0,0.0015011326288701908,0.6331445334426591,0,8.097967207770184e-07,0.6797108038718574,0,0.002384602126833278,0.5910535983787896
50000,-0.1,26,0.01203016067163303,0,0.0024806379290854552,0.4289327803088192,0,4.567619500900837e-05,0.4363748338888096,0,0.0015187531204355516,0.7315036047253624
50000,-0.1,27,0.011383673535552197,0,-0.004015444629457133,0.20067682460966968,0,-0.00031867254506963026,0.5488912849341259,0,-0.005865708522698073,0.18731335847777483
50000,-0.1,28,0.010795809250723898,0,-0.001352462936687116,0.6630129594699978,0,-0.0003072476970327152,0.34460612204528274,0,0.002228247872586759,0.6145213487850711
50000,-0.1,29,0.012561871185758274,0,0.003859427076551545,0.2180620144711735,0,0.00013230514799704877,0.5753912082985356,0,0.005381181407812748,0.2236398335549711
50000,-0.1,30,0.012109766417885904,0,0.00012766544807430038,0.9678195445302384,1,6.198320792303235e-05,0.01135423305924288,0,0.004778013626593373,0.283226567122277
50000,-0.1,31,0.010350230762646849,0,-0.0033077109336858827,0.2930283282616891,0,-0.0004906663047618028,0.16087108743866296,0,-0.004101354761133366,0.35733745813219264
50000,-0.1,32,0.010441502805315441,0,-0.006010742023789626,0.054809816245750306,0,-0.0002468454570158087,0.6527128661006563,0,-0.004899532105475982,0.267725972042508
50000,-0.1,33,0.014399894570652437,0,0.00071336958905823,0.8209963136236742,0,8.618929882149104e-06,0.157885318979194,0,0.0033728142592797422,0.45060157522215794
50000,-0.1,34,0.010246670444709102,0,-0.0004430571618983436,0.8874307363342987,0,-0.00011514352050666948,0.5564304409250515,0,0.0047645772032559415,0.27819495042335124
50000,-0.1,35,0.012091828904523799,0,-0.00032214838585594964,0.9181603047206174,0,-0.00013065379859969437,0.5152288824448346,0,-0.0067160882846483,0.1318141756876378
50000,-0.1,36,0.010773325800327624,0,-0.0006718567282427295,0.8315703486218262,0,0.000146048128361298,0.3878480313693433,0,0.004496408383787655,0.31601189930318796
50000,-0.1,37,0.0142048510512376,0,0.002803402891311322,0.3765836180681459,0,7.935735923914399e-05,0.08297727206809724,0,0.003780713292873399,0.39541256699129124
50000,-0.1,38,0.010819960485481494,0,-0.0003667229774253406,0.9073004873572319,0,-0.0004997375554474857,0.7423619785692439,0,-0.004688776291848031,0.29163987372081995
50000,-0.1,39,0.011064173078093553,0,-0.001592808028798087,0.613087930728354,0,-3.736308579204435e-05,0.3281838591131707,0,0.0006033199454207177,0.891526867449574
50000,-0.1,40,0.012728569043162073,0,0.0018121278216714754,0.5604262479388902,0,-0.00020103959164465018,0.8150658636222904,0,0.00021883921530386563,0.9605835786902559
50000,-0.1,41,0.014443603197083134,0,-0.001247135411339775,0.6888407998457118,0,-0.00014931575427996866,0.7416888918026592,0,-0.00469694824963031,0.28700897361960703
50000,-0.1,42,0.010941774478244196,0,0.000376149265688415,0.905054484393051,0,1.3552888304210845e-05,0.35156182173181716,0,0.005243733353506634,0.2400962736946228
50000,-0.1,43,0.00953316898710839,0,0.0011528634022127953,0.713312615603815,0,0.000121687938085628,0.8085303739661841,0,0.001565934098700721,0.7243843052113506
50000,-0.1,44,0.011610511090314085,0,0.001324945801532434,0.6732773857345817,0,-6.138752122819453e-05,0.8933243114819612,0,-0.0019530380995940926,0.6608699128384821
50000,-0.1,45,0.01070071900446176,0,-0.0007435267085484509,0.81373155190213,0,-9.429387050514308e-05,0.622680585786519,0,-0.0021511652359139685,0.62880762573075
50000,-0.1,46,0.012388704953264305,0,-0.002055068603096099,0.5108108979459096,0,-0.00036401731268690876,0.8968857956914252,0,-0.0030069366749081684,0.49656514483104075
50000,-0.1,47,0.011838496031566429,0,0.0021802222793054016,0.486539077336379,0,4.9332812088149156e-05,0.5935366905137677,0,0.003948635324824097,0.37406344442213246
50000,-0.1,48,0.01137505849448968,0,-0.002010077794498446,0.522781020010163,0,5.492400350162107e-06,0.7520802569827472,0,0.00021174975389095152,0.9618227008741532
50000,-0.1,49,0.012747372089541548,0,0.0035383531234710512,0.2594213418433615,0,0.00012567810880944775,0.2578404411782347,0,0.003523699325153653,0.42739895083142954
50000,-0.1,50,0.013278822544098162,0,0.00014535497435251893,0.9634986197868369,0,1.0211047530062884e-05,0.27843829710532464,0,-0.003770229410257759,0.39919510325508445
50000,-0.1,51,0.01456906655996377,0,-0.003825169793462186,0.2278106783459238,0,-0.00017433611247901767,0.07950880387443604,0,-0.00411828461934504,0.35835842221323566
50000,-0.1,52,0.012345009250364681,0,0.004377665663918033,0.161242672459333,0,0.0002649046159854656,0.4986659799455391,0,0.0034781631184251033,0.4316848272998842
50000,-0.1,53,0.012023261989695534,0,-0.0021306327881723186,0.495945593837246,1,-0.0002528815142269073,0.01600068834561641,0,-0.0031007840094154694,0.48395848532745245
50000,-0.1,54,0.011082514345542164,0,-0.00010506287619271176,0.9731392731604013,0,-6.292335394426849e-05,0.4083482694478522,0,-0.0054810870725797226,0.2193794444277834
50000,-0.1,55,0.010886313934789275,0,-0.0011752600802675663,0.708197034633746,0,-1.1068225616854495e-05,0.7808691915764105,0,-0.0010837696913074488,0.8064995976920886
50000,-0.1,56,0.010690233373271216,0,0.0011246237820476614,0.7181818804769994,0,7.523737723535747e-05,0.5655976119303987,0,0.00035864428727374085,0.9355934150340185
50000,-0.1,57,0.012102591329961051,0,0.0025026037545698033,0.42828228053401074,1,0.00036917018704428934,0.0067739831300516196,0,0.00023823991883290061,0.9575950002567588
50000,-0.1,58,0.01186456508401345,1,-0.006432015118052157,0.04008408516144922,0,-0.0007620434666709799,0.782534676293429,0,-0.00827344163718909,0.06233856326380647
50000,-0.1,59,0.009928606381136955,0,0.0024263752815472978,0.4443003301846833,0,0.00019887161806597545,0.3611976111022549,0,0.0058605468467908695,0.18802291664014992
50000,-0.1,60,0.01320146453163665,0,-0.001241952856370986,0.6943291326288539,0,-0.00010818397115643299,0.3594001047986438,0,-0.002685088650573438,0.5500247898905465
50000,-0.1,61,0.011918964276163457,0,-0.0003359400829835388,0.9150148422708941,0,-0.0001282878483928897,0.6684837899062579,0,0.00044483343059517063,0.9199811171030108
50000,-0.1,62,0.012387094550256777,0,0.0013636211733266757,0.6643984433110267,0,0.00015052753534919894,0.10956553501716126,0,0.0001048105457388624,0.9809211045856582
50000,-0.1,63,0.012049643643991262,0,-0.002110617169924777,0.4985710249209051,0,-0.00027417361023539374,0.5141146129710501,0,-0.003238889755876492,0.46196821670034705
50000,-0.1,64,0.01131755952508865,0,0.0054701565100189874,0.07992952662451923,0,0.0002685093157343794,0.058963627344684744,0,0.0033895842702347644,0.4438861316571455
50000,-0.1,65,0.011576321821216607,0,-0.004742206469597359,0.13320861606797743,0,-0.0004270308931060262,0.5778280546949145,0,-0.0046482283092816054,0.296550267106345
50000,-0.1,66,0.012512359612214129,0,0.0022849796527797455,0.46308037085658904,1,0.00029774137165596216,0.00031746834124446455,0,0.0031469003342909597,0.47759363501240293
50000,-0.1,67,0.012003363696815973,0,0.0017814189434446873,0.5701261331651644,0,0.00031173056642981177,0.9929691558241664,0,-0.002589095523439673,0.5605700932505552
50000,-0.1,68,0.010597861588351817,0,0.005555693828694044,0.07947674444463418,0,0.0004862261476444324,0.5191906425144183,0,0.0069471327331640876,0.12107846157830282
50000,-0.1,69,0.010320868109130712,0,0.0009783110388121815,0.7548948664946694,0,-0.00012656429618373448,0.9312330945741712,0,-0.005358844058904984,0.2258770853585391
50000,-0.1,70,0.01456280642208546,0,-0.0003083277794078972,0.9222488845124155,0,-9.98310834022946e-06,0.984644612320841,0,-0.0028597653675943493,0.5184235705011366
50000,-0.1,71,0.012237615629382274,0,0.002516738413372985,0.4217237195253165,0,0.00026976603800526615,0.2696382776893149,0,0.0026574258007912265,0.5481989590075561
50000,-0.1,72,0.010288658257024163,0,-0.0010296584720176434,0.7434722493254142,0,-0.00035086621393842185,0.5304178679381717,0,-0.001358038213647658,0.7576969985960423
50000,-0.1,73,0.010074533189373434,0,0.0012698700852427562,0.6887371182735964,0,-0.00012695168819079627,0.7384857136034957,0,-0.0054136629582714315,0.2235640935557335
50000,-0.1,74,0.011684618574673851,0,0.0021232933506545207,0.5009690159605112,0,0.00015150582612714515,0.8805260830094868,0,0.005368947591034686,0.2287409866244053
50000,-0.1,75,0.010997130693781523,0,0.0007758504340029992,0.8071366971798526,0,-3.468004780631466e-06,0.15936309607097354,0,0.003932435576194256,0.3803303600936866
50000,-0.1,76,0.010833924958404944,0,0.004852612643765557,0.12393567737247693,0,0.00022367945264962504,0.6098812933582272,0,0.008203688974135665,0.0650166224464973
50000,-0.1,77,0.011637048790426692,0,0.002685402326113912,0.39282017002475567,0,-0.00011207874687366143,0.12533310665278874,0,-0.004710920807366233,0.28894937053572406
50000,-0.1,78,0.010264569539887483,0,-4.534193674400426e-05,0.988400347168393,0,-0.000639994514446766,0.07061041796596013,0,0.0015611695066522207,0.7254722902568311
50000,-0.1,79,0.012795477574945566,1,-0.008229139254702613,0.008358884270534429,0,-0.0006475506710162235,0.05215494117179631,1,-0.008892848372227636,0.04468321109505573
50000,-0.1,80,0.01157852902634079,0,0.0030040474219251434,0.3341410220373674,0,-1.6332656790858837e-05,0.7188954919456216,0,0.0033048725790826316,0.45705885874325924
50000,-0.1,81,0.011233771986294116,0,0.000834727177005804,0.7909715560277053,0,0.00018582985275466984,0.5533390308357542,0,0.0027050324986067184,0.5414263565378135
50000,-0.1,82,0.010968220628590796,1,0.007168990485188123,0.023913510211583968,0,0.0004061771599928369,0.4268694404441157,0,0.00550309685055715,0.217013334565582
50000,-0.1,83,0.013830857502930997,0,-0.003915071633750566,0.2113041988685478,0,0.00012962840681237948,0.32707138956888016,0,0.0005636153796741703,0.8989437020190616
50000,-0.1,84,0.010742604164939579,0,-0.001845918250366003,0.5566863006405469,0,-0.0003838019339743527,0.4386580922105885,0,0.0048382830631266876,0.2752457228676614
50000,-0.1,85,0.010613520008668777,0,-0.0036208903835911843,0.2509564093662271,0,4.543234933484047e-05,0.47723251226637364,0,-0.0004046740416861975,0.9272924880609104
50000,-0.1,86,0.01098577958097043,0,-0.0028248634712115866,0.3688513862215663,0,-4.5370450097756965e-05,0.6046480582332443,0,-0.00377823324706463,0.3935562720329657
50000,-0.1,87,0.010395297181225307,0,0.003118581206343617,0.3217257217659408,0,-0.00037767702243700346,0.09681890275792715,0,0.00303390795729864,0.48791191353703867
50000,-0.1,88,0.01219950529769518,0,-0.0023270861590143233,0.45822455346788205,0,-0.0003795243240268676,0.15736785236811046,0,-0.004064177410927496,0.359576505609598
50000,-0.1,89,0.013433996179114564,0,0.0009984467479343987,0.7493721992527258,0,-5.413831059322747e-06,0.2822227788499987,0,0.005625874935689231,0.20332525255921532
50000,-0.1,90,0.011276071875805609,0,-0.0001391966246026474,0.964531725253944,0,9.882535610379191e-05,0.5219189997311867,0,-0.0011134459845026927,0.8016774228120699
50000,-0.1,91,0.01173175660479078,0,0.0006982762050881993,0.8226882803045218,0,-0.00013120097353308937,0.8130797275008241,0,-0.003737807085214625,0.39936924141345664
50000,-0.1,92,0.010593582157248295,0,-1.005434600591566e-06,0.999745797825172,0,-7.725952478298088e-05,0.6292880883726797,0,-0.00019913397537557083,0.9643120689645361
50000,-0.1,93,0.01200648694674596,0,-0.00012911882589802993,0.967090656939992,0,0.00016820629482910732,0.15522656382162292,0,-0.0014618135093034826,0.7415359285726761
50000,-0.1,94,0.011474596838348181,0,-0.001691189574354286,0.5922415012122076,0,-0.00023552394367190675,0.531304175655943,0,-0.006419014625930375,0.1494810956890876
50000,-0.1,95,0.008576399012076227,0,0.005596648190031766,0.0739672117213475,0,0.00028382369582910066,0.8663111771560479,0,0.0016323822093984135,0.713383422904159
50000,-0.1,96,0.01471136130191518,0,0.0020977162701934088,0.5037668176710381,0,9.025122414109563e-05,0.8340522171699264,0,0.0004844242604090654,0.9121988293469652
50000,-0.1,97,0.01109704778838823,0,-0.0037146496972113438,0.23723679174689125,0,-0.00025964280942801515,0.14966567795822783,1,-0.009561752910127487,0.03118026389268786
50000,-0.1,98,0.011755165726426623,0,-0.0026359791278716283,0.40006808706162733,0,-0.0003204874795746353,0.2474801057863505,0,-0.0007146090926507338,0.8725805972698
50000,-0.1,99,0.010506079551312103,1,-0.0072656328118812325,0.020405665352175303,0,-0.00036401927489160626,0.12002518065757584,0,-0.007832020081970946,0.07861824616508238
50000,-0.1,100,0.011115748273717762,0,0.005464872747205826,0.08597898537259202,0,-1.0147650979446547e-06,0.1314457064457213,0,0.00026292370616138596,0.95275091633319
50000,-0.1,101,0.011758901739292444,0,-9.129907103583862e-05,0.9767348148883415,0,0.00026239219454721885,0.3649637348125033,0,-0.0008001975921911127,0.8568297649066918
50000,-0.1,102,0.012331207942001056,0,0.0010921087212535528,0.7285444169391588,0,3.134565669884885e-05,0.12702666580296695,0,-0.0018546460668880057,0.6756636125207107
50000,-0.1,103,0.010890800293908667,0,-0.003946336244344696,0.2116612130433436,0,-6.718285612479898e-05,0.6503154249777352,0,-0.005723263059697425,0.1958683734792453
50000,-0.1,104,0.012727845506521118,0,0.0029569545709638547,0.3522238887351711,0,0.0003569289067469572,0.2903372946810092,0,0.005782375444586794,0.19568870885928957
50000,-0.1,105,0.01192442517251001,0,0.004657442143217139,0.13908624200779898,0,0.00017891336145057805,0.5956250410127166,0,0.0033767172743958303,0.45003606064355506
50000,-0.1,106,0.010754201851865736,0,-0.0017908880650993025,0.5688019315342479,0,-0.00027631680411536574,0.9405721425178153,0,7.971623619330078e-05,0.985721105193747
50000,-0.1,107,0.011126458777633146,0,-0.005310570722060172,0.0913751140421915,0,-0.0006155466876953009,0.4967784038878512,0,-0.004770650797738089,0.2783718940875752
50000,-0.1,108,0.011331699167727567,0,0.002573553159366077,0.41147902338961384,0,0.00021647686150903935,0.054901333226718085,0,0.0011008774782343884,0.8044014508643748
50000,-0.1,109,0.011182307043379183,0,-0.006043401248236672,0.052545453799487996,0,0.00011645626955228092,0.10059626791835508,0,-0.0049732993385907375,0.26397826889988024
50000,-0.1,110,0.014735654003119703,0,-0.0011478526979419737,0.7143467313100669,0,0.00013412049613084604,0.1316682619405718,0,0.0031124844055757227,0.48260632700736983
50000,-0.1,111,0.012296644761550053,0,0.004616051064393239,0.14026517113337686,0,0.0004066773951524325,0.9152841907687889,0,0.001631290496527009,0.7116997199580233
50000,-0.1,112,0.012231330163528027,0,0.004398644650180655,0.1657320835696844,0,0.00041496082449362867,0.3139521536699541,0,0.0003732589511546885,0.9332597089610486
50000,-0.1,113,0.012768899868350293,0,-0.0018282102204715924,0.5618052410181065,0,-0.0002029107207614279,0.9676796630666922,0,0.0023647063195284,0.5943273928207995
50000,-0.1,114,0.011794468439804485,0,0.0031809153056434817,0.3119527580816003,0,0.00012441185209919104,0.27405422595060247,0,0.005200965229513189,0.24375832037961123
50000,-0.1,115,0.011442737868963162,0,0.00197385786333754,0.5273094471536669,0,-7.351806243744818e-05,0.18620846768274724,0,-0.0005112795495346264,0.907893147301748
50000,-0.1,116,0.013436400627432074,0,-3.561456227957926e-05,0.9909878931820482,0,9.887293181535027e-05,0.08206892044264436,0,0.00044587774543329334,0.9205554748582847
50000,-0.1,117,0.011172919314149926,0,-0.0024162542366049115,0.44040440573737827,0,1.5287566895842424e-05,0.8987699479593105,0,-0.002782731026547169,0.5287616852557028
50000,-0.1,118,0.01187041330958664,0,-0.001138890586492709,0.7151552061837803,0,-6.440619502800297e-06,0.29794874436252616,0,0.004170502503526561,0.34480464112946807
50000,-0.1,119,0.010986739222653481,0,-0.0011416134461426327,0.7175553289330572,0,-0.00026267576918690257,0.88601988787709,0,-0.005901668629723692,0.1885480629294994
50000,-0.1,120,0.01119949009583531,0,-0.002142206353482125,0.4963300802320548,0,-6.293969405018965e-05,0.3209976668104032,0,-0.0011286978282514465,0.8002643504898743
50000,-0.1,121,0.012623278712199041,0,-0.0014106865327001986,0.6550415035605277,0,-4.6250197698470414e-05,0.8891361946075368,0,-0.0031097937049067628,0.48192783686441665
50000,-0.1,122,0.01110739580163609,0,-0.004788189863563816,0.12880921406678336,0,-0.0002633787088477513,0.7183680555229321,1,-0.009646510196144606,0.030243690487475123
50000,-0.1,123,0.012396455705311378,0,0.0010482973888920927,0.7391228714524587,0,5.002869056512075e-05,0.5860180430012488,0,-0.00385001386813751,0.38796277628874476
50000,-0.1,124,0.013398700015102278,0,0.0022114653694286154,0.47962321424542065,0,0.00013588762120433914,0.5412148806571238,0,0.00025552106043358596,0.9537435647266854
50000,-0.1,125,0.012751956718714819,0,0.0004802557668815347,0.8784271834664035,0,-9.203522307022159e-05,0.864681056723321,0,0.004870110618685098,0.27473216056233557
50000,-0.1,126,0.01038610729049032,0,0.00015172501586155492,0.9614240664546913,0,4.472188007886231e-05,0.35395858358021126,0,-0.0068336027912724384,0.1242709403792477
50000,-0.1,127,0.012675012298625802,0,-0.005535663624039637,0.07793800326158559,0,-0.00042648612222326955,0.539231502256448,0,9.102200315666705e-05,0.9837669235647468
50000,-0.1,128,0.010207180850442112,0,0.0014841142592368793,0.6360943016295513,1,-3.213169968056147e-05,0.03681142873093746,0,0.0022639592966986538,0.6097122529249117
50000,-0.1,129,0.010075920177265387,0,-0.0007268278330119084,0.8164250854072925,0,0.0002380057212625714,0.8402410907367182,0,-0.001349865949330998,0.7592386020997128
50000,-0.1,130,0.013307009629398844,0,-0.0006065487473734968,0.8467696453568113,0,-8.590925811082993e-06,0.8645089059040707,0,0.0009165335458353541,0.8364741428433649
50000,-0.1,131,0.012267704794594173,0,9.596874202717347e-05,0.9757056986695258,0,-2.4214322532974557e-05,0.29378083596406035,0,0.0031241586062062308,0.4767162575154926
50000,-0.1,132,0.01337239318855595,0,-0.004905654478686448,0.11445877419675266,0,-0.0005984909813943952,0.940759698152505,0,-0.0040260026751568825,0.3626503515006281
50000,-0.1,133,0.011658834293586702,1,-0.007284345586926422,0.02047785771616499,0,-0.0005982920942253781,0.1463942682752456,1,-0.010079637580361556,0.024107438996036575
50000,-0.1,134,0.011381145572433044,0,0.00011396937388459668,0.9713673280880865,1,-0.00022562537988481842,0.00946456098994497,0,-0.0018727595517845784,0.6766607223909769
50000,-0.1,135,0.010115889229388112,0,0.0029595287965027616,0.3503840712121501,0,5.2104626765353466e-05,0.4062039854352171,0,-0.001322523874899813,0.767721561770974
50000,-0.1,136,0.009880587829841506,0,0.003952086344280415,0.2106506865610576,0,0.0004409528434070252,0.6749584163984181,0,-0.003039206869537129,0.495470533705758
50000,-0.1,137,0.010805764271167412,0,-0.0012427125325969422,0.6921605443986263,0,-2.4903965739826808e-05,0.472954276176077,0,0.0009317658386373885,0.8327606184551235
50000,-0.1,138,0.010386286555992465,0,-0.005701257419306177,0.06875688772150992,0,-0.0003429612358167478,0.4871704208784364,0,-0.0039058573044251687,0.37960645806661675
50000,-0.1,139,0.01343258799815993,0,0.0024895627532147205,0.4271696290074196,0,0.0004380190648758995,0.7606961788667937,0,0.0046795136425450135,0.28990769915845277
50000,-0.1,140,0.012322772534562721,0,-0.002586223984289462,0.4138781762679282,0,-6.379088858546344e-05,0.4995860611618521,0,-0.0036768293865363393,0.40699075554787434
50000,-0.1,141,0.010897841827870576,0,0.0014469030155263398,0.6456586263002395,1,-0.00016914324720725102,0.04218177589574523,0,-0.0015856255518510035,0.7208717230114297
50000,-0.1,142,0.011595174563440306,0,0.0007234115572990065,0.816108003316532,0,-0.0002136730677664094,0.508954062872756,0,-0.0002041768805976938,0.9629815870256211
50000,-0.1,143,0.01011159653054837,0,-0.004386140541326667,0.16112534391477534,0,-0.0003507443876269519,0.7065877036230579,0,-0.0036764356096554273,0.4072128795605574
50000,-0.1,144,0.01357726119593951,1,-0.010289629200143957,0.0009715500971635906,0,-0.0008271868375148546,0.10012171452035168,1,-0.010322409240977484,0.02019323438473706
50000,-0.1,145,0.013129802049957036,0,0.0004240508311411326,0.892070665951332,0,-0.00022307865437832703,0.8025065284797281,0,0.002177215765551619,0.6220216323059309
50000,-0.1,146,0.011211343380438391,0,-0.004050741869786459,0.1951361221980146,0,0.00013346864747892646,0.82056218812213,0,0.0019082814808547561,0.6665192667617166
50000,-0.1,147,0.014012827194224533,0,0.0013297901903897703,0.6679116343212651,0,0.00021067446355351043,0.22665656161044623,0,0.004663833871107363,0.2895698166497354
50000,-0.1,148,0.014224704052962398,0,5.497221953096039e-05,0.9859627392073773,0,1.2724581006966476e-05,0.9736287365017683,0,0.0002832428756667396,0.9489272737471751
50000,-0.1,149,0.01154883096403074,0,-0.00528573346687741,0.09501444205306868,0,-0.0006679306236028946,0.8841587816204641,0,-0.005810612198294942,0.1911514953291772
50000,-0.1,150,0.01011712862047485,0,7.284721770028853e-05,0.9814139834847135,0,-5.545824741861238e-05,0.24614739305268063,0,0.002388221574908257,0.5882450535438553
50000,-0.1,151,0.012565811293790759,0,-0.0006128977502058289,0.845737844610478,0,-0.00015402173482309076,0.17211045570289807,0,-0.0016939395581281414,0.7037162425586705
50000,-0.1,152,0.011944876724618896,0,0.0007574316408556281,0.8099750078834441,0,0.00011710673073889003,0.08704485856985034,0,0.004260767057972604,0.3405295373205869
50000,-0.1,153,0.009923871424077966,0,0.0029179638730050255,0.35050358131545034,0,4.0149353041892254e-05,0.8153388177501024,0,0.0008168553553827762,0.8548989982591345
50000,-0.1,154,0.012174634109328076,0,0.0009359959009185367,0.7661816174723391,0,-0.00021703177089609397,0.22691156122140854,0,-0.0065078964845480675,0.14323425039992088
50000,-0.1,155,0.012097171583352379,0,0.0021951795866659717,0.48559374100804387,0,0.00017877198586366519,0.3512440493512399,0,0.002513193662357744,0.5662977622835097
50000,-0.1,156,0.010659425683239283,0,-0.0002522658107595702,0.9361460057078685,0,-4.962425134031066e-05,0.6249641092919049,0,-0.0003055207640058734,0.9450533522302542
50000,-0.1,157,0.012078819245314093,0,0.0012890882732079262,0.680694741541335,0,2.132544897204591e-05,0.915393920583979,0,0.007603128025219326,0.08574694568801414
50000,-0.1,158,0.010606735310929412,0,0.0036462924511359456,0.24234021531024147,0,0.0005196704447554831,0.20302170328788416,0,0.00570244629002712,0.19527317309983686
50000,-0.1,159,0.011478371076755364,0,-0.0029279326041804746,0.3479817624321262,0,0.00010370046518677187,0.5390662009716667,0,0.0014065957491724887,0.7502071589202233
50000,-0.1,160,0.012338750781799019,0,-0.002873690148692146,0.36256952557436706,0,-0.0003144167788597846,0.4129591203300039,0,-0.0038508285540618794,0.38551376186619957
50000,-0.1,161,0.012458895229934343,0,0.0017660417026209385,0.571061466930946,0,0.00022480338734572568,0.7795289154653409,0,-0.0027680737909942625,0.5301692743491128
50000,-0.1,162,0.012629809879992607,0,-0.004662816643924622,0.1433660390904554,1,-0.00016559142297833487,0.02091821293373375,0,-0.0009159347622387445,0.8386899647823602
50000,-0.1,163,0.010666233226864778,0,-0.001760059058006846,0.575668100121663,0,0.00022986405217775816,0.2697320112590862,0,-0.0003365752716067435,0.939892306731922
50000,-0.1,164,0.011350565016771423,0,-0.00033961983728478034,0.9132252834554109,0,-0.0006088490307309221,0.6926389262327377,0,-0.002090187088168224,0.6346097266454942
50000,-0.1,165,0.011256177847968367,0,0.004021864300203961,0.19756413679381568,0,0.00037537166875583066,0.9354624385444663,0,-0.002494589188587231,0.5712325421575644
50000,-0.1,166,0.011068890615390467,0,-0.0017188331224027257,0.5861160892545368,0,-7.439371690117745e-05,0.4185683631240549,0,0.0030241156678786837,0.49688892282373875
50000,-0.1,167,0.009517516946115504,0,0.001016777858300306,0.749278462518115,0,-9.143630282635467e-05,0.8530896474111649,0,-0.001325773634878221,0.7663572258198335
50000,-0.1,168,0.011094152322562736,0,0.0030580418792718403,0.32842502007366514,0,0.00024343482646366758,0.9888231527293048,0,-0.0004741942312985872,0.9148378484561001
50000,-0.1,169,0.012606431195210056,0,-0.005400746651718229,0.08483060834482818,0,-0.000498308950153517,0.9196618365659672,1,-0.011187630281982958,0.011587827751164135
50000,-0.1,170,0.01008994947509651,0,0.003099668725375983,0.3226675384211639,0,-2.646282437139874e-05,0.20910617624512762,0,0.0030657156971733296,0.4898647029762129
50000,-0.1,171,0.013809358217376456,0,0.0014802535480937986,0.6378242528679678,0,-4.857786734915298e-05,0.7111345429847769,0,-0.00011797230522754228,0.9788126043032046
50000,-0.1,172,0.013346650272832243,0,-0.0015664609298929252,0.6187592394930639,0,-7.556005742284637e-06,0.7595684483209887,0,-0.0019622484590905926,0.6584154135679143
50000,-0.1,173,0.012362345778599152,1,-0.007581557612682643,0.016776465808567752,0,-0.0009890108284437034,0.22082983278447632,0,-0.005302462981803312,0.23442643326042512
50000,-0.1,174,0.01164758376596863,0,-0.00205779283204528,0.5140501822285841,0,-0.00010973894969748394,0.7831954877863305,0,-0.001100731352213319,0.8054244429869132
50000,-0.1,175,0.011658131692434334,1,-0.008551521145524574,0.005894470845897047,0,-0.0006962819431168713,0.14419004648832545,1,-0.008662802878403337,0.048783762296398074
50000,-0.1,176,0.013494994936260317,0,-0.00094912572591307,0.7638813069051069,0,-0.000299309606335571,0.6202048610129614,0,-0.003235656877196655,0.46422745294276213
50000,-0.1,177,0.0114953873384022,0,0.002636681423002961,0.39837409161150517,0,0.00034826320537676493,0.5310080497045362,1,0.009271174409838129,0.03778880732335554
50000,-0.1,178,0.01110811655009255,0,-0.004169777882668298,0.18020742501327794,0,-0.00039454467702889685,0.18218711327429837,0,-0.005162956779608489,0.24334624609413252
50000,-0.1,179,0.010292065163635927,0,-0.0032289706576211375,0.303937851114102,0,-0.00019959996737211415,0.49723332846405,0,-0.004284231689054875,0.3328759118470227
50000,-0.1,180,0.013530713802232669,0,-0.0044487205003474585,0.15810653827173302,0,-0.0003268173191875697,0.8412394507815883,0,-0.0012381817657133207,0.7816602085885672
50000,-0.1,181,0.010960682667498355,0,0.002098155942989902,0.5055272413165779,0,0.00012251060688972653,0.3102211165005535,0,-1.2321070543009564e-05,0.9978024200130061
50000,-0.1,182,0.012176837212352387,0,-0.00599889485758492,0.05567137836595156,0,-0.0006292996685903903,0.19911371634642028,0,-0.0008107912872269455,0.854972558627749
50000,-0.1,183,0.012389187210336676,0,-0.0038875996245625413,0.21408265772942803,0,-0.0004296744316346351,0.9654876391991457,0,-0.00020909241561928673,0.9625303192408674
50000,-0.1,184,0.00907612282141845,0,-0.00035596138441798585,0.9097883273350111,0,-6.211039636445694e-05,0.8893780622990006,0,-0.0019358807984654327,0.659950343939746
50000,-0.1,185,0.011126592210193869,0,-2.4451639518706424e-06,0.9993753676283231,0,0.0001506588622830302,0.6186014646260669,0,0.0012582487628573806,0.7763542343928392
50000,-0.1,186,0.011622941748403188,0,-0.0002691529014152828,0.9318463251358209,0,-0.0002639131404910479,0.9125032720319255,1,-0.00998697121143586,0.025032522972068733
50000,-0.1,187,0.01009766601387109,0,0.00396624372973209,0.2110995344016188,0,0.00034023818886539135,0.1305474032692191,0,0.006367127460451592,0.15549352121615614
50000,-0.1,188,0.012976688315809504,0,0.005130324606982024,0.10473995034736067,0,0.0004947838144631135,0.2423561976368369,0,0.007295865735169218,0.09885600444934545
50000,-0.1,189,0.012386337316373947,0,-0.0030688433145879186,0.3335610435335241,0,6.466570223113094e-05,0.17885474432044313,0,0.0023638328565639983,0.5978739820876227
50000,-0.1,190,0.010001898172737184,0,-0.0043433384471918855,0.16392785233663604,0,-0.00032874527862448343,0.4589115698428192,0,-0.002776430639435128,0.5297505335620127
50000,-0.1,191,0.010375351024567362,0,0.00013707047247717754,0.9652176008338337,0,7.33451408014975e-05,0.6971826803520104,0,-0.004329628592448554,0.33156446168577736
50000,-0.1,192,0.011257193861113471,0,-0.0009527110855414753,0.7615136948354434,0,-0.00035805243192144157,0.17589869409149372,0,0.0014123873287740214,0.7482010701947202
50000,-0.1,193,0.009603194822847248,0,0.0022290290052816414,0.4771675960772741,0,0.0001399789700348385,0.26867098768391784,0,0.002846713866999636,0.5204259722896891
50000,-0.1,194,0.012060826471303689,0,0.00013120502410602882,0.966978452793401,0,4.55836014704076e-05,0.6550459917824143,0,-0.0005231783912574415,0.9072371426056184
50000,-0.1,195,0.010620820565454636,0,0.003838502817784878,0.22231597893540642,0,-7.826057784155362e-05,0.8520023543136372,0,2.1498436150036446e-05,0.9961085778973928
50000,-0.1,196,0.010008576570476635,0,-0.00023390682347638976,0.9406198729307647,0,-8.764488052895672e-06,0.639310318735975,0,-0.002667884859431141,0.5491523554577145
50000,-0.1,197,0.011206597142664747,0,-0.004999759270056479,0.11282517163945512,0,-0.0004491430175847411,0.3525762035525606,0,-0.007023748921784242,0.11526918556281675
50000,-0.1,198,0.014332463557772427,0,0.0016369753068861915,0.6058384673229543,1,4.3528451393035825e-05,0.008368146109314578,0,0.0024216044378681076,0.585293969515646
50000,-0.1,199,0.01135862347567761,0,0.0003114001604809769,0.9203409467645212,0,5.076161620902234e-05,0.09029807764863229,0,0.001450380316230991,0.740988832647471
50000,-0.05,0,0.012003728433921682,0,0.004185240747757442,0.17852931581185377,0,-8.389516924934984e-05,0.5941923061595633,0,0.004492204929999681,0.3093814761425316
50000,-0.05,1,0.011043056666167898,0,0.0042632799109486585,0.1771442948065928,0,0.00032499516280286924,0.1160398591738947,0,0.0010846477541237981,0.8057608134567145
50000,-0.05,2,0.012748827578932797,0,-0.0036337251809049394,0.24565395927651534,0,-0.0004443038592883673,0.18392318362697568,0,-0.0032686990711138456,0.46072848551824486
50000,-0.05,3,0.012648467404768672,1,0.007859930195661535,0.011173116415704438,0,0.0003979351880959142,0.2409205302654791,0,0.003804531265362975,0.38897266132480235
50000,-0.05,4,0.010032965902850811,0,-9.976883089095584e-05,0.9746272044603397,0,0.00012172840529172,0.7384774608239555,0,-0.002569470462215373,0.5598981985652272
50000,-0.05,5,0.01034310369310922,0,-0.0032689563426679144,0.3009480646617954,0,-4.600444045221673e-05,0.8994123022918891,0,-0.008653898525840226,0.05151626189608663
50000,-0.05,6,0.012573089088100235,0,0.0009913293655518253,0.7534569854859284,0,-9.560781009273787e-05,0.9635764102399458,0,0.000824094563918638,0.8531429392713924
50000,-0.05,7,0.01344991027486375,0,-0.00377818189979262,0.2245398188159592,0,-0.00031999300066088446,0.8801562942747172,0,-0.0018186188582403973,0.6788692754533743
50000,-0.05,8,0.009957113036797815,1,0.008760068586301448,0.005680964888802278,0,0.0002593794138587311,0.3203845083933283,1,0.009482848408098044,0.03294836699343171
50000,-0.05,9,0.01268750497028931,0,0.0013616686100192431,0.666619795209399,0,-0.00010476811420267528,0.18430614679912538,0,-6.979302888245899e-06,0.9987529063838483
50000,-0.05,10,0.01001094316329266,0,-0.0006715544641770426,0.8311891547505782,0,-6.224074943656397e-05,0.9877941065555381,0,-0.003661373491178106,0.40889668023865133
50000,-0.05,11,0.013586244115284479,0,0.00559425434523574,0.07676223649853,0,0.0003894567694117101,0.9540758054109895,0,0.004484040178374199,0.3099711396114665
50000,-0.05,12,0.009823320189373699,0,-0.0030265019829468615,0.3348490903969654,0,-0.00013423631407603217,0.7364040560171031,0,-0.006981649779017473,0.11639651137959897
50000,-0.05,13,0.011608788176376457,0,-0.0032712536977591022,0.2998507119040711,0,-0.0001932869411055902,0.4684397284132593,0,0.0014395276375600138,0.7474273545372555
50000,-0.05,14,0.010999809578284081,0,0.0008740406515164607,0.7821252483231079,0,0.00032861126991824176,0.06462809845354844,0,0.0038191409642552143,0.3920734194619785
50000,-0.05,15,0.012604867310074102,0,0.0033987768517648865,0.2781858004091662,0,0.00035224538059984586,0.539923691757562,0,-0.0024347124521012205,0.5797355893977787
50000,-0.05,16,0.009338437421861445,0,0.002543152679248727,0.4217669461850895,1,4.098498611187976e-05,0.043425553223548685,0,0.0022315785443184216,0.6182235841574726
50000,-0.05,17,0.01161425046052794,0,-0.0023110168921261737,0.46469795185392904,0,-0.00041565466675194494,0.5661998207265838,0,0.00021592142267415842,0.961599722089829
50000,-0.05,18,0.012665651903419043,0,0.0022887863664321174,0.4639783996726581,0,7.667194611403824e-05,0.31679668405859596,0,-0.004718317978607024,0.2888249628300859
50000,-0.05,19,0.01076357681897452,0,0.0001550555912046746,0.9605726199657539,0,0.0003434990319450792,0.7150968871279221,0,-0.0008655305124042529,0.8453859500671104
50000,-0.05,20,0.010912672327250954,0,0.0036294525886574327,0.2500044489091291,0,-2.2187514100493994e-05,0.07895117545678298,0,-0.001643144829772892,0.7133111845621734
50000,-0.05,21,0.01180977896554507,0,0.0054342945875747875,0.08511301740051412,0,0.0005474225792270501,0.41057989690549057,0,0.0038520162537288437,0.38681275472003407
50000,-0.05,22,0.010339618208799393,0,0.005685062582750277,0.07336504412332293,0,0.00036564884177392524,0.8172210328274607,0,0.005898990074391682,0.18744771833288654
50000,-0.05,23,0.011823965222929842,0,-0.00014059051651749832,0.9639060708421587,0,-5.685511238791784e-05,0.24389797380537726,0,0.0026087182037827514,0.5528828185847711
50000,-0.05,24,0.00996776199220262,0,-0.0017475545385964512,0.5838111512663604,0,2.660800121583807e-05,0.35244346448212216,0,-0.0052606268825672224,0.2389001373945333
50000,-0.05,25,0.012880997281791396,0,0.0017025507813433847,0.590573419536196,0,0.0002759158801552281,0.10045130948298364,0,0.0026498291629890843,0.5515746842750887
50000,-0.05,26,0.010951154976799125,0,0.00043623026190979975,0.8902092312308115,0,7.935014107855385e-05,0.7522609854146474,0,0.0002076596038340519,0.9628620825417009
50000,-0.05,27,0.0118685088371258,1,-0.007115115212765442,0.02303534106244296,0,-0.00039419392267900366,0.28188515210636456,1,-0.008805004706102529,0.045597590891116827
50000,-0.05,28,0.013648277460112296,0,-0.0011329089256029681,0.7182479225005587,0,0.00021040836453974917,0.49377031842169394,0,-0.0023854594681752637,0.5902756092811139
50000,-0.05,29,0.011049395365023114,0,-0.003343083563332816,0.2849822763046692,0,-0.00017539631912557747,0.47158548669713274,0,-0.0076691343480981885,0.08319518905418705
50000,-0.05,30,0.011448681301449179,0,-0.002478581404468996,0.4333409026324696,0,-0.0002103155918869626,0.3054757568428753,0,-0.005557391797838778,0.21529799665662777
50000,-0.05,31,0.01340527362335911,0,-0.005297449558307717,0.09584664606147895,0,-0.0006095724846302988,0.16476234528347267,0,-0.0018062816852300785,0.6849287372768191
50000,-0.05,32,0.01235186331399696,0,0.0009349343682537229,0.7665700153712255,0,0.00011959915875841999,0.49261573346394727,0,0.0026140212843402772,0.5585568981343951
50000,-0.05,33,0.010567322573396338,0,-0.0010605426359822812,0.7352631036201469,0,-0.00015192163650103247,0.3478218918530671,0,-0.003003509469472646,0.49907788500185357
50000,-0.05,34,0.011767817003300693,0,0.0014877573741492306,0.6372120012900941,0,0.00044851097040109975,0.4683106182382887,0,0.00201562853841637,0.6492336417368669
50000,-0.05,35,0.012319447913397273,1,-0.007109053614445514,0.02577760181954029,0,-0.0006540807405859133,0.31356047428770695,0,-0.0026959850616148774,0.5465638673581158
50000,-0.05,36,0.011361673903582094,0,-0.0021507174083605883,0.49360441077612627,0,-0.0005798888584335616,0.05141905372952926,0,-0.0025429884799621043,0.5691288847944904
50000,-0.05,37,0.011795762998343296,0,-0.000985208950560884,0.7536198440043627,0,-0.0001543319362075682,0.7612402988333612,0,0.0005260532113668077,0.9054730395002487
50000,-0.05,38,0.01223031881414013,1,-0.006734055895185554,0.03270392788736441,0,-0.0006433781027403849,0.13558357307370827,0,-0.007960421526656936,0.0731331768012745
50000,-0.05,39,0.010814920072421148,0,-0.0003725556088494649,0.9061057974085429,0,0.0002725685728600428,0.16821218019704776,0,-0.004305216315291566,0.3328778480733491
50000,-0.05,40,0.010931316537755623,1,-0.0066934593497417665,0.03331825955341077,0,-0.0005233698251739767,0.4278576838754926,0,-0.00634374722896469,0.15118361500519523
50000,-0.05,41,0.012754586980121638,0,-0.003524768482584558,0.2606428661467521,0,-0.00018277451156096923,0.897322399822343,0,-0.004305627662318078,0.3309315626071918
50000,-0.05,42,0.010906671004523954,0,-0.005782860748597541,0.06788226079829549,0,-0.0005074545422478002,0.9162847677203924,0,-0.0033741230722797565,0.44871283711168153
50000,-0.05,43,0.01181547138198139,0,-0.0007438670073277515,0.8121902221460635,0,-1.3915551190191698e-05,0.4885948855562544,0,-0.003483343881375226,0.4304993246928309
50000,-0.05,44,0.009766114094457094,0,0.0030696539904062113,0.3336782144599503,0,0.0005644754566628032,0.33695386005564154,0,0.0034836873276416045,0.43337618591316285
50000,-0.05,45,0.015290203685397847,0,-0.005068690994301155,0.10218028407952881,0,-0.0005152457375544562,0.8602832657414401,0,-0.007667031541411292,0.08167878569468402
50000,-0.05,46,0.011826743505530429,0,0.00078451761794538,0.8025236172029558,0,5.042146201954911e-05,0.5689098642748175,1,-0.010913914775078797,0.013823210873985746
50000,-0.05,47,0.010346152661870578,0,0.005639037799918026,0.07498773050916897,0,0.00072387047663564,0.23129677274630045,0,0.007426479666960054,0.09527548458879871
50000,-0.05,48,0.010304230822742733,1,0.007884651868184277,0.011759262961899058,0,0.0004606616778616736,0.10458646256132043,1,0.01153187218194563,0.009635052322290717
50000,-0.05,49,0.012554537473896775,0,0.0010974977514554847,0.7272198725051645,0,-0.00010091796714390855,0.9536734599931026,0,-0.0027535224520847494,0.5360102164777512
50000,-0.05,50,0.011328346584075036,0,-0.0035218000381285713,0.2635292861443104,0,-0.00021726928430547223,0.6886018741995346,0,-0.002607442791720249,0.5582596712682533
50000,-0.05,51,0.011211005132033458,0,0.0041978011333657,0.18468896648920158,0,0.0005956373089241784,0.292818879107279,0,0.004005600260232634,0.3687189361709261
50000,-0.05,52,0.01280025134443065,0,0.0017682029554934595,0.5777024294491657,0,3.0591651662584204e-05,0.3744941020653647,0,0.0007438540208872619,0.8680204865326927
50000,-0.05,53,0.010396134344181076,0,0.003494388025039607,0.2646159581932379,0,0.000452590687967892,0.4098386428185733,0,0.0015486065897712207,0.7271800191677167
50000,-0.05,54,0.013688878497773869,0,-0.0018931570001565507,0.5503959371227884,0,6.127833117044939e-05,0.4700945107149662,0,-0.00017656949869554735,0.967999348018084
50000,-0.05,55,0.01093738349785229,0,-0.000699429923635228,0.8232287206833953,0,1.561761461260891e-05,0.6386715653700046,0,-0.003067612402760528,0.48903073098062244
50000,-0.05,56,0.01025930486008366,0,0.0022090645747347083,0.4787083287645042,0,8.298469930517886e-05,0.9507622955228356,0,0.0014009225237238973,0.7525922949736477
50000,-0.05,57,0.011421366931345489,1,-0.00660995500161617,0.037432928633842996,0,-0.0007168307440373641,0.6204704915014518,0,-0.00786472171548092,0.08020543113186221
50000,-0.05,58,0.01214989364943962,0,-0.0032387183300363487,0.3006517423044074,0,-0.00023431145339935697,0.514514205475961,0,-0.00092536605920589,0.8359179601092556
50000,-0.05,59,0.012147125156382662,0,0.0019085335754067932,0.5429365744768859,0,0.00019584878852372774,0.4417795851856985,0,0.006604802906799528,0.1365748325265514
50000,-0.05,60,0.014304719834444531,0,-0.001379363111072635,0.6626010396011695,0,-5.050694456294758e-06,0.9478464399475135,0,0.0002518131580830508,0.9545447539153824
50000,-0.05,61,0.012713053533933568,0,-0.0008606798373221242,0.7835174859563405,0,-0.00022740616951277273,0.33339944518953546,0,-0.0009355365611672142,0.832794254926969
50000,-0.05,62,0.01233161115924154,1,-0.00877722196615179,0.0049955303412360695,0,-0.0006618261871817639,0.37150679028924594,1,-0.010638234884584685,0.015833430609058907
50000,-0.05,63,0.012358369457774018,0,0.0016279253399195282,0.602836936874231,0,0.00014031851252272216,0.10111527245344054,0,-0.002239624672563585,0.6130306114591072
50000,-0.05,64,0.011310046671836101,0,0.004261888878203106,0.17131293425498423,0,0.00045815103570506663,0.6350656820352605,0,0.00812622630213583,0.06661334559157672
50000,-0.05,65,0.013877202107331248,0,-0.004561778878821842,0.14322298621027707,0,-0.0003157769675977929,0.6798577062096914,0,-0.008278963046318099,0.06174010542702928
50000,-0.05,66,0.012779428218859296,0,-0.0036408932595617294,0.2459639298873532,0,-4.967595874169934e-05,0.7807718451370023,0,0.003410350272468698,0.44404783644168366
50000,-0.05,67,0.01177394751174354,0,-0.002051741931623354,0.5138963948815287,0,-0.00028065547981156964,0.6957155119018149,0,0.0025427812817804697,0.5661165434518433
50000,-0.05,68,0.0117407503411652,1,-0.007767444593650759,0.013759338868058768,0,-0.0007755501479564117,0.31655726110542026,0,-0.007543537401563321,0.09105985872440883
50000,-0.05,69,0.01286867655608556,0,0.0005234436636052971,0.867549750556081,0,0.00020673128524533718,0.4236324211392588,0,-0.006929994884950515,0.11608681629901436
50000,-0.05,70,0.012909498940283955,0,-0.0014373281364720664,0.6482518995744218,0,-0.000337352251862591,0.6978581390895544,0,0.0021777153072490433,0.6232928270304959
50000,-0.05,71,0.012659027432055308,0,0.003982895676840938,0.20904555673865968,0,0.00017165440756915847,0.865869541441266,0,-0.0004146225194417654,0.9257952817472312
50000,-0.05,72,0.011706879629849523,0,-0.0025779354290723466,0.41644944890776703,0,-0.0001978836301318686,0.5023416285937942,0,-0.0021284847338119044,0.6329208436009844
50000,-0.05,73,0.013247333615652019,1,0.00696248444078996,0.027521269970052106,0,0.0007551245819664738,0.7340312919629649,0,0.0014237820935896774,0.7495124172473365
50000,-0.05,74,0.011008653937464342,0,0.0014876977492679288,0.6340024607991159,0,0.00039030566676977684,0.7451009542263862,0,0.0012949914817633427,0.7693818445588877
50000,-0.05,75,0.013400087794075992,0,-0.00027200204854781066,0.9315592366453916,0,-6.621818399006271e-05,0.8300388873733743,0,-0.0007215132027578747,0.8715504143078382
50000,-0.05,76,0.011187004125378234,0,0.0032453246264361156,0.30486334371638973,0,0.00031010694110688805,0.5610702048291136,0,0.0054591367971728285,0.22313913063960453
50000,-0.05,77,0.010104776638069836,0,-0.001340077648714764,0.6685980816130055,0,-0.0001407990383114308,0.7288271104658721,0,-0.002401605050672536,0.586748907464115
50000,-0.05,78,0.011736875449353807,0,-0.0026776627040877967,0.39387495440107845,0,9.460508857959671e-05,0.3713276270043526,0,-0.0017630127593301888,0.6898099796068355
50000,-0.05,79,0.012419942446008652,0,-0.0009488965665121872,0.7617647689003624,0,-0.00020391950588046984,0.40942662921825357,0,-0.005473469538322395,0.21176872447749415
50000,-0.05,80,0.011502286356276415,0,0.002024752894290181,0.5196371184935014,0,0.00043993294070889514,0.5506528409854627,0,-0.003926565900237284,0.3795001770436959
50000,-0.05,81,0.01113988811681788,0,-0.002533714959816698,0.421518327707773,0,-0.00039841504549229466,0.8624120386284769,0,-0.0034240043466309683,0.4425216059581103
50000,-0.05,82,0.011392966923468913,0,0.0016971973216335058,0.5920923642779112,0,0.0005176719446950781,0.5385197627558769,0,0.003995804210130004,0.3707549297373983
50000,-0.05,83,0.010039333668096673,0,-0.006095361103999863,0.05213721118702853,0,-0.0005527230940463272,0.32791032590025315,1,-0.009125144949798145,0.039795221234681766
50000,-0.05,84,0.011022717448630894,1,0.007863591671187067,0.011934871093039638,0,0.0005590315447951337,0.8843727133928901,0,0.007734254697967367,0.07999183235698352
50000,-0.05,85,0.010477932287756127,1,-0.006532081335670394,0.037088480924000716,0,-0.0007046747338573846,0.17855228134860124,0,-0.00833905850272386,0.05895228754478623
50000,-0.05,86,0.009460746404003061,0,-0.0028931824312877223,0.3598713473697909,1,-0.00050448091309818,0.024430136435764527,0,-0.006121715850073705,0.1686254126843741
50000,-0.05,87,0.010543281436842081,0,0.0031162339170980433,0.31575938178292184,0,-8.118800971217949e-05,0.06041875122716178,0,0.007321552452375741,0.09666817744254634
50000,-0.05,88,0.01115976880926278,0,-0.005655768406208402,0.06916094863789746,0,-0.0007842199424634907,0.4900187573926078,0,-0.002239394763123669,0.6101500347530195
50000,-0.05,89,0.014110314612044298,0,0.0011183628906382788,0.7226192130868877,0,0.00024881646904997796,0.979392767851567,0,0.0031380342829507293,0.4787908229750196
50000,-0.05,90,0.010718342831705712,0,0.0019867845287714096,0.5281733569715448,0,1.310109075166319e-05,0.6339512071528163,0,0.0020073505779334127,0.6518659482435678
50000,-0.05,91,0.012755644876230153,0,4.450567624081154e-05,0.9887553658812984,0,2.2389221320591667e-05,0.8818673828817782,0,0.0027489442729987774,0.5340708731816197
50000,-0.05,92,0.012849421967487356,0,-0.0019260695157604496,0.5425911878073929,0,-0.00040737336569553754,0.4871987297043361,0,-0.00224400811305301,0.6144719260450067
50000,-0.05,93,0.013425700781698116,0,-0.0018483657565046396,0.5577099115002564,0,-0.00030591214739609455,0.6553107680618562,0,-0.001505343136147952,0.7343077186536
50000,-0.05,94,0.011857620318540603,0,0.0028239823960817083,0.36436114435915345,0,-9.680277405202759e-05,0.5604299922416314,0,0.004026893978094586,0.3568046957272021
50000,-0.05,95,0.013160298153096788,0,-7.476964045632678e-05,0.9809963319017885,0,-2.4835539222705534e-05,0.9404171086953521,0,-0.0019411560578054023,0.6584995164891181
50000,-0.05,96,0.012783925628645686,0,-0.0019348985001429616,0.5326957293985914,0,-8.768393919151881e-05,0.8367734900946405,0,-0.00037860434923157773,0.9312649139629149
50000,-0.05,97,0.012379923661783747,0,0.002339568058770303,0.45905677810165246,0,0.0003154321126931681,0.35540006706195126,0,0.002375246785318348,0.5933981406938942
50000,-0.05,98,0.009982133789378046,0,-0.0024333599583905028,0.4425433462569336,0,-0.00036354331049584927,0.25331828985319205,0,-0.002341844361829273,0.6015323289150767
50000,-0.05,99,0.01374527962689531,0,-0.0007152677435468538,0.8182313259814089,0,-5.11381294178766e-05,0.7995426136525781,0,0.0062513141021616515,0.15808953219656563
50000,-0.05,100,0.010238457272687445,0,0.0010812567813522106,0.7308712742304977,0,5.206303454050271e-06,0.9936836709217712,0,0.005161156951597612,0.24582821917055328
50000,-0.05,101,0.009713824005583427,0,0.0003741701090106374,0.9048163688396142,0,0.0001586167254321279,0.621952953353697,0,-3.11467934639127e-05,0.9943831518773092
50000,-0.05,102,0.01090859461447165,0,0.0023126724665466594,0.46020322034750016,0,0.0002139567790321682,0.6395275146128161,0,-0.0028813552791140604,0.5125455614681852
50000,-0.05,103,0.012794921103808069,0,0.003725685706164795,0.2335703446374029,0,0.0001101643322941509,0.09954214121460603,0,-0.00413363157507818,0.3464256952135184
50000,-0.05,104,0.013335012009510252,0,-0.0026455997416102396,0.4000982775406018,0,-0.00040104097840952855,0.48301244623112183,0,-0.0039381960499866395,0.37294836854721647
50000,-0.05,105,0.010841610407689222,0,0.0018675853597899588,0.5576512191564694,0,-6.134108139655098e-05,0.8852931438350828,0,0.002649933021904896,0.5535314714218089
50000,-0.05,106,0.012574707053079448,0,-0.0014309647498170208,0.6469734974985897,0,0.00015032606693829507,0.9984305836808223,0,-0.008622495458712366,0.051708690987814374
50000,-0.05,107,0.011362427345712627,0,-0.0014681262499305339,0.6430792796791459,0,-0.00012861959144408054,0.2622509394526533,0,-0.0012569213920695192,0.777239915280414
50000,-0.05,108,0.011257579749262982,0,-0.0009258393921298487,0.7684906382685798,0,-0.0002122892125717385,0.32206765526224035,0,-0.00494460281130752,0.26518544419997564
50000,-0.05,109,0.012203456837149535,1,-0.007183961448868117,0.023503443039148187,1,-0.00035138626755009734,0.04506659454904749,0,-0.0025325041288651266,0.573010514938594
50000,-0.05,110,0.01285208095448327,0,-0.005120330424266437,0.10401806167613364,0,-0.0004105970282813302,0.9336149905373252,0,-0.002342575590689012,0.5982689146198037
50000,-0.05,111,0.01155251978008891,0,-0.0003138998513120751,0.9204720153192254,0,0.00017131036984045008,0.27750062695527067,0,6.603453926550844e-05,0.9881906828451876
50000,-0.05,112,0.012368940817787314,0,0.00018969725557544396,0.9519086267892579,0,-9.624735206998162e-05,0.8619956599374063,0,-0.0031172341970146867,0.48500851210700213
50000,-0.05,113,0.01132577213018451,0,0.0009544539252316156,0.7585531946992379,0,3.742417168824771e-05,0.6034550445205993,0,0.002432915440523775,0.5831567420180621
50000,-0.05,114,0.011403112113994255,0,-0.001204411891361023,0.7020734090361908,0,-0.0004900750565652854,0.6875671658130458,0,-0.0053370671116526325,0.2294293667836217
50000,-0.05,115,0.009522018896133452,0,0.0007450529937430567,0.8134144160985853,0,-5.622042728737433e-05,0.19816471858650742,0,0.0007690339824174616,0.8627671094931569
50000,-0.05,116,0.011236777812068879,0,-0.003563024193390731,0.2588846255968527,0,-0.00013973473667460812,0.25191541726937183,1,-0.009723330976429013,0.02985096484858859
50000,-0.05,117,0.011525929298810932,0,-0.002288539495477969,0.47208268505301443,0,-0.0003504347493844177,0.39647962116615143,1,-0.009752312541988117,0.028485535836763456
50000,-0.05,118,0.0093363271405381,0,0.004792346378835471,0.12678981207950776,0,0.00024541978059010685,0.22585564866876773,0,0.002557231096881888,0.5617515789761831
50000,-0.05,119,0.012540575969535431,0,0.00017421184605603482,0.9555575036345161,0,1.0188157635313704e-05,0.8244757823350336,0,0.002770008005072773,0.5328386357054549
50000,-0.05,120,0.012792442879154303,0,-0.001157711924731435,0.7119392926708727,0,-0.00016078459307685558,0.468628949549154,0,-0.004650808341498331,0.29073694250716947
50000,-0.05,121,0.00932782852750816,0,0.00020802479419170512,0.9474904972497917,0,-0.0001703934416081405,0.7327517128030478,0,-0.0016899467426850427,0.7059328089194024
50000,-0.05,122,0.01108706552732477,0,-0.0030803993156468703,0.32944633235999843,0,-0.0003544806869806767,0.5985239849211701,0,-0.004134359345934219,0.3532583837764084
50000,-0.05,123,0.01115890811020994,0,-0.001625101996747327,0.6058743038677497,0,-0.0003282012167050234,0.5025604680549521,0,-0.0017955887210344078,0.6843099906983732
50000,-0.05,124,0.012503963859355033,0,-0.0032886825655509223,0.29677997949132856,0,-7.690511256152661e-05,0.35680896048588373,0,-0.00778854604972392,0.0801393211677345
50000,-0.05,125,0.015487195897698347,0,0.0004551822990690274,0.8830408329962125,0,0.00017937393334104316,0.2860699948917822,0,0.00023749447963821704,0.9571541187045729
50000,-0.05,126,0.01263843691556265,0,0.0022567226963633343,0.47350828204762985,0,0.000362211296215319,0.8424061407680712,1,0.009797446004602741,0.028321754399891735
50000,-0.05,127,0.010714323479243143,0,0.0006174872559822666,0.8436368341069416,0,0.0001428419759809816,0.30706791807520095,0,-0.002020952155072383,0.6455189054330535
50000,-0.05,128,0.011315292786305116,0,-0.0002712049284111101,0.9311256829044012,0,9.536457463831834e-05,0.9375245719989641,0,-0.00024142802264921206,0.9565713924249113
50000,-0.05,129,0.009856494289963736,0,-0.004620717109444967,0.13675296567984133,0,-4.198505975688179e-05,0.3873444630592653,0,-0.00812150903841463,0.06590962787710662
50000,-0.05,130,0.009797978500597123,0,-0.0005623172073391158,0.8594863368360599,0,0.00016057237316636672,0.05792600390364111,1,0.008997496396219922,0.04351597642159699
50000,-0.05,131,0.012331007362111708,0,-0.004121895521672391,0.19205484965951294,0,-0.00021676442542439676,0.7076461848194084,0,-0.0026079349035961126,0.5581076204215738
50000,-0.05,132,0.009160309339757845,0,0.000602381870819033,0.8473272675574353,0,0.00031731602553884594,0.5635497089574792,0,0.005867912672891016,0.1863757484145537
50000,-0.05,133,0.011497306405406563,0,0.0005696200040832318,0.8538393747677557,0,-0.0002514816124709295,0.5990559060491663,0,0.008424735990596765,0.05681685598243962
50000,-0.05,134,0.011723669869664317,0,0.0004873387081423088,0.8772725867924311,0,7.611735555030661e-05,0.10999090859574001,0,0.0008738729815345672,0.8442495605166755
50000,-0.05,135,0.01311398430661402,0,-0.002398066274245089,0.4466671692604568,0,-0.00032436435907104997,0.17780480288545508,0,-0.006840300186402016,0.124968531773827
50000,-0.05,136,0.011902692721376831,0,0.0008275456974604288,0.7940162999024954,0,5.374725950499372e-05,0.4285372640008467,0,-0.004410992524827418,0.32158309816414976
50000,-0.05,137,0.0106672735816973,0,0.0009130044795971629,0.7719042700983928,0,0.00017193405296186156,0.18774947527522445,0,0.004689394557734794,0.2938501110523374
50000,-0.05,138,0.010927637470754988,0,0.001755512780779576,0.5751490762653654,0,0.0003238361581740109,0.8375371267589222,0,-0.00019720024535906425,0.9647483181531671
50000,-0.05,139,0.011937460334954799,0,0.00037714852583459917,0.9044249991490807,0,-1.332476784712504e-05,0.5563903575858635,0,0.002935132345560321,0.5110375573253167
50000,-0.05,140,0.01078976988146256,0,-0.005712210315466699,0.06770132107931452,0,-0.00046168977031166774,0.6098974008692488,1,-0.009127084031160027,0.039619922883373265
50000,-0.05,141,0.01193633484033334,0,0.003338749558446398,0.2870227226448969,0,0.00015463852254184084,0.6988789051323805,0,0.004935551056412982,0.2645758356596703
50000,-0.05,142,0.012071365798403334,0,0.00044125438460254965,0.8891871208714826,0,-5.184610044857548e-05,0.8610044507393604,0,-0.0008428446014641952,0.8511592753180949
50000,-0.05,143,0.010002744979869829,0,0.000770088086011828,0.8063223173318064,0,1.0693621528033036e-06,0.7387597759718565,0,0.0009542172575590991,0.8298483456023457
50000,-0.05,144,0.011632117332551348,1,0.006997527198880357,0.026583980131749337,0,8.801642446760618e-05,0.0822800957041161,1,0.008959063199572886,0.044434451647422595
50000,-0.05,145,0.012710396873541491,0,-0.001683394253583155,0.589827512263356,0,-0.0003986069057517836,0.42834883867956164,0,-0.003685823825140014,0.40501173474711516
50000,-0.05,146,0.012451181329024287,0,-0.0008851105462749714,0.7786726205311093,0,0.0001292638727955213,0.6302527606115936,0,0.006329583377794559,0.15581363637029622
50000,-0.05,147,0.012140026065631174,0,0.0036759288681738594,0.24581364211102077,0,0.0004892037592589693,0.38856610970789573,0,0.0037499608040951595,0.40307413140446635
50000,-0.05,148,0.013601492859052187,0,0.002977843178664655,0.3389244912659648,0,3.0111596212748476e-05,0.45519976504529436,0,-0.0005395865029621402,0.9027768925099827
50000,-0.05,149,0.01081019726421221,0,0.0059294285719938295,0.0574621352896983,0,0.0003691646859146352,0.6676005746926705,0,0.0012727559176193433,0.7732466919987486
50000,-0.05,150,0.0121845400838038,0,0.0003032271913413522,0.9236391115603995,0,-0.00016342061370279264,0.09206562455188949,0,0.00257159879531006,0.5652293286516088
50000,-0.05,151,0.012306464744736251,0,0.00025204294221357356,0.9366333721882101,0,-4.350204195971582e-05,0.6541011891613038,0,-8.629423924228803e-05,0.9845440605764063
50000,-0.05,152,0.012901414021794313,0,0.0014007438393655019,0.6525671525177428,0,0.0002313146116660099,0.21736340617783534,0,0.0011569061288255816,0.793479087658464
50000,-0.05,153,0.012749771909760942,0,-0.005414416863738676,0.08619305210902142,0,-0.0005190223020127949,0.07032562614828419,0,-0.006200369572911726,0.16837303925121674
50000,-0.05,154,0.011466196856105903,0,-0.002642387366256402,0.39794827815857825,0,-0.00022059626381286187,0.902491756355762,0,-0.0018966503811945036,0.6662378532611146
50000,-0.05,155,0.011233197014788657,0,-0.004251674081266658,0.17653516601279015,0,-0.00033510724869070455,0.9282704997361475,0,-0.0005434288682283767,0.902652919032344
50000,-0.05,156,0.011283910829854712,0,0.0026107088674904217,0.4059599504630169,0,0.00021232992658729076,0.6724757901891674,0,0.006904042632081874,0.11894721223909388
50000,-0.05,157,0.011102910368780692,0,0.0022466398117871114,0.4751403922731381,0,0.00034884116845416855,0.1707245645358717,0,0.004415635010769006,0.319812636856175
50000,-0.05,158,0.010542896718035747,0,0.001722281249039011,0.578306989147191,0,0.00037497191542773685,0.1401544619051377,0,-0.0009590150238235259,0.8287227847060247
50000,-0.05,159,0.010241727821532544,0,0.0009604013916326987,0.760576404172197,0,-0.00016657146143787087,0.07647679756173131,0,-0.001552533223061022,0.7259194204952035
50000,-0.05,160,0.011273479776056635,0,-0.0023005661716947036,0.46797855897028273,0,-2.7294994394731074e-05,0.7727277637425181,0,0.000385130907570778,0.9305902089541335
50000,-0.05,161,0.009721490405466177,0,-0.000168313002427346,0.9574553979280619,0,-0.00020476595348711092,0.5703955375608023,0,-0.0007491158773295236,0.866530668776539
50000,-0.05,162,0.01028311532018724,0,0.0028791526912879633,0.36033545193734096,0,0.00030340073509344846,0.3623314466297649,0,0.000983689147759666,0.8254037204715576
50000,-0.05,163,0.011429656265465809,0,0.00364132280580662,0.2484672498579132,0,0.00016078711437143476,0.5451078117917652,0,0.0035438305176053275,0.4230519334669164
50000,-0.05,164,0.010670434240476498,0,0.0027081636140183028,0.3936669014716032,0,7.624574296924533e-05,0.07722937529377161,0,0.0032576054647231456,0.4655235581188688
50000,-0.05,165,0.011618206144618427,1,-0.009407657445560332,0.002790783119418436,0,-0.0007675710049400666,0.5645971178635936,0,0.0005830945261550121,0.8934095912390205
50000,-0.05,166,0.009226263003858808,0,0.002922025078088113,0.350709931918989,0,-0.0004963987792170861,0.9392871233327661,0,-0.0014637749051151939,0.7412593855474281
50000,-0.05,167,0.011123658563561739,0,-0.0005088890146361574,0.8714060652040643,1,-6.451166434271698e-06,0.02167549266142299,0,0.0011950675351467875,0.7870893944233411
50000,-0.05,168,0.01218491560222534,0,0.001183293812758698,0.7055587941185406,0,-7.169942644421296e-05,0.4945411015768326,0,-0.0003550634297606824,0.9360962835760945
50000,-0.05,169,0.01208122767806729,0,-1.3339287663331105e-05,0.9966288801367016,0,8.052393179064393e-05,0.9172322005775246,0,0.002699525171767642,0.5452863197790718
50000,-0.05,170,0.010882091765035184,1,0.00745823208290162,0.017000703247668024,0,0.0004223384711719898,0.8502416006392773,0,0.005794987136390205,0.18834073662008016
50000,-0.05,171,0.014203237331177338,0,-0.0018657707521664698,0.5490873144672805,0,-0.00017834822479929457,0.723876099571749,0,-0.0026768182546968466,0.5434543618354806
50000,-0.05,172,0.013091874186805682,0,0.002034205077856519,0.5175446855092478,0,0.00022699766938746375,0.6785790849649809,0,-6.60012257254675e-05,0.9881386769598615
50000,-0.05,173,0.015016893623095565,0,0.0004319332160431478,0.8906352683738721,0,-2.178625908970677e-05,0.8758600962324661,0,-0.0022827180146151324,0.6078687321756653
50000,-0.05,174,0.012394733856593967,0,0.0017200659057792231,0.58535343410465,0,7.820966874248302e-05,0.7543844221990843,0,-0.0018174058999464457,0.6824214287328145
50000,-0.05,175,0.01169712873603446,0,-0.003378518468498524,0.2773027051200819,0,-4.93980906487496e-05,0.9560114311197435,0,-0.008093947253346195,0.0661499057264928
50000,-0.05,176,0.011506512113104935,0,-0.0005066512394887135,0.871870142570042,0,-0.00031674748582604593,0.9592167456323789,0,0.0038759274768668207,0.38376811555434953
50000,-0.05,177,0.012057005756699912,0,-0.003407092957218074,0.27610023962058206,0,-0.00034397963048734127,0.484468127010071,0,-0.00033023562110331484,0.9403157736596756
50000,-0.05,178,0.013178801288554988,0,0.0016342063695260899,0.6027659318444542,0,0.00015682384348534898,0.09356841604036203,0,0.0016661562726473335,0.7072549684568498
50000,-0.05,179,0.011331952424249565,0,0.0009819004377786462,0.755109442006983,0,0.00010437056865237678,0.9333824153057064,0,0.0011806069217003572,0.7905206645481386
50000,-0.05,180,0.012025135305819282,0,0.0012568220698965533,0.6861258996737762,0,0.00020054642307171732,0.5739865492827843,0,0.0035088132732923444,0.42778224629892103
50000,-0.05,181,0.013119121651676993,0,-0.004176791489360406,0.18161728671872043,0,-0.00015008214720722179,0.37258392096509985,0,-0.006600820405189447,0.13615444424119486
50000,-0.05,182,0.011222166273293786,0,-0.001288920658832291,0.6811843750776715,0,-0.0004383795342506114,0.2526637557132534,0,-0.00861428230199442,0.05116333822267732
50000,-0.05,183,0.012448657374173515,0,-0.0049576355594873394,0.11652363134539077,0,-5.368453803893105e-05,0.18024297006826073,0,-0.005609618740201996,0.20924294640374533
50000,-0.05,184,0.01144606400112013,0,-0.004064581550426186,0.19595370595384404,0,-0.0003182111821794507,0.6722272657600243,0,-0.004593439105846257,0.30415787322498405
50000,-0.05,185,0.010799675354044237,0,-0.002215359202955963,0.4818984128955788,0,-0.00035473611654476887,0.5897794356492265,0,-0.002022364312776153,0.6488946596090371
50000,-0.05,186,0.014747918060682421,0,0.0037454391176240808,0.23102843386879357,1,0.0004877899107624355,0.044376895018817475,0,0.0031821836637008737,0.47401469366125015
50000,-0.05,187,0.01313085873141975,0,0.001570871965628086,0.6197101516361185,0,5.8546578746657096e-05,0.8399797714798903,0,0.004742266717185648,0.292252281460188
50000,-0.05,188,0.011182333769449894,0,-0.005982799570172639,0.055016323755224326,0,-0.0003176605234502484,0.3720919290009519,1,-0.008797342127317653,0.046429349097073705
50000,-0.05,189,0.012526932555404317,0,-0.0020158214317299193,0.5232133407243584,0,-8.098331119571562e-05,0.07006696858294081,0,-0.007342353236319651,0.10003379081129572
50000,-0.05,190,0.01103876500328803,1,0.007522269614049409,0.018079211021722975,0,0.0005004800882524182,0.08996790893590778,1,0.010185767483579765,0.021751252937924778
50000,-0.05,191,0.011859204393956465,0,-0.0006993479910518746,0.8214143862670082,0,-6.913023132832948e-05,0.9526331831736171,0,0.0028485960215594744,0.5186407277484643
50000,-0.05,192,0.012132065270517496,0,0.00032575752212713377,0.9172782640010808,0,4.247552943270153e-05,0.18235688750296075,0,0.0015407233869204205,0.7278481617646649
50000,-0.05,193,0.010511117224474712,0,0.0003482199963255739,0.9118218373018602,0,-0.0003795904808102952,0.06188434000984189,0,-0.0029588270618071968,0.5047338031650168
50000,-0.05,194,0.008772008863486207,0,0.00281534692696312,0.3713053175504528,0,4.1667090909386e-05,0.9618132196378686,0,0.004599538746136716,0.29899471500712566
50000,-0.05,195,0.015689770179894365,0,-0.0028757990173414938,0.35898881793297066,0,5.570107035150011e-05,0.07422837079525646,0,-0.006598134035031113,0.13748105992923582
50000,-0.05,196,0.01161134023008268,0,0.00015279011534991428,0.9612510879583,0,0.0001708945151455075,0.4417008127280143,0,0.0025622685735340175,0.5633237757930414
50000,-0.05,197,0.011287823779496314,0,-0.0008884791387071439,0.7777358191687633,0,-0.00015116018894006318,0.9613547226953946,0,-0.0023787953133706245,0.5930388034526128
50000,-0.05,198,0.014095161601852608,0,0.0023930526786315677,0.4468548824867038,0,0.00013724011641819112,0.3492794836374432,0,0.000806887640808275,0.8558043119426411
50000,-0.05,199,0.013974425883326485,0,4.786921868386656e-05,0.9877196554764782,0,0.0002796173762477618,0.23130589634454923,0,-0.0035910840080904905,0.4194172121881353
50000,-0.03,0,0.012619243122999484,0,0.0034368639137195367,0.27714036750835663,0,7.530123466758487e-05,0.06496736203118858,0,-0.00028144093821671004,0.9495407782917208
50000,-0.03,1,0.012268541679923384,0,0.005231911290525516,0.09554020167180177,0,0.00038659636695593256,0.18129462609286873,0,0.005209782212606728,0.2432145497460636
50000,-0.03,2,0.010606941056065708,0,-0.0007213752313700747,0.8189585837268277,0,-1.9592355373633964e-05,0.986439909183497,0,-0.005475599089422188,0.21932040129347213
50000,-0.03,3,0.012520311388717998,0,-0.002212541189727844,0.48236332209144217,0,-0.0003727532449586626,0.5248529500596983,0,-0.006174027070997529,0.16551811536084285
50000,-0.03,4,0.011735518267483144,0,-0.0004307351035432405,0.8919429409551494,0,-0.00012752397624511406,0.8667796380679585,0,-0.0011614661264054455,0.7903464702108955
50000,-0.03,5,0.010925374421303402,0,-0.003012117003912099,0.3384385499335256,0,-0.00020747257294384647,0.7397274652637298,0,-0.0009423410880628385,0.832846774128205
50000,-0.03,6,0.011042631908042957,0,-0.0007114959304023713,0.8197755780332756,0,-0.00012739011317922477,0.945073026214375,0,0.004106688953400462,0.3548230189853204
50000,-0.03,7,0.012663512394294179,0,-0.0003113894638321119,0.9212704799726374,0,-6.214622440528386e-05,0.8115122830053625,0,-0.0025915367736171115,0.5590127576057926
50000,-0.03,8,0.011600012940026985,0,0.00011982528762419036,0.969655632019712,0,-4.2887258376153315e-05,0.8813991142740438,0,-0.00250411940502515,0.5714057019489194
50000,-0.03,9,0.0117843739441072,0,0.0030992224861025146,0.3237363663716901,0,0.00031272037303335545,0.4287298986403324,0,-0.0054875741940856055,0.2152669531339968
50000,-0.03,10,0.012691999086110042,0,-0.0012857087902897828,0.6836912897457106,0,-2.6608213313581056e-05,0.9691846543988134,0,-0.0016716305801640747,0.7081111142450225
50000,-0.03,11,0.011803905237211716,0,-0.0005168811156675943,0.8683459189444784,0,9.875737615435616e-05,0.12149543681817421,0,0.002379257280463758,0.5916168911281865
50000,-0.03,12,0.011325080951305464,0,-0.001815204355640435,0.5676603555788542,0,-0.0001572202871475264,0.8180853267487393,0,0.0021399016720299,0.6344016985544165
50000,-0.03,13,0.011263125016859154,0,-0.002273606210132828,0.46789678674792157,0,-0.00040700670261680183,0.5298198829647054,0,0.001353236055456695,0.7592192021505785
50000,-0.03,14,0.009979774049698027,0,-0.000984415949620058,0.7522583142068993,0,0.00024002353039682023,0.6250177191726245,0,-0.001953298870981857,0.6538810057980928
50000,-0.03,15,0.011059808118989923,0,0.0003712494447373507,0.9053798283326568,0,0.00010310685761398991,0.4643029807435637,0,0.004082730323954667,0.358407891465366
50000,-0.03,16,0.012067476765843674,0,0.0037951264532294074,0.2271695994589247,1,0.00032675155262392434,0.04073791822489814,0,0.005211758011093613,0.2391206544621631
50000,-0.03,17,0.011026882437114882,0,0.0026394072712258502,0.40246577266077954,0,0.0003594559830093153,0.41516312840052083,0,-0.0025999485259808677,0.5603835432514631
50000,-0.03,18,0.011568563708430986,0,-0.0020018592644587157,0.5281492910412,0,-0.00043566006755336713,0.9960315304892796,0,-0.0066076773387373925,0.13820747553944082
50000,-0.03,19,0.01157233968380143,0,0.0012178228154904156,0.696966950772874,0,5.829275871901573e-05,0.22500692396190747,0,0.008337840031727071,0.059582800730521655
50000,-0.03,20,0.011876620247763885,0,0.0016736210722424925,0.5926165055947175,0,-0.0002190314896050232,0.6995716636199605,0,-0.0013529233850041434,0.7599853492040738
50000,-0.03,21,0.013756494626370038,0,-0.0004485862375374441,0.8861854930704345,0,-0.0001601786541898954,0.6931176863663073,0,-0.0009412279790195206,0.8320101645934215
50000,-0.03,22,0.010424094727870143,1,0.007543411585993564,0.01626447043278578,0,0.0005321675824703834,0.22822150016102194,1,0.01186233386373872,0.007511007877003281
50000,-0.03,23,0.01448751576697132,0,0.0015361250155676088,0.6218181171392514,0,9.954389018543094e-05,0.9844834023327179,0,-0.0004503294939607428,0.9185823863771025
50000,-0.03,24,0.011636422898200913,0,-0.0012382059616186164,0.6938550597500384,0,-5.7025002221096195e-05,0.6926001310903218,0,-0.005143963971448035,0.24589906986955232
50000,-0.03,25,0.012481984462931226,0,-0.0015199441586879895,0.6285845590662393,0,-0.00018536546089861026,0.8104222223622362,0,-0.001035676714395895,0.8164549813409374
50000,-0.03,26,0.013340077654448026,0,0.0003804590191268981,0.9041145839988107,0,-2.920225365409837e-05,0.3468424234155145,1,0.012944464589791654,0.003408057569529641
50000,-0.03,27,0.012883776520397778,0,-0.005606452304307097,0.07868900663090059,0,-0.0005555722826495027,0.44735207312717384,0,-0.0008389707421969349,0.8502425736576591
50000,-0.03,28,0.014368962051635606,0,0.00305228939986282,0.3342092058594619,0,0.00011866940881343155,0.19550820383009238,0,0.0072067835736587945,0.10603158588490393
50000,-0.03,29,0.013445489180121006,0,0.0012197603966338957,0.695210491889142,0,-0.00021410646932486333,0.8508654945271744,0,-0.0006944964743473638,0.8747863770524682
50000,-0.03,30,0.012277467067765873,0,0.0020280089807315597,0.5153200925241959,0,-3.1118884774374516e-05,0.1097010945676411,0,-0.0023987883965737047,0.5885739962072251
50000,-0.03,31,0.009886956699130617,0,-0.0007869345586825339,0.8030358224730039,0,-0.00012999891638487853,0.42446561774961866,0,-0.0012739105615168507,0.7736903920468308
50000,-0.03,32,0.0087550517746664,0,-6.010483194906352e-05,0.9847674938330486,0,0.00013903246647209043,0.2708998045999619,0,-0.0013070919458530094,0.7688531406392942
50000,-0.03,33,0.012276379240785366,0,0.004674506709158117,0.13710171015346048,0,0.00038459950426985136,0.28359080828105265,0,-0.001557953431152054,0.7246546502466046
50000,-0.03,34,0.012597330767273193,0,0.003276548326407308,0.29919114629585913,0,9.758256944328335e-05,0.659888065672281,0,-0.00021914744586254263,0.9606331978491633
50000,-0.03,35,0.012319331568727141,0,0.0014253362991538915,0.6488529190033623,0,-0.00012462127549652154,0.674049616653109,0,0.0034168377338119724,0.4403943130102683
50000,-0.03,36,0.011230428897128712,0,0.003099277723952158,0.3233171475654306,0,-0.00012582259480478026,0.14069828159446585,0,-0.0013396258194747408,0.7625972999197208
50000,-0.03,37,0.011381213915895546,0,-0.002712701830646312,0.3899347126688697,0,-0.00042863827621889374,0.7076094123843235,0,-0.0034575596187958455,0.43639985425314676
50000,-0.03,38,0.010795583133350647,1,0.0064114643050291985,0.042406481909508284,0,-0.00013265851416040548,0.22017336985123293,0,0.001267330426850958,0.7755115951808612
50000,-0.03,39,0.014681179595139399,0,0.0024769826933883324,0.4287059514288688,0,0.00030020114386419984,0.5759324495896951,0,0.004874282466274745,0.2681132658758681
50000,-0.03,40,0.012171525122344425,0,0.0034086916300593005,0.27777801674099456,0,0.0004567652289761401,0.8717798423108343,0,0.006277348701014781,0.15691015762110064
50000,-0.03,41,0.010389854686513973,0,-0.0014405724063296763,0.6466329922592118,0,-5.350350204385235e-05,0.48906872582820626,0,-0.0036541794771780683,0.40998123620693483
50000,-0.03,42,0.010420695176594585,0,-0.005605313975834379,0.07292885842127778,0,-0.00037757401826441433,0.8989823095738155,0,-0.005965441285720034,0.17409000743201877
50000,-0.03,43,0.011644950137779959,0,5.0596899996975574e-05,0.9871582207187126,0,-5.6423742767013075e-06,0.9507349211035814,0,-0.004264303974494748,0.3344350194906166
50000,-0.03,44,0.012436611219464475,1,0.007483954070175774,0.016336053543272947,0,0.0008880281495810006,0.16985159098291935,1,0.010907180996834187,0.013541868650430703
50000,-0.03,45,0.011636621428571725,0,-0.00051528246709047,0.8702927182943865,0,-0.00015993011945984628,0.9677487127768889,0,-0.004265959480576341,0.33475777243491245
50000,-0.03,46,0.011730720028215973,0,-0.0019549226866288657,0.5307308422523718,0,-0.0005287302802793949,0.3466660979207363,0,-0.0011112862915805808,0.8024349134062512
50000,-0.03,47,0.015358474121743276,0,-0.0031210075792002167,0.32010156099277864,0,-0.000371447085001232,0.3367837446189921,0,-0.002965334613581786,0.5073118178421883
50000,-0.03,48,0.00995662215301041,0,-0.0001021732489232676,0.9737954151228433,0,-0.0001912164335499757,0.1652465806580563,0,-0.002325122731640643,0.5986493319181849
50000,-0.03,49,0.01335966879886723,0,0.0008244605231257847,0.7915831733860486,0,8.397859252422984e-05,0.29416999522204734,0,-0.0006666734101598814,0.8801697581035968
50000,-0.03,50,0.01049021832650759,0,0.004354454727303953,0.1669775798292095,0,0.00014543051957832028,0.6330946520299703,0,0.003108422109748622,0.482302381662414
50000,-0.03,51,0.0116505946060748,0,-0.0008086102130796819,0.7950382177173418,0,-0.00022638704361776737,0.2624077746407555,0,-0.003962491886805859,0.37111274361423596
50000,-0.03,52,0.012672728092903828,0,-0.00092000875025648,0.7716323349214099,0,-0.0002452826054673147,0.9205476758992343,0,-0.004639551645037806,0.2986177233500618
50000,-0.03,53,0.010630003475926504,0,-6.630886312802224e-05,0.9831961415520236,0,-9.344571548343653e-05,0.06860711576823553,0,0.0011057013834437548,0.8034783438689374
50000,-0.03,54,0.013447201825938145,0,-0.0030871380789803935,0.32851328988592265,0,-0.0002521077773463637,0.8099958639875946,0,-0.003432215966782603,0.4420369444169715
50000,-0.03,55,0.011843319446049926,0,-0.003799657952745562,0.23042115645607894,0,-0.0002060743096004173,0.4944522562189809,0,-0.004149256920058428,0.3530161540016238
50000,-0.03,56,0.014344119604005327,0,-0.003933248169720982,0.20971401027811146,0,-0.0005494478668654324,0.9684360347573338,0,-0.006724259046900133,0.13178675775727863
50000,-0.03,57,0.01277506108008365,0,-0.0007276986098383564,0.8184988883122731,0,-0.00022503567317895486,0.5810579391311557,0,-0.0023651892105831895,0.5945061856238472
50000,-0.03,58,0.012583874622447967,0,-0.0043729716512516505,0.16162605929557528,0,-0.00033050198103440234,0.8056138124973217,0,-0.003594945800621083,0.4190033655358988
50000,-0.03,59,0.013824556172186885,0,-0.0009073928474267765,0.772820496634609,0,-6.35219652037195e-05,0.753613988830131,0,-0.0021370660102608195,0.6316927384000258
50000,-0.03,60,0.01331845814197169,0,-0.0039365678624340315,0.20581938150742707,0,-0.00021286767740667098,0.6227191540481521,0,0.0044297991861848,0.3150166319907877
50000,-0.03,61,0.012021142101677143,0,0.003209604649202876,0.3011324017845427,0,7.379842502352934e-05,0.5566183291278972,0,0.00046089582056880833,0.9172089156565035
50000,-0.03,62,0.014175294526989124,0,0.0005044378873430707,0.8723517152815268,0,-2.3606599088038334e-05,0.7343732766575385,0,0.0019377545700552702,0.6624012480297576
50000,-0.03,63,0.011607574738263007,0,0.0015787041087889728,0.6166238173617334,0,0.00018845675826128838,0.7385660306484083,0,0.0036716598359875755,0.40846330649582907
50000,-0.03,64,0.012624830515137849,0,-0.004269454487908678,0.174705881248448,0,-0.0005780083740908423,0.9003888316056049,0,-0.0021282034880682125,0.6321932355621191
50000,-0.03,65,0.012993934284535005,0,0.0004759113705735316,0.8781369848018193,0,1.2423620836006803e-05,0.37693882252429556,0,0.001700494800359717,0.7002806929559686
50000,-0.03,66,0.009856408512383157,0,5.0917395473561655e-05,0.986929010533456,0,-0.0001871921519656109,0.1211264658092579,0,-0.0014592223990581407,0.7371734901201865
50000,-0.03,67,0.010766499818644854,0,0.0016070328617342946,0.6126414119557997,0,0.00027766211838775156,0.4166985055293022,0,0.002317231778403018,0.6036022671409238
50000,-0.03,68,0.010057028275810533,0,0.0009825941257745464,0.7549285831163631,0,6.110171690432673e-05,0.5706824134021002,0,0.0046917537523613545,0.2892212688374063
50000,-0.03,69,0.009721429467630372,0,0.0006931607453769507,0.8245647323030287,0,0.0004583784274293827,0.7110805981879041,0,-0.0004939365670541643,0.9109154947686074
50000,-0.03,70,0.013383277541442229,0,0.0019975797586279276,0.5250498702338915,0,1.4698188736904044e-05,0.9458915788413071,0,0.0009172890597553987,0.8368923467367614
50000,-0.03,71,0.009658352705483413,0,0.00503195093200899,0.10920181904037395,0,0.0002995747937773814,0.8515749480380397,0,0.0069039054637088865,0.11961482555811481
50000,-0.03,72,0.011850258604435471,0,0.003000146215103789,0.3416425044754223,0,9.04782197792788e-05,0.5362597601800269,0,-0.0005664867377933992,0.8981539150039801
50000,-0.03,73,0.011062618888777579,0,0.0005823413310123741,0.8513780530652976,0,0.00020488662875861453,0.6938175243844268,0,-0.0003798264988649218,0.9318024337958496
50000,-0.03,74,0.010185142097848238,0,-0.0024533615690382742,0.43710848892752463,0,-0.0006022972156082263,0.6122250156013045,0,-0.0015751391331462945,0.7242463735974387
50000,-0.03,75,0.010206799403771104,0,0.00453217335238914,0.1498822648939209,0,0.0003975854576429199,0.6510558654596919,0,0.008543140254946754,0.05389507276089548
50000,-0.03,76,0.01195388918524061,0,0.004164435380023905,0.1842547214465987,0,0.00037854815785561035,0.7688606343164227,0,-0.0002695587151088947,0.9516797313639632
50000,-0.03,77,0.013036080287842429,0,-0.005725489983003993,0.06869210603427194,0,-0.0002879230624915125,0.9539374989007795,0,-0.005004602372484124,0.26015564876496233
50000,-0.03,78,0.012963087250099118,0,0.003875841533074321,0.2229159940861009,0,9.696407293440557e-05,0.892045287106841,0,0.001154423319870849,0.7961289797881228
50000,-0.03,79,0.012529042601795345,0,-0.002546074419668607,0.4154231497390575,0,9.085982377081928e-05,0.6371331245343067,0,-0.0031187348960311037,0.481485449014325
50000,-0.03,80,0.013343867934599405,1,0.00808842815656296,0.010010963845860374,1,0.000629448960180654,0.028135776659191314,0,0.003183953443304818,0.4739906781896963
50000,-0.03,81,0.011121272316766209,0,-0.002091188026851487,0.5028409279754871,0,-0.00013911016241521524,0.7148173586126576,0,0.002572791233056834,0.5616784907556719
50000,-0.03,82,0.014567516849184663,0,0.0002114051961193673,0.9462594261289252,0,3.073605219580103e-05,0.24565636748244768,0,0.004615102898530822,0.29616955299292985
50000,-0.03,83,0.013933114562986414,0,-0.00358153989853245,0.25624613064012647,0,-0.0005290906770821723,0.10004695249949724,1,-0.011059744915625652,0.013394417924127752
50000,-0.03,84,0.01132736528987249,0,-0.0007603809519655304,0.8091106012541405,0,-0.0003024321961583829,0.9856909344981423,0,0.0030484432786718487,0.495468659020201
50000,-0.03,85,0.012480672073146373,0,-0.00021639719561915142,0.9454454054398692,0,1.2871249233492137e-05,0.8728545118893366,0,-0.0008814145552213786,0.8424877966929691
50000,-0.03,86,0.010590672322262896,0,0.0015511409334725682,0.6191539379338138,0,0.00040286601069123163,0.43644174017814885,0,0.0011215399876358528,0.7985696279875595
50000,-0.03,87,0.010994442241108196,0,-0.00357899368004438,0.2564092680254165,0,0.0001502775313404097,0.7056464002827525,0,-0.0034295857821685046,0.4413871844283883
50000,-0.03,88,0.012848593287720658,1,-0.0073206652613046486,0.018938504927606667,0,-0.0005942376929943978,0.3689918179507421,1,-0.010279494682125866,0.02039214287084342
50000,-0.03,89,0.010628708852362638,0,-0.0034306354144118187,0.272117740248209,0,-0.00010515579686967347,0.5079149256670478,0,-0.007465250350434102,0.08956378427178212
50000,-0.03,90,0.010177573391028344,1,-0.006370385734993867,0.04353968971566178,0,-0.0009433719449456936,0.2657518222543441,0,-0.0022648598739109693,0.6131616535244785
50000,-0.03,91,0.013444581075580778,0,-0.0042773651141799094,0.1684800197940967,0,-0.0002911577613016542,0.33872598368535023,0,0.0009140190580219977,0.8362841139448717
50000,-0.03,92,0.013133908650192578,0,0.001926592714530712,0.540710573224523,0,0.00031161244861582056,0.9873195973137295,0,0.0015788737295359216,0.7231151305570631
50000,-0.03,93,0.011343863969928382,1,-0.0062134039830614805,0.0480113992217417,0,-0.0005677151121519365,0.19512133331784465,0,-0.004753221003388971,0.28706938268778864
50000,-0.03,94,0.010148486745090342,0,0.0010013959189954028,0.7523286060748131,0,8.093279269680788e-05,0.3204033215088733,0,0.0019901238440184774,0.6545489811018856
50000,-0.03,95,0.01013894600809456,0,0.0020303797522619087,0.5187667000310174,0,4.320259520117382e-05,0.22009767414093906,0,0.007305653165355303,0.10016216235214402
50000,-0.03,96,0.012178965239430331,0,0.0061490019708625035,0.050797050067371625,0,0.0003643455731109152,0.3212879097109176,0,0.00574442818385034,0.19346828312770142
50000,-0.03,97,0.013964306632522894,0,-0.0035107686662079495,0.26651214900565917,0,-0.00027529806754915544,0.8156855650924345,0,-0.007711045744188767,0.08438271248582628
50000,-0.03,98,0.010784688574238808,0,0.002888905675875471,0.36408141463878607,0,0.00022462202085820612,0.4353346372323109,0,0.0014196617569706127,0.751736091277508
50000,-0.03,99,0.013653913525004432,0,0.0011606550452536181,0.7101566256228575,0,0.00031377628026349474,0.13744883711551825,0,0.0030293946218992686,0.49369699363100317
50000,-0.03,100,0.010733789234346298,0,-0.003707358250682229,0.23820600400221856,0,-0.000382195877308344,0.7897943468261022,0,-0.006146140519142895,0.1691279061405425
50000,-0.03,101,0.00941188838632763,0,-0.0007052101155294342,0.8226864677829264,0,-0.00021838344195580976,0.21706976652184196,0,0.0029648065892269636,0.5040705055980512
50000,-0.03,102,0.011167257065982298,0,-0.005570972493311844,0.07657229966095917,0,-0.00037533219103871195,0.2774109200999706,0,-0.008448358945126489,0.05772584439969698
50000,-0.03,103,0.012883923267178405,0,-0.00413916108622126,0.18533817649878254,0,1.9363307663537317e-05,0.4447686864511008,0,-0.002443007230302465,0.5799509994915983
50000,-0.03,104,0.01260648014000438,0,9.532284037546367e-05,0.9758520571352833,0,7.756637701739252e-05,0.7611845062817439,0,0.0029681577552754515,0.5060218501444035
50000,-0.03,105,0.010958547114577536,0,0.002278653556619849,0.46778800429434086,1,0.00013457264644034338,0.016381238143791887,0,0.0028262379388549292,0.5207239361129656
50000,-0.03,106,0.013968697526520756,0,6.153742281063196e-05,0.9843862368647405,0,-8.44441547967849e-05,0.7514177796604203,0,-0.006040837974688772,0.1749083694325901
50000,-0.03,107,0.0141915352429741,0,-0.0031517862013139765,0.31778339191172816,0,-5.9881006064796944e-05,0.2971656804103796,0,0.002245701702408383,0.6124991227089335
50000,-0.03,108,0.011626157242571497,0,0.0028803110527715163,0.3598994845124178,0,0.00014316580447587383,0.23002152745432225,0,0.006136632727455854,0.16023222115574007
50000,-0.03,109,0.011374642458473763,0,0.0002189667198360016,0.9449663377346913,0,0.00011235882751096439,0.20322549895324205,0,0.005185122776736614,0.24659928970469897
50000,-0.03,110,0.013053198405500203,0,0.0013260789299437015,0.6671217276843011,0,-0.00011204730034993369,0.23804930342123676,0,-0.0009036389352406883,0.837172838162643
50000,-0.03,111,0.012590272489272863,0,0.0020088699945645604,0.5254988344416002,0,0.0002007101111204684,0.2324279090703515,0,0.00290759032567909,0.5139259486446353
50000,-0.03,112,0.011229974903422283,0,-0.002087457270318207,0.5087514742122989,0,-0.00012934911074873894,0.7453385106101984,0,0.0029617098283819736,0.5060291740197642
50000,-0.03,113,0.011990396815755429,0,0.001177033273218083,0.7100019772371784,0,0.00011890515231960898,0.7333492961826387,0,0.005679066877091882,0.20245615912788045
50000,-0.03,114,0.01047875454187744,1,0.00766105220032779,0.014156248364771966,0,0.00030806176991257254,0.597284439888353,0,0.00827557290621292,0.06210101134640014
50000,-0.03,115,0.01379827944896094,0,0.002078697788124442,0.5049069447171145,0,0.00019935263733618505,0.06313301495793211,0,0.006446999362923969,0.14665698481627018
50000,-0.03,116,0.010976152600522393,0,-0.0030143875602238277,0.34137405201823345,0,-0.0003786077927155631,0.923533340208526,0,-0.0013710472102624756,0.7581583678656015
50000,-0.03,117,0.012763046435066743,1,-0.006964319895270814,0.025638566810931573,1,-9.77611946824557e-05,0.009080612004009003,0,0.0001189711022357806,0.9783166605282194
50000,-0.03,118,0.014734034777308344,0,-0.0017445426557709492,0.5785237750617531,1,-0.0002776138661964091,0.021750505016324695,0,-0.002484607234606667,0.5735962343947163
50000,-0.03,119,0.012437317013719746,0,-0.004396735471200129,0.1625560336406675,0,-0.00047161175366589595,0.24571992550948996,0,-0.00651647904398501,0.14345762328287529
50000,-0.03,120,0.012548191065440452,0,-0.0011002975160559951,0.7253427383791536,0,-0.00012497115458144295,0.483145090123821,0,0.004181184998916841,0.34897812571271003
50000,-0.03,121,0.01171284936421943,0,0.0007574049363711703,0.8096053168126528,0,0.0001778642460415856,0.38424593084297287,0,0.0031079820858564413,0.4840318312245374
50000,-0.03,122,0.008909022966327966,0,0.0006934003031182831,0.8267335488708695,0,0.0002166975243261466,0.5101530112685738,0,-0.004360623314606757,0.32925946938096007
50000,-0.03,123,0.013066889399009905,0,0.00588864744635611,0.05995544322757336,0,0.0005396252301609853,0.6964636113703723,0,0.008348462006110238,0.06044408084123509
50000,-0.03,124,0.013657939039322038,0,-0.0018589797016865806,0.5576448171695914,0,0.0001936565943830967,0.13752274044093893,1,-0.009047000122394256,0.04318735672973772
50000,-0.03,125,0.01211051548519964,0,-0.0022138652790293636,0.4793725339802537,0,0.00012953973846348225,0.49835861384122837,0,0.0006726140355898503,0.8797682175267014
50000,-0.03,126,0.013172061903001237,0,-0.005802078173300926,0.06732394672097507,0,-0.000352671527719959,0.14188080659113433,0,-0.00734783719906056,0.09882807418474912
50000,-0.03,127,0.01156517630186513,0,-0.0025275849648928924,0.4249503930864129,0,-0.00029764475555025405,0.4838079087235748,0,-0.0037156199269694204,0.40636159084623913
50000,-0.03,128,0.011274382025255434,0,0.000297666905187257,0.9234727650376603,0,-0.0001556398129790402,0.9397923330212995,0,0.001991231061587338,0.6488059668196037
50000,-0.03,129,0.012241844084094004,1,0.007979084184872356,0.01019985594047738,0,0.0005400885921479928,0.47720869415801614,1,0.013276825342049771,0.0028631759278838387
50000,-0.03,130,0.01198464410317085,0,-0.004160269456766888,0.18710190984149758,0,-0.0005124735013874981,0.8159020989837891,0,-0.003471114942666877,0.4349749003422181
50000,-0.03,131,0.010839727758539534,0,0.002460587447124122,0.4347416820607831,0,0.00020815883291965882,0.7281848582101588,0,0.0006087627060206736,0.8904385574580751
50000,-0.03,132,0.011662344537951052,0,0.00020283946204902305,0.948353467545588,0,-0.00017353308290401766,0.18438067462281382,0,0.0031346687639271717,0.4788412866154471
50000,-0.03,133,0.012806205218598968,0,-0.0006539479025556106,0.8337817034780182,0,-0.00029950395052028223,0.48624478000487503,0,0.005939780333894311,0.17823332606289255
50000,-0.03,134,0.01197369420486931,0,-0.0024297878669589795,0.43821482637779907,0,-0.000124443126707488,0.08179369765531408,0,-0.0030149296898579086,0.49384900486066763
50000,-0.03,135,0.01157161697994019,0,-0.0001399444743340894,0.9648048275519738,0,0.00020282995817818766,0.4609650021184202,0,-0.0025481799290599425,0.564989983070643
50000,-0.03,136,0.014126676012080638,0,0.00297577198363,0.34264611712938997,1,0.00020007922599135316,0.012738227389230028,0,-0.0033289819741565523,0.4511481021215602
50000,-0.03,137,0.011736741908406744,0,0.0009806792586295847,0.7544161319083786,0,0.00021252625873529422,0.9968542881030062,0,0.0036722783138084113,0.4057766023758984
50000,-0.03,138,0.01040182554470646,0,-0.0011190112053538733,0.7211570441943543,0,0.0002261992770582531,0.16095953325730916,0,-0.001052496673402691,0.8112815262383877
50000,-0.03,139,0.010532007049999178,0,0.004730925528983486,0.13183689019531772,0,0.00036278467141015854,0.37573241596491425,0,0.00413585008127435,0.35135957481067226
50000,-0.03,140,0.010021310339784819,0,-0.0009736411036919996,0.7569316543474185,0,0.00013446904392571286,0.8640471616672714,0,-0.0006883283630261332,0.87717631088292
50000,-0.03,141,0.012062979835505267,0,0.0010413416942497385,0.7398335278660157,0,4.205178468151399e-05,0.6386744786666543,0,0.0018443706992494853,0.6760660345841722
50000,-0.03,142,0.010692107540304637,0,0.0013759508322528213,0.6659019190690079,0,-0.000278978033199952,0.682331655236575,0,-0.0044529977850670185,0.31731445619366366
50000,-0.03,143,0.01264258708392464,0,-0.0031275650241963486,0.3160704468011014,0,-0.00042142670028740285,0.08603700971215933,0,-0.006125710396894975,0.16711608303917855
50000,-0.03,144,0.012306154161623705,0,0.0032541548164908415,0.2938794362035854,0,0.00011179746552117373,0.5039602853341634,0,0.003973062127082647,0.362039272471237
50000,-0.03,145,0.011477584030316805,0,0.0028400087254780086,0.3651979271342586,0,0.00042315076384982124,0.16525601546218405,0,0.008435569831581904,0.05775040657605842
50000,-0.03,146,0.012600756277340135,0,-0.0033236511251840592,0.28875262035859633,0,-8.629369024231862e-05,0.7272382481256288,0,-0.005581966724377576,0.20667363927110532
50000,-0.03,147,0.012532126293060239,0,0.003467201221790943,0.270550753522182,0,0.00024212489176617257,0.4494968876726557,0,0.007591825979146356,0.08709297878668383
50000,-0.03,148,0.01242646381122777,0,-0.0005248582727175364,0.8666037576251524,0,-7.266243540972407e-05,0.8743206445393097,0,-0.0019788750751988083,0.6543498836731912
50000,-0.03,149,0.01228132721433854,0,-0.0009456573749577165,0.7632201276487844,1,0.00011292124509572433,0.01904554950567694,0,-0.00672803667305336,0.128871298469415
50000,-0.03,150,0.012103143893545285,0,0.0014361547579957732,0.6482374302911087,0,0.00012493969215968383,0.3298145018729508,0,0.003965796595792297,0.3716173752677234
50000,-0.03,151,0.010686110082226344,0,0.00017330162448936763,0.9558890838501193,0,-9.185443726394221e-05,0.7407830396906054,0,-0.007630738572324616,0.08549043328645778
50000,-0.03,152,0.00962814354769836,1,0.007194214472166881,0.021235311475064293,0,0.0004681748012858341,0.2128666433129679,0,-0.0036922411570589845,0.4052085502943511
50000,-0.03,153,0.012538364026398671,0,0.0035417630281858047,0.2605543539737217,0,9.528498825916327e-05,0.7641994368896411,0,0.0005743423142153605,0.8969832317330952
50000,-0.03,154,0.0101711924285782,0,-0.0011644837675048934,0.7140850026042148,1,3.034939812606697e-05,0.04525861954862842,0,-0.004757930466784586,0.2832390382475579
50000,-0.03,155,0.013806650594566258,0,0.0017863236826666275,0.5655835655723862,0,0.00020263641458782212,0.8999752489152214,0,0.0010526912617756302,0.8112808043248003
50000,-0.03,156,0.011449304127634709,0,-0.0004510642344877354,0.8853457263258542,0,-5.3080558054493024e-05,0.15208674081294793,0,0.0025473983699208437,0.567612954535669
50000,-0.03,157,0.012333042123282728,0,0.0004224756394244391,0.8931727041225554,0,-5.0122280425084465e-05,0.6284531026039724,0,-0.003036646243674965,0.49539573617848687
50000,-0.03,158,0.011662191247289967,0,0.004705793121147566,0.13786880793986697,0,0.0002585393996594572,0.5937933412034787,0,0.00451313264518893,0.3138268057590687
50000,-0.03,159,0.010666511013921992,0,0.0011597735888091189,0.7133803299728914,0,-9.878375875306385e-06,0.47447115950660845,0,-0.0007276506531986829,0.8694634811359571
50000,-0.03,160,0.014222845786270685,0,-0.0007631356536562127,0.808966689352134,0,-0.00011971524018048385,0.3921158365998113,0,-0.0047995346756730724,0.2809733213449653
50000,-0.03,161,0.013296124195637077,0,-0.0005421834639325403,0.8648290146066044,0,-0.0001940723234822276,0.05435493965744953,0,-0.0015203474904978568,0.7346525884174562
50000,-0.03,162,0.011413230965547212,1,0.009301407040962113,0.002810559434232973,0,0.0008650659256678662,0.6560303196036217,1,0.010499600178953588,0.017138672727831636
50000,-0.03,163,0.013370245997329997,0,0.004095601037119303,0.19472096558765947,0,0.00021213419136372922,0.38791177132165133,0,0.0016324017415431263,0.7150412850912414
50000,-0.03,164,0.01085904429810585,0,-0.0017122948933430229,0.5896863406440465,0,3.055130213730705e-05,0.27683072844787016,0,-0.0023757244382505644,0.5966525522116595
50000,-0.03,165,0.009953248040400431,0,8.660380926084148e-06,0.9977831113336328,0,-0.00047722813151286777,0.6415595119844328,0,-2.3338429268012384e-05,0.9957849510561054
50000,-0.03,166,0.012115131028519424,0,-0.0005713923534597017,0.8540705826251231,0,9.173632318226768e-05,0.35416379307794843,0,0.0025773048534194066,0.5582689074953342
50000,-0.03,167,0.011467034722857584,0,0.002639762149654658,0.4019144139203292,0,0.0004934965075694495,0.6907089454911073,0,0.000776857029588284,0.861333596508918
50000,-0.03,168,0.010847645408467357,0,-0.00232566898335575,0.4655640864432299,0,0.00013653184974318953,0.17682770505457657,0,0.0014037876675443658,0.7534523857587532
50000,-0.03,169,0.012225268017375071,0,0.002783228769596105,0.3750709589603669,0,-8.19177764569755e-05,0.9319941208222705,0,0.0033489196044784553,0.44758155780177733
50000,-0.03,170,0.010610530118734696,0,-0.0024232016147612725,0.43996963500859043,0,-0.00017110917088189676,0.4723189060059714,0,0.002560390918592257,0.5662429516749083
50000,-0.03,171,0.011244256100503421,0,0.0005283422058257234,0.8665059652902034,0,-0.00022800372553946909,0.8619408819308547,0,0.002654336838312381,0.5466945883045912
50000,-0.03,172,0.011306753079596766,0,-0.00047300013116048835,0.880148989106895,0,-5.502649922664666e-05,0.9338079772145083,0,-0.001239623694053484,0.7803376166880307
50000,-0.03,173,0.010853959360572351,0,0.0011074965375098523,0.7254296628694488,0,0.00033066688852304395,0.8558453849520425,0,-0.0024564662850184663,0.5801611956128102
50000,-0.03,174,0.011599955887512774,0,0.0035351305406045993,0.2639123127637564,0,0.0002955262425485626,0.29231292180690605,0,0.004029721428788554,0.3662306046758603
50000,-0.03,175,0.013271091640533939,0,0.003018484179100899,0.3311939120365218,0,-4.4439381958457964e-07,0.717553758866367,0,0.0032027613628929207,0.4689577398322131
50000,-0.03,176,0.012186204793742493,0,0.0030931840839082073,0.3278756010884387,0,0.00017367433346107713,0.9396443852500802,1,0.009192698369101821,0.03989294610886765
50000,-0.03,177,0.012771525907881172,0,-0.0028382756231108293,0.37198846322435464,0,-0.00012578536682655088,0.7598009758839745,0,-0.001025664258799445,0.819123848331438
50000,-0.03,178,0.011395221755198782,0,9.390671218868809e-05,0.976176407348788,1,-0.00019476011793223888,0.0029519983148007523,0,0.0009535936902001169,0.8297742805743136
50000,-0.03,179,0.011181519033161386,0,0.0009008815709652944,0.7769844216954231,0,-0.00015136221473597552,0.7223203303686869,0,0.0012807260433061864,0.7729938819830198
50000,-0.03,180,0.01320201684740528,0,-0.00041668088594487383,0.8945384666126591,0,-0.0002383738261922498,0.5013763274631464,0,0.0006911594224994756,0.8761429028668242
50000,-0.03,181,0.009761721513388902,0,0.0029015111838984146,0.35961150241276674,0,0.00011080490841439758,0.17738851489115104,1,0.009350025287595546,0.03678777303650418
50000,-0.03,182,0.011296402329795464,0,-0.004296090854679882,0.17274163534521964,0,-0.00035116828356310264,0.3397368460861159,0,-0.0063392894475831725,0.15504335659040722
50000,-0.03,183,0.011346725107358764,0,4.0950057133550704e-05,0.9896979498617253,0,4.1044823693181156e-05,0.6349475993061557,0,0.00029693668527672255,0.9472713794464804
50000,-0.03,184,0.013424423009336443,0,0.004460342311644208,0.1552313339237958,0,0.0006317969008262969,0.5158655847973344,0,0.003126931844484241,0.4795010047126774
50000,-0.03,185,0.011826948250071913,0,0.003392035293197511,0.2790125737817284,0,0.0002671423042841309,0.4963632597237456,0,-0.0009218111604467809,0.8357891835423037
50000,-0.03,186,0.012506924715650706,0,0.0010707433228980662,0.7326243420760334,0,0.00023375302310803066,0.7666558638409583,0,0.00036571046726586196,0.9337919530536553
50000,-0.03,187,0.01007915439645026,0,0.005154606462885386,0.09968572860124002,0,0.0005596593379577251,0.9463534966820049,0,0.0002910362206516206,0.9475416240093905
50000,-0.03,188,0.010901702355372387,1,0.008333049829258221,0.007373140353612577,0,0.0005282080051282402,0.8891729930310975,0,0.005818246597520156,0.18766679922246607
50000,-0.03,189,0.011984085737912818,0,-0.004904239492619774,0.11658089740554746,0,-0.0001274033824388061,0.7978422800368508,0,-0.007864762967262113,0.07488232734297678
50000,-0.03,190,0.010017311917234187,0,0.0017433178791447814,0.5807297021641279,0,-6.326864909504776e-05,0.3200734420926543,0,0.006067394497797862,0.17430164874593265
50000,-0.03,191,0.012953749949760476,0,-0.0048920291884423876,0.12245408959208688,0,-0.000124166389485606,0.9020911162834906,0,-0.008736869216982317,0.0501280660954404
50000,-0.03,192,0.011112730063435931,0,0.004253840109652471,0.1736135122024479,0,0.00017579794672544286,0.08098101345957398,0,0.0040539954549569865,0.35725118215704943
50000,-0.03,193,0.011313135780784744,0,0.0028566509479575216,0.362620205265592,0,0.0001984055372169357,0.5032417775948562,0,0.0032120949760473514,0.46927725156170974
50000,-0.03,194,0.012750120519795849,0,0.0032071302975136776,0.30430648601962895,0,0.0002705362529826065,0.5952258580975109,0,0.0012045020691823613,0.7843873307506951
50000,-0.03,195,0.010470439942599573,0,-0.0030640035991386554,0.32946718737939684,1,-0.00025857515925919707,0.046918363542348684,0,-0.00332439553869619,0.44871617383351514
50000,-0.03,196,0.009460118453433343,0,0.0011342273923469874,0.7196310830014305,0,0.0002625106952401628,0.8854374725527278,0,-0.001405161981697902,0.7534363129231769
50000,-0.03,197,0.012967496029322626,0,0.0012147017482286861,0.6985937058550684,0,0.00010423171986802101,0.1315553575538574,0,0.008514361472719003,0.0532443241762881
50000,-0.03,198,0.012127401018854095,1,0.006556324836830406,0.03739742359938903,0,0.00020561671569107793,0.2882566123590141,0,0.005552829949885159,0.21518114944493433
50000,-0.03,199,0.009806017277579614,0,-0.00042421518447002056,0.8928170729542628,0,-1.2626237751483244e-05,0.5627302518899404,0,0.0008750503303691039,0.8434566386738582
50000,0.0,0,0.010265164461475056,0,0.0023483346402950436,0.4557125771794277,0,4.124691074152238e-05,0.807590734071655,0,0.007264503673113876,0.10369401834311773
50000,0.0,1,0.010705177713963943,0,0.003839811215779311,0.22248124594453356,0,0.0003490602658427649,0.5315919799272386,0,0.0042885215334915305,0.3391337649353484
50000,0.0,2,0.01053122187578235,0,0.000895699032104807,0.7728451368293058,0,0.00013801132422796103,0.10315100190015891,0,-0.0004876409827782533,0.9113583679519175
50000,0.0,3,0.008958115340565256,0,0.005677862732180848,0.06915265023428953,0,0.00035805205445114637,0.9944962778854917,0,0.002246437801114401,0.6103134750714831
50000,0.0,4,0.00937928005784308,0,-0.005045255968431009,0.10967583752131847,0,-0.00031761750983818937,0.07251449825027001,0,-0.005929714350768308,0.18431714994952017
50000,0.0,5,0.011031711587313827,0,-0.0006885435597658706,0.8283155572178131,1,-0.0005362202099715788,0.01095188494110133,0,-0.0010837096315170166,0.8085192775032972
50000,0.0,6,0.01237723183028855,0,8.7667205481054e-05,0.9779524657893388,0,9.356414616110334e-05,0.9397753318760866,0,-0.0026684551409913715,0.5509041576540876
50000,0.0,7,0.012589526638310136,0,0.0005242419443578521,0.8677610614511829,0,5.271355517789156e-05,0.13540254182082956,0,-0.0017977144405718578,0.6854589210590738
50000,0.0,8,0.010379068545916201,0,0.004416348743670677,0.16239122765524092,0,0.00029966403705271576,0.5177642018433444,0,0.0038889793943706493,0.38355752763676887
50000,0.0,9,0.012160704553902736,0,-0.003712782174482417,0.24060528088032526,0,-0.00017537508141482756,0.22092831788099843,0,-0.003825591746788008,0.39402773478599107
50000,0.0,10,0.011112511682798868,0,-0.002384205807832867,0.44533674350002395,0,0.00016225413172743486,0.6864695331299326,0,0.004550007820671892,0.3048719549997478
50000,0.0,11,0.012105696093684191,1,0.007751058925250209,0.013675474576126709,0,0.0005246266457072198,0.9909654194628182,0,0.005098274388634034,0.24793193419779289
50000,0.0,12,0.010998586150105969,0,-0.0033533197941943474,0.2907017549505539,0,-0.0003644002416556978,0.2787479046860676,0,-0.0023885828109305165,0.5912026763376184
50000,0.0,13,0.011152247352549587,1,-0.007880406662918544,0.01129860932194324,1,-0.0005124379325406932,0.02658158503376218,0,-0.007278563506417205,0.09769611936556638
50000,0.0,14,0.012934768804486454,0,-0.0017156230191657607,0.5855103874178347,0,-9.89046374087124e-05,0.7354836921292677,0,0.004472478307916616,0.31147286430280385
50000,0.0,15,0.010907489345735237,0,-0.004477258130139793,0.15596812472951813,1,-0.00023772780781942927,0.0001250067230368357,0,-0.00670660290333261,0.13079446150144564
50000,0.0,16,0.01077984005112029,0,-0.0025684375703669913,0.4080778430711559,0,0.00015848633514759829,0.4386751212390614,0,-0.001968071879611914,0.656839113081466
50000,0.0,17,0.010504314217735835,0,0.0017590910009618664,0.5785250032370609,0,0.00025073230879309183,0.409863059428631,0,0.0018724301992212736,0.6764212687406509
50000,0.0,18,0.012895612668645027,0,-0.0034590671278071994,0.2718240100276581,0,-0.0002654259240746303,0.38389921677485317,0,-0.004965434286734213,0.2636403815821039
50000,0.0,19,0.011695179168614045,0,0.0004389445623124233,0.8882287894338745,0,-3.526635605927196e-06,0.4824568220472114,0,-0.0018901936009844463,0.6707834656929517
50000,0.0,20,0.012187106812805404,0,-0.0034931812891105685,0.2660064071729693,0,-0.0003063322389136436,0.5794095677753269,0,-0.007731068344454158,0.08021114620771762
50000,0.0,21,0.00978786691796977,0,0.002611441536773493,0.406338304058355,0,0.0002036026659173759,0.2431067558597685,0,-0.00084578014178866,0.8488612927000208
50000,0.0,22,0.01239373354823473,0,0.003896354884999889,0.2159265743227499,0,0.00023559642073149782,0.3929039783772361,0,0.0008898881821016436,0.8416360250600348
50000,0.0,23,0.011016549908083722,1,0.006358864877141476,0.04353800333346517,0,0.00018168604359171443,0.9048789582385487,0,0.007639145532119948,0.08608228719473798
50000,0.0,24,0.011210505810674185,0,-0.001974740649570528,0.5317132426744491,0,-0.0002621034434389696,0.19381085568816525,0,-0.00452564091903212,0.30871996608342334
50000,0.0,25,0.012973663077998668,0,0.00036944245252038574,0.9060649867385686,0,0.00013050680303111343,0.29116673493276957,0,-7.283809143221248e-06,0.9986864893257578
50000,0.0,26,0.009410774197921447,0,0.004611448951850462,0.14471330861680523,0,0.0002981085460993027,0.6656796361200663,0,0.00588361459590684,0.18612090453109487
50000,0.0,27,0.013328511699576525,0,0.001187254189075949,0.7064198736311984,0,-3.4987072042440016e-05,0.8700231070877018,0,0.0006896362213171026,0.877004663617185
50000,0.0,28,0.014548371461210715,1,-0.007254474023790741,0.021882777577638096,0,-0.0002806953050098484,0.647669975199396,0,-0.0049951982260867936,0.26533108672815264
50000,0.0,29,0.011224695000200291,0,-0.0010083949716114303,0.7490192244084217,0,-7.258320053126807e-05,0.10835213753587114,0,-1.1625506158877694e-05,0.997892689289908
50000,0.0,30,0.011187258185358042,1,-0.006409696019823809,0.03951681506748534,0,-0.0005834811666994479,0.5711653010755346,0,-0.005228878981403203,0.23760487626415627
50000,0.0,31,0.013885882043988163,0,0.003961869372863811,0.20343746784214353,0,0.0002145503199650423,0.8889938691449565,0,0.006662206620674912,0.13182978196910344
50000,0.0,32,0.012382612679174244,0,0.0007796295220767784,0.802562773976536,0,-0.00016204423748960087,0.886572676407835,0,0.003563805124476104,0.420439236683
50000,0.0,33,0.012366734330810652,0,0.00046844556911249655,0.8806777322612638,0,-0.0002878109034899207,0.4938654036214696,0,-0.0007699870502329861,0.86101481409452
50000,0.0,34,0.012205109323105992,0,0.00449031820205993,0.15246025557039558,0,0.0004193995452423641,0.7934399724667235,0,0.005489849759876648,0.21628959874879633
50000,0.0,35,0.011413578200808476,0,0.005931373382292416,0.061882334607554164,0,0.0002968813524046225,0.9935480739567006,0,0.006755948567601458,0.12615012261501052
50000,0.0,36,0.014971978774272131,0,-0.0005515277693928127,0.8603102699644568,0,-8.875011076734947e-07,0.784854171253545,0,-0.005773151715382768,0.19072676631482838
50000,0.0,37,0.01203666811152544,1,0.009330748007725511,0.002955960848533221,0,0.0006917030519525688,0.06294892886352477,1,0.009228587281124676,0.03659546035445318
50000,0.0,38,0.009588962806603363,0,0.004601301143601327,0.14272073812516775,0,0.0003190385912729743,0.879655095684678,0,0.0028105523526994252,0.5278920235133535
50000,0.0,39,0.013009578190046608,0,-0.001763180510995288,0.5777742110605568,0,0.00017916106058995694,0.9850173162934989,0,0.006718731334349545,0.1258064531382982
50000,0.0,40,0.009921979498045467,0,-0.0025607796291830555,0.42243961763748783,0,-0.0006030067992586294,0.2723844225444092,0,-0.006996524219136575,0.11341341393356771
50000,0.0,41,0.012431414644480915,0,0.0010262603782969656,0.7442871463152454,0,5.755039874637527e-05,0.506775961992699,0,0.008611258127481872,0.05177906509860195
50000,0.0,42,0.014465171318891974,0,-3.8045939090164144e-06,0.9990383246566258,0,0.00011311474351859436,0.18263091284755972,0,-0.005199033188898485,0.2387401836851516
50000,0.0,43,0.012298150351453095,0,0.00046640526162281367,0.8819236681394793,0,4.402028040026255e-05,0.9351236637136217,0,-0.0012330832609140537,0.7811600391454638
50000,0.0,44,0.010239164914761912,0,-0.0018795890913903272,0.5526735483447018,0,-7.4105900003778e-05,0.5775817811464654,0,-0.0021966937286521633,0.6235443975215244
50000,0.0,45,0.011287278329486648,0,0.0014746331087208751,0.641994082030547,0,0.00021691932349202672,0.18369664521601614,0,0.0050721449127232015,0.25245525172773964
50000,0.0,46,0.011253417977744956,0,-0.0017594320508320831,0.5730642494646607,0,-0.0002507860713830075,0.7532874654718721,0,-0.003233025728097951,0.46474941080770127
50000,0.0,47,0.01109841428490129,0,-0.0025795923202338793,0.4133417916155556,0,-0.00017130420392179012,0.7533872748155465,0,-0.0023081222365604693,0.605272560375449
50000,0.0,48,0.01113070515977407,0,0.00018059582951343404,0.9541520695649668,1,0.00023188186278343543,0.04041372043971925,0,-0.0026049413461180994,0.5611850169647925
50000,0.0,49,0.013795339541959793,0,-0.002875001696618801,0.3659156770623938,0,-0.00035715272002436225,0.9704662126642861,0,-0.00753712054193915,0.09042970664451716
50000,0.0,50,0.012326508442486988,0,-0.0040858986894595625,0.19268042724173634,0,-0.0003343858650789611,0.6318854525225119,0,-0.0028107401077272828,0.5252220096564284
50000,0.0,51,0.012177435178680217,0,-0.0014781207881373502,0.6377661869626956,0,0.00024689600722000614,0.4305039591470414,0,0.0049164930383646605,0.26623912248941495
50000,0.0,52,0.010852141316295185,0,0.004884060658560261,0.12493410873172808,0,-0.00017611633871888582,0.08162217864771293,0,0.0029721980676923063,0.49780844576906236
50000,0.0,53,0.011716716791197464,1,0.006377671148460052,0.044697549420978484,0,0.00014917075705330764,0.5746321515977387,0,0.008610805338290036,0.05517566910577178
50000,0.0,54,0.011840669837089096,0,0.004001102020378402,0.1988155450464497,0,0.00018153552761521178,0.33350292036134355,1,0.008646302621467192,0.0489519189496037
50000,0.0,55,0.012647430540748652,0,-2.3850123396023065e-06,0.9993942286349182,0,0.00017021776538856588,0.5429205363170784,0,-0.0022400372061064924,0.6140361970698975
50000,0.0,56,0.012901011356040368,0,0.0003385268325619381,0.9149755328072877,0,0.00012693890425493834,0.1941253791780937,0,-0.00447668657724246,0.31539641393336265
50000,0.0,57,0.013063761114484741,0,-0.0033363360044447355,0.29133226128617906,0,-7.763573653640509e-05,0.052097388646416,0,-0.0018106652042526575,0.685008104365683
50000,0.0,58,0.012102599101897335,0,-0.003248895249326968,0.2988013191824985,0,-0.00017360755363029666,0.8179998436481021,0,-0.008434057781686582,0.055910562314874575
50000,0.0,59,0.013382883669304891,0,-0.001766490893736796,0.5728064395306597,0,-0.0004341781512723598,0.9085739719601877,0,-0.0005143240214388045,0.9078986112748402
50000,0.0,60,0.011981138017992735,0,-0.0029759834572690375,0.3447206343478809,0,-0.000167488594735605,0.3794522758401171,0,-0.0005083446489762891,0.9086398358198982
50000,0.0,61,0.013042944099525841,0,0.0027287118768831147,0.38558499134393365,0,0.0002389208808924526,0.5484412931964711,0,0.0007889122081924359,0.8597227544715729
50000,0.0,62,0.01152490499983069,0,0.0017021970918130735,0.5851276152335523,0,0.0004498479694019182,0.9910708802884707,1,0.012279576721223014,0.005290530013306277
50000,0.0,63,0.009957577371387031,1,-0.006982771379629762,0.026205357631065716,0,-8.523238269964725e-05,0.645722646972669,0,7.622557327838122e-05,0.9863371318476957
50000,0.0,64,0.01383086991786007,1,0.006474624156979068,0.03765084749320573,0,0.0006178291486095435,0.13112373649301412,0,0.0058304147610498585,0.18412629705213365
50000,0.0,65,0.012412873197824385,0,0.00021697066931122496,0.9452548026436067,0,-8.525119950664535e-05,0.8963280336637951,0,-0.004478641226982771,0.3131866977662787
50000,0.0,66,0.012683476665413347,0,0.005434045065251161,0.0806672815142884,0,0.0002537172388187258,0.21938207413733146,0,0.004216912337809419,0.3403536547961943
50000,0.0,67,0.013997972949781976,0,0.00532063574533512,0.0900351854434715,0,0.0002146786029942314,0.42255620533275606,0,0.002874975749234449,0.5161685119645101
50000,0.0,68,0.01273529506925818,0,0.0009174816229871892,0.7702785343206301,0,0.00019218255966796033,0.13384560653622102,0,-0.0011023237792060102,0.8015741335539162
50000,0.0,69,0.011590130402597126,0,0.0005195620121709816,0.8685220832763906,0,5.8363782545211875e-05,0.30433938410238515,0,-0.003834515320319408,0.38759948397477995
50000,0.0,70,0.01283317591574259,0,-0.0004365854439381425,0.8892071090702578,0,0.00013105558805653927,0.7345639795684543,0,-0.0052419899451554815,0.2409541570904073
50000,0.0,71,0.01148336347645337,0,0.0058941798027960495,0.06009250676377244,0,0.0003260897555240157,0.35805304648700886,0,0.0013052470785173504,0.7665941238698444
50000,0.0,72,0.01143781490294973,0,0.005301569359760439,0.09054189325626223,0,0.0004926948929104262,0.33532250007885966,1,0.01303780151256766,0.0031383852577987204
50000,0.0,73,0.011833281224429228,0,0.002759098104672415,0.38623039133302317,0,0.000224102391025063,0.493889581239095,0,0.0038403132454476073,0.38716016280154186
50000,0.0,74,0.011451846543151775,0,-0.0018959813898086582,0.5468942299117043,0,-6.459368273817587e-05,0.6014212904104047,0,-0.003908472241412971,0.37860823159765156
50000,0.0,75,0.011756393903278137,0,0.00025616984216506424,0.9350875906345832,0,-0.00011439083219539682,0.10437162702521985,0,0.0007611286117454985,0.8635790138929614
50000,0.0,76,0.014257442116148952,0,0.0015004609139715672,0.6341508369090848,0,0.00015663014201447304,0.38677201435424724,0,0.0022267787087045204,0.6161804483394113
50000,0.0,77,0.01142475199329227,0,-2.7025637048315215e-05,0.993165894130597,0,0.0002374709166798877,0.3236809759355448,0,-0.002083921468892094,0.6378995744435484
50000,0.0,78,0.0101594954571719,0,0.003089792800367485,0.329093991844953,0,0.00037313942137636027,0.8660432153031457,0,-0.0009035292266441999,0.8379628965523157
50000,0.0,79,0.012708579988301856,0,-0.003367934099206128,0.2908701771777588,0,-0.00015697446273027003,0.27092141564930006,0,-0.0013052709203089318,0.7707472857224213
50000,0.0,80,0.011057600636109957,0,0.004334843221476675,0.1708606681522749,0,0.00014967607577701518,0.7217454998366881,0,0.000851079384004462,0.8487421031409057
50000,0.0,81,0.012620347771037158,0,0.005799181129715524,0.06358839558746412,0,0.00044310495865388896,0.750240475501687,0,0.0015497142604624593,0.7255444450075956
50000,0.0,82,0.011611211757330188,0,0.0016788677499005953,0.5954280038671573,0,-4.542902989233731e-05,0.30614933236638553,0,0.0029087504708662547,0.5132842841288268
50000,0.0,83,0.008572955554712502,0,0.0028067671443191143,0.3712447465623204,0,0.0003680729837788126,0.7908295313649578,0,-0.002311107577694043,0.6005702358852845
50000,0.0,84,0.013243958217088162,0,0.0024952685488832597,0.43012957084410786,0,0.0002875221299978938,0.4343018079920671,0,0.0021370800240652745,0.6328185925881903
50000,0.0,85,0.0108290261847499,0,-7.349102543558871e-05,0.9812993596514376,0,0.00018010482249759076,0.09119476003855176,0,0.0007255277765241315,0.8705707203459636
50000,0.0,86,0.013327069972001919,0,0.0006857310033895921,0.8282737882642704,0,0.00036903246077481255,0.7263983290248774,0,-0.0022658409110812806,0.6098055213227522
50000,0.0,87,0.008898914862216433,0,-0.004528834695783186,0.14493722766607584,0,3.7318048091811326e-05,0.24360486301155926,1,-0.00869206297656721,0.048866198907992146
50000,0.0,88,0.011078389574841077,1,0.0069516618498046264,0.025834300421795037,0,0.0001425398626376569,0.8396278113268433,1,0.008949795882488246,0.04391390304524148
50000,0.0,89,0.011732294499536897,0,0.003160743259088385,0.3125345559316754,1,0.00041535058662306137,0.03625395238079243,0,-0.001861045855399997,0.6733800405286703
50000,0.0,90,0.01056044865080142,0,0.004997985820428158,0.11229471389848321,0,0.0006412427029724232,0.1354254485507067,1,0.01201161473043949,0.007123986140970107
50000,0.0,91,0.012619563548632088,0,0.0004444162061285435,0.8887463318420714,0,0.00024324211933240904,0.38438407562605803,0,0.0008429434154935066,0.8504164775854217
50000,0.0,92,0.011815879757113587,0,0.002754306984126653,0.3779044876368456,0,-0.00014938810210559264,0.7454082477051855,0,-0.0029772951908812965,0.49997472247592434
50000,0.0,93,0.01160299198149073,0,-0.0009142550972414148,0.7705993129861142,0,-0.00014825970207658996,0.21951011323357128,0,0.0038205368308833303,0.3886176185028528
50000,0.0,94,0.012553671175272571,0,0.005068496432631712,0.10453515653105887,0,0.00037256005582168595,0.8593289734899581,0,0.0055964141640355465,0.20441843896697445
50000,0.0,95,0.011719262327799958,0,-0.0021948189468055023,0.48430524615897796,0,7.013447408479386e-05,0.31775674348004146,0,-0.0013110472717013616,0.7679986985334409
50000,0.0,96,0.010277024562392705,0,-0.002363442884025906,0.4557998600085932,0,-0.0001869856866775833,0.28751969270847755,0,-0.003973803119723248,0.3692849426819036
50000,0.0,97,0.013906476997175005,0,0.0043350556159544185,0.16528306824850733,1,0.0001787606780792626,0.04243221690746923,0,0.006629396687932434,0.13247901293678954
50000,0.0,98,0.010630176839810242,0,0.00023844221055113117,0.9397386213576233,0,4.9244197254175936e-05,0.7873778705378959,0,-0.004586724526429693,0.30137278018269226
50000,0.0,99,0.014793600871909816,0,0.0018777664456467312,0.548715054062423,0,0.0004352235456463223,0.20753694744877138,0,0.004030616609400063,0.3613162981342014
50000,0.0,100,0.013518939191483633,0,-0.003525954530119933,0.25842230685988055,0,-6.777475122595637e-05,0.9343386297935229,0,0.0011222298877699949,0.7989727400063176
50000,0.0,101,0.012690598140863143,0,6.946187521949596e-05,0.9822095641888126,0,-5.969653276622894e-05,0.16390039507907594,0,0.00451990689752819,0.3073559329686907
50000,0.0,102,0.010698099742018755,0,0.004083639887009789,0.1942942866278501,1,0.00026093615145373624,0.03223358241654262,0,-0.004183487624816403,0.3461630466650114
50000,0.0,103,0.012607207151486532,0,0.0003133879324623744,0.920935969900825,0,-5.9450378865696724e-05,0.82789337101791,0,-0.0016861436187105836,0.7072502776932239
50000,0.0,104,0.011807164533760921,0,0.0020128936040633176,0.5249027235235963,0,0.00040066301160077936,0.5136625034514788,0,-0.00180277992482025,0.6867569641814262
50000,0.0,105,0.01000593227137322,0,-0.0018563226765367568,0.5554718023576235,0,-0.00033606058270347836,0.797714518729157,0,-0.0038204425102284227,0.39008130735513524
50000,0.0,106,0.010919139465447345,0,-0.0048112394826932735,0.12191188609088534,0,-1.0828495137170993e-06,0.5737931246777961,0,-0.005245543305539278,0.23690708869421956
50000,0.0,107,0.012404084838007883,0,0.0038674857682346256,0.21694713463341603,0,0.00034097145590698835,0.5740430690917077,1,0.009677991220735082,0.02603002035403259
50000,0.0,108,0.010296124432376954,0,0.005709777344200362,0.0667178831317125,0,0.00047288349449040046,0.8372563421735506,0,0.007159969694530396,0.10478809566249125
50000,0.0,109,0.010847499723797761,0,0.0008404134989620978,0.7884950817054794,0,6.176900789115971e-06,0.6185839901643975,0,0.0013653352676120407,0.7589656969266798
50000,0.0,110,0.012874254417038234,0,0.0033097549277459276,0.2947951270649909,0,0.00010199880185014127,0.08630911241207406,0,-0.0009136501509587957,0.836824588308323
50000,0.0,111,0.013766234783144034,0,0.0007072377454080289,0.8212547470001822,0,0.00033253321416592673,0.2558168737720452,0,0.004554365016987079,0.305370498241789
50000,0.0,112,0.012278771962051925,0,0.00404824156454162,0.19585384943741665,1,0.00017909562463218822,0.03967777254520022,0,0.002387322718281206,0.5911581619292487
50000,0.0,113,0.011188514612932993,0,-0.0015098179457335176,0.632962305308689,0,9.521152693421465e-05,0.12171426925891415,0,-0.004991377825029904,0.2651544613321904
50000,0.0,114,0.011562390142262725,0,0.0015471456744952853,0.6219637014668222,0,0.00025070357792807553,0.810846470199046,0,0.003718690950382104,0.3991834831037936
50000,0.0,115,0.013130856565543532,0,-0.0032508277760144783,0.3036385868482162,0,-0.0005137818796605663,0.5856362971557372,0,-0.005690278791942736,0.20292360357188272
50000,0.0,116,0.013219498143428206,0,0.00271764212495566,0.38382712006146025,0,0.00026720853252389814,0.95632373513925,0,0.0043839959685411795,0.31757450028521517
50000,0.0,117,0.01331073867264064,0,0.0008841283614395392,0.7777678573977767,0,5.41564231153139e-06,0.21099351593119253,0,-0.0016456863254559748,0.7094372300448202
50000,0.0,118,0.009774253211252146,0,0.000474365281621748,0.8799344425075843,0,-0.00010351129848420093,0.06857124194705322,0,-0.00038457933156863514,0.9312666330158769
50000,0.0,119,0.0114752223458502,0,0.0018656115020907215,0.5542983883627612,0,0.00026013412244868804,0.6457675916813395,0,-0.006044809005632746,0.17487536629453873
50000,0.0,120,0.011799536559637596,0,0.00354144764414458,0.2593180542298784,0,0.0003786042665613698,0.1674027801490865,0,0.005935395607445313,0.18204470603187756
50000,0.0,121,0.014385124508025648,0,-0.001829046197429008,0.5593734033558143,0,-0.00018253364264049084,0.8350804958021928,0,-0.0011117777731928643,0.7997158657235315
50000,0.0,122,0.010268675685728049,0,0.003991953514361887,0.205202762245245,1,0.00024818131868590345,0.014560908791611649,0,0.007092082737880424,0.11158056847130017
50000,0.0,123,0.012866717124993564,0,0.0008644792935012808,0.7832504053414107,0,0.0003063547912677223,0.8644536453529026,0,-0.0025051928398607923,0.5721046264727039
50000,0.0,124,0.011799698082566607,0,0.004552342838378699,0.145910952454086,0,0.0005050359904324624,0.3198684115705632,0,0.00829137182952147,0.061455095411936056
50000,0.0,125,0.013594235396392153,0,-0.000518226262673495,0.8694883845606194,0,-0.00012023207898881879,0.7448733015692335,0,-0.0019731963762108927,0.6562689701232607
50000,0.0,126,0.01257845201933638,0,-0.0020108892673189717,0.525982650841228,0,9.497758936364197e-06,0.1403715733198545,0,0.0024092878746667535,0.5879883769843721
50000,0.0,127,0.013086449452347075,0,-0.001748016507468096,0.5797495545866327,0,-0.00012392613620568397,0.3691802042221102,0,0.0013063206176453976,0.7692464089469815
50000,0.0,128,0.010547912790240307,0,0.0008635728085153464,0.7827509640649042,0,-0.00027872398362539693,0.2773894799507599,0,0.0022853260563447195,0.606705568410965
50000,0.0,129,0.013554785811202601,0,9.906667559376407e-05,0.9749308992750525,0,-1.7073736691181868e-06,0.08548484129437939,0,0.0025451274315326875,0.570103398216355
50000,0.0,130,0.012937026314168905,0,0.001133735646741519,0.7199856267317251,0,-0.0001004535721367709,0.21536706824085916,0,0.0029155724923123853,0.5135049480938549
50000,0.0,131,0.009870909998374328,0,-0.0036506810437815416,0.2480403878010462,0,-0.00010012677001898585,0.9072132490784635,0,-0.0015881452555544277,0.7226184719359107
50000,0.0,132,0.010263957990772543,0,0.0019782572645416687,0.5299785019333821,0,0.0002900824205031911,0.8464662212788782,0,0.0020380028455033007,0.6451764778651742
50000,0.0,133,0.011756228565259144,0,0.0013008950834316841,0.6806677471242528,0,0.00011133030552572114,0.2461701094872697,0,0.004349319607993608,0.32555333777478834
50000,0.0,134,0.010565048309033395,0,-0.0010500262401649068,0.7367190711929524,0,-0.000246238914744818,0.18108164782579705,0,-0.006513002113478409,0.14004591779660902
50000,0.0,135,0.011713265468815598,0,0.00019483597609698143,0.9511335943142303,0,4.719450752751771e-05,0.6191029187456076,0,0.0029909154831915994,0.50312673659078
50000,0.0,136,0.013813813539446,0,-0.0028102089355245825,0.3693299695290111,0,-0.00032810432425544456,0.14853970283810491,0,-0.003976644107639547,0.37412289299840107
50000,0.0,137,0.012490957273312125,0,0.0012407260411536787,0.6913175149093557,0,0.0002390967459891712,0.9477717083040681,0,0.00787454930742442,0.07622549193972351
50000,0.0,138,0.0126949615758645,0,0.005929177062754476,0.05966057369445007,0,0.0004125876951624641,0.6763910335776382,0,0.0010407749262187189,0.8139825008940582
50000,0.0,139,0.013271839361134997,0,-0.004506329492364134,0.14761807011552688,0,-0.00041911805392414586,0.6445932320289416,0,-0.0063984748246768,0.14868999839542418
50000,0.0,140,0.013320664244715572,0,0.0016922722720167462,0.5908400438320724,0,0.0002971644989666283,0.23746430042241606,0,0.00015242902822110648,0.972700720579516
50000,0.0,141,0.009239510219183247,0,0.0027628374698144016,0.37482416922272965,0,0.00041350038519248665,0.3607570137445363,0,0.004753734054479514,0.2809228835916586
50000,0.0,142,0.012203398732427694,0,0.0008852306640214099,0.778128603218563,0,6.874374908970197e-05,0.2252003278321455,0,0.0013209492403890035,0.7655332140043254
50000,0.0,143,0.011838656351750935,0,-0.002079896379627733,0.5089325502187734,0,0.00017611802819005672,0.16467000748458593,0,-0.003602660825488719,0.41668405603037817
50000,0.0,144,0.012024809202584766,0,-0.00034342499860143066,0.9123600139551791,0,1.616379745590812e-05,0.7348461143556917,0,-0.000364358612868726,0.9339069510698462
50000,0.0,145,0.010757609440161211,0,0.005595453139391559,0.07769210304519551,0,0.0004043647731392027,0.49820032109014967,0,0.0070501592983018575,0.11480704327873859
50000,0.0,146,0.012574091903779273,0,0.0014586411676369235,0.6395898348921378,0,0.0004227890838802628,0.49562205567232764,0,0.00025623222350900775,0.9537082013626864
50000,0.0,147,0.010041610094238805,0,0.00112074753910818,0.7215307468319199,0,-0.00010849167968425846,0.9135231310754466,0,-0.0016159547645324267,0.7161546867257051
50000,0.0,148,0.013570104680643093,0,-0.0031513181476313335,0.30820518746960224,0,-0.00026092853880304825,0.7808267374350814,0,-0.00016405255084413878,0.9703500431291887
50000,0.0,149,0.012598792402215774,0,0.002721434930636522,0.3860884205867676,0,0.00043557045329438605,0.6305263924025437,0,0.0028718128005882407,0.5180294019861733
50000,0.0,150,0.012301136213571894,0,0.0005553556845959765,0.8616571599517309,0,0.00034604185429289,0.8008309212009924,0,0.006250841740391693,0.1625654696237909
50000,0.0,151,0.012705062921348454,0,-0.0009732040435356661,0.7565095323835155,1,4.805007093926718e-05,0.029326557328606673,0,-0.003730786334006686,0.39980438491974324
50000,0.0,152,0.012869469702541969,0,-0.004561180718253319,0.1435575303371622,0,-0.000289236997556321,0.9476479570498506,0,-0.004350584423501447,0.3257700033266899
50000,0.0,153,0.011887949628806689,0,0.002430087413152666,0.4457031256626389,0,0.0005122603118772924,0.08880715221176738,0,0.004207570484705341,0.3475953173310693
50000,0.0,154,0.010250256741247358,0,-0.0008883434679850216,0.776557405549645,0,-7.844975346306511e-05,0.9972563281164067,0,-0.00535409378237446,0.22938674174094376
50000,0.0,155,0.010282222655494406,0,0.0022315920999996354,0.4805692319893995,0,0.00023967028734414188,0.6238138761695646,0,0.003922577950878833,0.37779428154177597
50000,0.0,156,0.010910101362514373,0,0.0021374767013006015,0.5039986913985955,0,-0.0003090109139935477,0.2665638136938362,0,0.002083257923984512,0.6335450289542908
50000,0.0,157,0.011961653535072196,0,0.0014317610860604593,0.6514059659099212,0,0.00010194317807241274,0.13781673125044913,0,0.004515958495152635,0.3107970268822091
50000,0.0,158,0.01370228548646103,0,-0.0018652935377145793,0.5484137707269525,0,-5.735296058076068e-05,0.8792629660312705,0,-0.0029598538436010854,0.5022553842082129
50000,0.0,159,0.011975196773170065,0,-0.0028395858610389606,0.3628245679024189,0,0.00011819183108458472,0.6518733388015783,0,-0.0029018685102183937,0.5130067939944314
50000,0.0,160,0.011501308283069191,0,-0.0021974137033719835,0.48786950378888094,0,-0.0001366936433904797,0.5606830545744248,0,-0.006041850741331774,0.17752780561677106
50000,0.0,161,0.011723881015991783,0,-0.00416249919721631,0.1844256959140636,0,-0.00014837273019380694,0.7704256749103067,0,-0.00504665533169783,0.2552221496197856
50000,0.0,162,0.0141538863262556,0,0.001008657673488532,0.748843955849334,0,8.315297666615562e-05,0.7845440742975824,0,0.0008950188419699764,0.8401637565182899
50000,0.0,163,0.012826767344305242,0,0.004728264297122682,0.13125635592920595,1,0.00016436248665138974,0.006181276514066081,0,0.006573912910329165,0.138822403214523
50000,0.0,164,0.0131359947238783,1,0.0069593340659819,0.026188044612546802,0,0.0003279947784078167,0.5816370282438958,1,0.008876127093932103,0.044971686421939105
50000,0.0,165,0.010726042518594728,0,0.003149028855265014,0.31266424945808635,0,-0.00021756511169158528,0.08762638461257866,1,0.012004935222909874,0.006466339243625407
50000,0.0,166,0.00990477215983324,0,0.003946260489492861,0.20767613112046207,0,4.888938662140091e-05,0.9111167639742477,0,0.005270173488917306,0.23038329897399884
50000,0.0,167,0.009378533414721812,0,-0.001157571400098293,0.713620783727896,0,-0.00023190072441282072,0.5932296131029231,0,-0.008371646331115958,0.06254225161725616
50000,0.0,168,0.012447327296633306,0,0.0036949889042909396,0.23709014623868988,0,0.0001568139394740837,0.8617753338823823,0,0.003924305182523942,0.3755554190247369
50000,0.0,169,0.009173287735670612,0,-0.0009192301365121145,0.7716570360709577,1,0.0004860917774601246,0.011292190949726,0,-0.006171790043184086,0.16506857677309453
50000,0.0,170,0.012171449650857109,0,-0.003652289608042183,0.2453031700150526,0,-5.272567472100525e-05,0.20039783670107625,0,0.0045042940208960625,0.3104598224412336
50000,0.0,171,0.010135596591908498,0,-0.0015469567870905043,0.6250065711426958,0,-0.00013405016469214602,0.4761484937940432,0,1.4925991070044713e-05,0.9973354384052013
50000,0.0,172,0.012316832746673424,0,0.0006945275306924533,0.8232719773741878,0,5.67827682526707e-05,0.5074437004858379,0,0.000984102625238028,0.8245488841377676
50000,0.0,173,0.011758523688471802,0,0.004996493333696962,0.11356484569537831,0,0.0004605285579368141,0.6095275511919855,0,0.005145997239336745,0.2456527284628333
50000,0.0,174,0.013716898074661822,0,-0.0034079385145089095,0.282029703489074,0,-7.06357731878142e-05,0.07814683666048783,0,-0.002830598743735436,0.5275494548624721
50000,0.0,175,0.012925155532317269,0,-0.0026934270536369373,0.38239366534126096,0,2.5789340042990066e-05,0.9578066799817129,0,0.0011358936025278286,0.796470667225679
50000,0.0,176,0.011472119011121561,0,-0.0004857592593641046,0.8768310594681277,0,0.00011552629179803421,0.50913095441774,0,-0.005966881593161359,0.18035695266141563
50000,0.0,177,0.011314522315312367,0,0.001646652268706686,0.5976120923017432,0,6.381579816242364e-05,0.0868431906922047,0,-0.0002721863130228701,0.9512531314441006
50000,0.0,178,0.010964371010835312,0,0.005768270634397174,0.05734321989407589,0,3.576969942498967e-05,0.6825007667528319,0,0.0026116318582952045,0.5499184424615777
50000,0.0,179,0.012696311199746237,0,-0.0040542304751684565,0.19757412577158776,0,-0.0002542836851289945,0.8891833051000471,0,-0.008629572609245692,0.051995153468598336
50000,0.0,180,0.01118090793765585,0,-0.0014881207394685124,0.631861340757305,0,-0.00011431210455570432,0.13142357453077014,0,-0.004510879425279224,0.30847506792981116
50000,0.0,181,0.012022948979962745,1,0.00797822308070975,0.010619025372674383,0,0.0006211038117279989,0.4829484416311671,0,0.008413606687787716,0.05727971840427276
50000,0.0,182,0.013278101812164083,0,-0.0033672299702408276,0.28015747947958974,0,-0.000535842962024644,0.271909632339976,0,0.0008081818753220467,0.8550240360780379
50000,0.0,183,0.009992540067812564,1,-0.00628893647323843,0.042819126050855305,0,-0.0002267914009733196,0.47022965524016613,0,-0.0037841274752359474,0.39039926066829256
50000,0.0,184,0.012967496312445348,0,0.0034521145789566166,0.2738315934304796,0,9.571192577606969e-05,0.6282616000147362,0,0.001215337756167768,0.7846649353505727
50000,0.0,185,0.012621899034482291,0,0.0032089166637350917,0.3045393411273807,0,0.00030563160258050676,0.06930386578239811,0,0.003168787331968988,0.47133353660372734
50000,0.0,186,0.010487743226079527,0,0.0035091069837224903,0.26503270982785404,1,0.00037738976992947906,0.04804818858646942,0,0.005139947300644282,0.24848587697771096
50000,0.0,187,0.013688767460255305,0,-0.0055930656081662885,0.07361597613360701,0,-0.0005720929220696895,0.2832427561658424,0,-0.004316711753087958,0.32863636056590106
50000,0.0,188,0.012005083553400063,0,0.003918602503142206,0.2040349265251543,0,0.00011848927721062063,0.8479859272311827,0,0.005993184097249617,0.17116901483234945
50000,0.0,189,0.010831132895044568,0,0.005002151505977722,0.1111985031163061,1,0.000341274873051023,0.04697143946892113,0,0.0012586646596262656,0.777267758140096
50000,0.0,190,0.013822181450984669,0,0.001196045193149852,0.6998507383277215,0,-1.2287804326466182e-05,0.14166261120320078,0,-0.00535401101049122,0.2245718527080437
50000,0.0,191,0.010308922825763877,0,-0.00218122246233429,0.4865910875324715,0,-0.00010273941459137544,0.9471872291211204,0,-0.0024218181257887692,0.5838750843955034
50000,0.0,192,0.011832530032193539,0,0.0003944835553724355,0.9015680294724533,0,7.717605742589964e-05,0.3312811998718095,0,0.004880113026967247,0.27558747201132705
50000,0.0,193,0.011992219270650337,0,-0.002245893529073774,0.4769820009102076,0,-0.000269003691540181,0.9477389866896446,0,-0.0005098856418749916,0.9091887443655065
50000,0.0,194,0.011216661193823824,0,-0.0006708309197635998,0.8295366122076812,0,5.6346344112357e-05,0.9239162089009525,0,-0.0029846250437379042,0.5033873195891052
50000,0.0,195,0.011068189572359981,0,0.0020142196389002615,0.521288714526325,0,0.0001573448819949259,0.7034214147240501,0,0.00266707418063637,0.5481954587216382
50000,0.0,196,0.013565500655966557,0,0.004530288419772163,0.15422970812782183,0,0.0003230246892729649,0.2276440707941536,0,0.003923924380503683,0.37977841262703627
50000,0.0,197,0.015416071845098068,0,0.0010016622013894632,0.7498174508926329,0,0.00017190407820690643,0.7540103227457587,0,0.0005785330568773394,0.8963685159009731
50000,0.0,198,0.012013063947444686,0,0.0009724124136302455,0.75588381668359,0,-5.960786857473902e-05,0.3081893109764997,0,-0.005677633291637398,0.20046213180634292
50000,0.0,199,0.010331594517225364,0,0.002917243431982636,0.3510174407616734,0,0.00010011376450138189,0.07780585487122171,0,0.005659831315932819,0.19978567742502695
50000,0.03,0,0.01332335557228569,1,-0.006828224982432098,0.02904506390148048,0,-0.000447267774671919,0.8520571452474264,1,-0.010005180582884644,0.023386311418799197
50000,0.03,1,0.010431619931284703,0,0.005361573874497428,0.08285767866174468,1,0.0001960452203997169,0.02614855168897634,0,0.007625213032531746,0.0831696955215694
50000,0.03,2,0.010404142077167906,0,0.000965516276877019,0.7558672575873625,0,0.00018271914784649218,0.2405470118640719,0,0.002856885987329372,0.5161462422402328
50000,0.03,3,0.012463219729118367,0,-0.0031988256046406698,0.30556745284820225,0,-0.00010818796879937637,0.598219471470381,0,-0.0024856071923921195,0.5729399774757312
50000,0.03,4,0.012995947584455055,0,0.00042986275203731994,0.8909763760289422,0,0.00020346391198980323,0.8523638640983897,0,0.005915605279034319,0.17784078947411183
50000,0.03,5,0.012664655766312668,1,0.006430593282513784,0.04094377918642335,0,0.00034350076763350445,0.16730179125051348,0,0.0013352094624390048,0.7625784959637372
50000,0.03,6,0.012913973921487618,0,0.003869237039168449,0.21953355293338128,0,1.179568422237797e-05,0.8389455283772455,0,0.0029857052955408704,0.49869041732287656
50000,0.03,7,0.012744295736877905,1,-0.0075622170397130935,0.015228163921689911,0,-0.00039644360080162656,0.771331804508056,1,-0.009762774940383015,0.026005506235029726
50000,0.03,8,0.010473833477244622,0,0.002008948851903446,0.5236349395565584,0,0.0002580953729656128,0.2426188045289812,0,-0.0004065610863149103,0.9271965107268576
50000,0.03,9,0.009362677586372102,1,0.008349377562553259,0.008040250417564133,0,0.0005863866992727987,0.7617790313497731,1,0.014269347313047064,0.001301461234291773
50000,0.03,10,0.011678026767511951,0,-0.0026607161281058077,0.3880336957921089,0,-0.00031455799230565277,0.8716241250690941,0,-0.0012888894018916427,0.7696837491047671
50000,0.03,11,0.009778485766263823,0,0.0011371963254938958,0.715840493047847,0,2.2959397959638013e-05,0.3489248284434019,0,0.0029665582546233036,0.5019726860220732
50000,0.03,12,0.013074580856386596,0,0.002602570030783872,0.40254327408135226,0,0.0004544115963171672,0.9488181053766317,0,0.0051813141996889,0.2425296030183403
50000,0.03,13,0.012551614216684753,0,0.0022046277318248206,0.4879455035558571,0,-4.160261735308437e-06,0.6486509710776178,1,0.011346071716613039,0.011694731320010868
50000,0.03,14,0.011279922078720814,0,-0.00030620545106570815,0.9214747499440993,0,-0.0002390899083166621,0.38963265931142854,0,-0.004889532720755381,0.26661556891688515
50000,0.03,15,0.012603313620832784,0,-0.0017547343266582358,0.5757937916450475,0,-1.306433595618948e-05,0.6848130438962028,0,-0.0031303414675766844,0.4830114557979015
50000,0.03,16,0.013682788094423847,0,0.005675132301857085,0.07015657629172148,0,0.00039100683084787667,0.4717550732659186,0,0.0075388258319582764,0.08779174955904026
50000,0.03,17,0.011760466496211498,0,-0.0019048475992279167,0.5467991514535834,0,-0.0001988162850379812,0.6508585869638739,1,-0.008931591672103029,0.045074512620320584
50000,0.03,18,0.012695428216723616,0,-0.004015208753909799,0.2065205841134406,0,-0.000438074388676981,0.8109949044289964,0,-0.0006855128351374414,0.8786113394468388
50000,0.03,19,0.009307622098439829,0,7.580347799697777e-05,0.9808081845799155,0,0.0001377538628400023,0.8147742480506899,0,0.00588818573867142,0.183683754749316
50000,0.03,20,0.011974695395522645,0,-0.0006788888262613017,0.8291257308838436,1,-7.21782199748278e-05,0.030543341752584885,0,0.0033699167025096842,0.4510853686641779
50000,0.03,21,0.012294836884211945,0,-0.004656175235925968,0.1345435064562809,0,-0.00027912789555438683,0.7647232730366055,0,-0.002918980596690394,0.5093385192439731
50000,0.03,22,0.011267408942021113,0,0.004388042530850827,0.16543194648679901,0,0.00024304008219955535,0.357385008858651,0,0.005636135882207329,0.20680318332860198
50000,0.03,23,0.011904790022848635,0,-0.0006513571303595214,0.8360473213459116,0,-0.00019476024680141916,0.4399558168714419,0,0.0013569954069607008,0.7603249731844605
50000,0.03,24,0.01357145760503367,0,-0.005099828443769457,0.1038641136217965,0,-0.0004578428205036446,0.7780852919504437,0,-0.002450820338587714,0.5808709427953929
50000,0.03,25,0.010339556825755561,0,-0.0001139906682764251,0.9712760608908555,0,-0.00013029707728158942,0.5000868524613715,0,0.001790187753694483,0.685260527239156
50000,0.03,26,0.013195234760420045,0,-0.0007708605565885742,0.8066879280100343,0,-0.0001723738256986879,0.6259958752768247,0,-0.003177906843276667,0.4753569907988672
50000,0.03,27,0.012033269700835294,0,-0.003071817783521288,0.32512624004660295,0,6.866742136137456e-05,0.5942561255124332,0,0.002930663687163593,0.5072705555527529
50000,0.03,28,0.012034437757278181,0,-0.00320479397185429,0.30270120064389583,0,-0.00015444000988515475,0.09883431835368806,0,-0.0003582610864772604,0.9355192732036752
50000,0.03,29,0.012060183177156568,1,-0.006939814879896817,0.028082442117986,0,-0.0006344788526774468,0.10255713713976489,1,-0.010998524783716733,0.013734606055133826
50000,0.03,30,0.012629195763516841,0,0.00032868779355219155,0.9177707434315087,0,-0.0001664185870765178,0.9046868681339943,0,0.0024282839404580125,0.5876161351917231
50000,0.03,31,0.011171795607643023,0,0.003358545428596942,0.2832376151796593,0,0.000198485480416295,0.9836843819472053,0,-0.0020770248828249757,0.6405936244032736
50000,0.03,32,0.01101899453026525,0,0.005664551848728672,0.06986522703989921,0,0.0004936687270597571,0.8565875326212116,0,0.005628845830012464,0.2024124507556663
50000,0.03,33,0.011903720389494778,0,-2.598487719798412e-05,0.9934687568446219,0,1.981897117166215e-05,0.43343234148443166,0,-0.0030441684036023194,0.4958176304865767
50000,0.03,34,0.012268234380264384,0,-0.0034670088708232136,0.27138730906595665,0,-0.0003410559637618221,0.9693024829466346,0,-0.0014593837969043536,0.7397269446016904
50000,0.03,35,0.010582783049441087,0,0.002662861929368208,0.39514112458784345,0,0.00030914235035005473,0.5470661230019166,0,0.004078475833263732,0.35791887421735324
50000,0.03,36,0.012658331161838331,0,0.0010508836057230941,0.7405838029526146,0,0.0001683362331451294,0.9219768529888425,0,0.0009405188365327449,0.8333459277617903
50000,0.03,37,0.012291224678162764,1,-0.007800991879142712,0.012065095477866845,0,-0.0004326125449228514,0.5662640030394822,0,-0.0012841112801572968,0.7713364039583386
50000,0.03,38,0.01164271419960847,0,0.0009045451595928246,0.7745708715367896,0,0.00034781569942535353,0.8536339032847969,0,0.0005660754610577003,0.8990360087264466
50000,0.03,39,0.01405386603876683,0,-0.0015365188703129373,0.624272387059968,0,-0.00012118111262693031,0.43621140932125835,0,-0.0032299972244067077,0.4674826597208601
50000,0.03,40,0.010571241136368412,1,0.00630634976945304,0.04403858277964131,0,0.00015162926363347843,0.9546892805058683,0,0.00651179413728962,0.1399912514552966
50000,0.03,41,0.012851777076836565,0,-0.0026748652398275257,0.3946609293808323,0,5.94036116357843e-05,0.6754507872271522,0,-0.00516323487948131,0.24623123456134777
50000,0.03,42,0.011139482835198593,0,-8.757963289025448e-05,0.9777796910469002,0,5.686324553760397e-05,0.982852037701645,0,0.0071385443301842065,0.10888150412259205
50000,0.03,43,0.010271080628507527,0,0.0013371678233812944,0.6632825774681499,0,-0.00029232393526916077,0.37962842262777663,0,-0.0014378699410529298,0.744604090384483
50000,0.03,44,0.008615854456679463,0,0.004502564243656098,0.14398971793456772,0,0.00012646998961730538,0.5906034944571348,0,0.0006296778362573513,0.8859045924309259
50000,0.03,45,0.01295262857142867,0,0.003512941044902535,0.26069571947702974,0,0.0006030505683835294,0.1317578430648475,0,0.005019930008907585,0.2599108447203769
50000,0.03,46,0.010628474939732924,0,0.006104670255939773,0.053558783607502956,0,0.0004439310406305964,0.8287082656469953,0,0.005720980397981941,0.19540700964401506
50000,0.03,47,0.010916806417854124,0,0.0023034144105069996,0.46182118440925923,0,0.0002039528407684788,0.3180262624892295,0,0.0011815585963830437,0.7906763750349977
50000,0.03,48,0.010446278750332431,0,-0.002879684895085416,0.36720277364419895,0,-0.00020670262350415075,0.2710440286956721,0,0.0005256971325062886,0.90547748943831
50000,0.03,49,0.011889887936468177,0,-0.0015925888272669173,0.6135456665103882,0,-0.0004560883892448027,0.31107488882260326,0,-0.007577305403313025,0.0862642515964678
50000,0.03,50,0.01278831795065503,0,0.0026545453363298038,0.39753345595744505,0,-2.484332453098324e-05,0.5259191827018268,0,0.005371711530369448,0.2251297768712574
50000,0.03,51,0.010958054856230874,0,0.0006793351070348893,0.8301123430612176,0,0.00014194963160735536,0.6592179696556306,0,0.0021644111817662286,0.6238245283171797
50000,0.03,52,0.012326571652875686,0,-0.0010945011330382114,0.7263216390785605,0,5.303486955273726e-06,0.2968084485861453,0,0.000284071689895222,0.9487529931613776
50000,0.03,53,0.01024999289021619,0,-0.00018569371352023325,0.9527453523077347,1,0.0001041524440483504,0.028995134449742332,0,-0.00448394482704984,0.3124394898318091
50000,0.03,54,0.011572992721933623,0,0.0009386540756590616,0.7652454723433945,0,0.0001988473646941128,0.3461081397042012,0,-0.0010901785231041358,0.8067460937754577
50000,0.03,55,0.013309580758844511,1,0.007715775531483294,0.014529555186345649,0,0.0006810828576288611,0.34532931227265595,0,0.005885809070617012,0.18407982717844915
50000,0.03,56,0.014770293056959916,0,0.004498192810222687,0.15459116235812445,0,0.0004311765443146583,0.815698684840029,0,0.001408221620074839,0.7521158196735411
50000,0.03,57,0.012500845492499486,0,0.002262910354029533,0.46801990436682217,0,-0.00019383967556500407,0.5819393256781956,0,0.0029982321120814934,0.4961841514437091
50000,0.03,58,0.01119389307967081,0,-0.0011299520252580101,0.7188876277773824,0,-0.0002557428743296991,0.5654368954153393,0,-0.0005685038771879847,0.8979507285839113
50000,0.03,59,0.012179893906129365,0,-0.0007042541198596947,0.8225826537670512,0,-9.958361687210724e-05,0.30397064051876543,0,-0.005176774677992038,0.2424821180122864
50000,0.03,60,0.010066113473473734,0,-0.0026446431119036234,0.3946336920801493,0,-0.0001160415451056059,0.7688913755953048,0,0.0009755510703177655,0.824048990312551
50000,0.03,61,0.010875083674630241,0,0.002539764032905646,0.42192416144528055,0,-3.038696042171447e-05,0.5516661884343788,0,-0.0018576818580293578,0.6786639371572871
50000,0.03,62,0.012863615891643655,0,0.003307606640533714,0.29056795413022707,0,0.00021202099320391616,0.3653175167726854,0,0.002079804438563739,0.636933639205207
50000,0.03,63,0.0102343387675855,0,0.004291316698944099,0.17072130839563085,0,0.0003540094226294034,0.6376752892890516,0,0.006535964170462637,0.14032299352311337
50000,0.03,64,0.012154555831618983,1,-0.00701261761316743,0.02517427629925954,0,-0.0002232590353175981,0.2799133138973231,1,-0.011103640537873003,0.012043635801843247
50000,0.03,65,0.0100838398502902,0,0.0008886688722075503,0.7768734905386148,0,0.00016317366151814844,0.4408691351555174,0,0.0024392723517696604,0.5812401504265103
50000,0.03,66,0.011996953219452003,0,-0.003399281761777012,0.2771121760563718,0,-0.0001328444747088991,0.35088351927513417,0,0.0005838747935294031,0.8942634486045613
50000,0.03,67,0.010475801996102268,0,0.0015251143569718593,0.6222588711760986,0,-0.00023690160703043726,0.9356736160722638,0,-0.000553396502432389,0.9002694369084301
50000,0.03,68,0.009502578215728546,0,-0.0028782633263498346,0.3616688868152306,0,-0.00044988175940647646,0.21916746920035868,0,-0.0043035748912526725,0.334855913663905
50000,0.03,69,0.009361746750766299,0,0.0034264954666005077,0.2766548610632822,0,0.00022052843087075826,0.4762223130770451,0,-0.0004362889847459423,0.9223543690300294
50000,0.03,70,0.010621752087301825,1,-0.007378866346108422,0.0197166499943212,0,-0.00033216673614979217,0.6569962575908304,0,-0.003184935364720206,0.4728837615093717
50000,0.03,71,0.011244056379041169,0,-0.0024555683892595994,0.42963053823813924,0,-0.00010052730785295844,0.08169643243563651,0,-0.0014448602764070998,0.743435605721404
50000,0.03,72,0.01231713732272872,0,-0.00017433987796140038,0.955572315472387,0,0.00017866622216604472,0.8902521864692711,0,-0.0006825663242151115,0.878269669299506
50000,0.03,73,0.011652148920595035,0,-0.0017852875690642833,0.5758240095241614,0,7.170604990989397e-05,0.5414493376870022,0,0.0016853805499159088,0.7046119146914798
50000,0.03,74,0.010102517852225034,0,0.002836932399911728,0.36111262880816564,0,0.00019383487306792236,0.6423199001579553,0,0.004431629051908224,0.31783048886868165
50000,0.03,75,0.012692586637887849,0,0.004285928694869898,0.17327640300850183,0,0.00033460739116244256,0.37010410964166063,0,0.0009174585893486631,0.8364210087847097
50000,0.03,76,0.011870387127588441,0,-0.0005767142859044001,0.8548494009071046,0,-0.00021303689434183737,0.9842667295826738,0,0.001489131856310673,0.7370847829312942
50000,0.03,77,0.012266072553030884,0,-0.0017975060381352553,0.5638257192118878,0,-6.982872402894362e-05,0.3065764924058605,0,0.005441553030783377,0.21874591738130292
50000,0.03,78,0.014847432268579314,0,0.00475078040116321,0.1270500952426015,0,0.00029574152967301137,0.6015804282769592,0,-0.0001272371128784454,0.977209235758433
50000,0.03,79,0.012104189624347563,0,0.0026688154353968828,0.39803343731083374,0,-0.00010761421417228444,0.3634221171416644,0,0.0018556823407584878,0.675573373241503
50000,0.03,80,0.012382131598297758,0,0.004115494422545101,0.19280801143105125,0,0.0003994351661458791,0.8444420831271114,0,0.005642505005761093,0.20704495951720964
50000,0.03,81,0.012031422232766273,0,-3.7048415214348013e-06,0.9990554208195768,0,0.00047196393085987344,0.886882336877802,0,0.0023605461314914707,0.5937176831720459
50000,0.03,82,0.01240676981653323,0,0.001128438379681789,0.7219585693205517,0,-5.752468594586853e-05,0.30582268208052976,0,-0.0047664941501784665,0.28104377004684505
50000,0.03,83,0.014077095226993847,0,-0.004638689974936989,0.13886275727953498,0,-0.0008221089076740046,0.9346661497933344,0,-0.007162917315468982,0.10576053591928714
50000,0.03,84,0.013931563592254448,0,-0.003489930389378136,0.27043295635345826,0,-0.0001808706398627479,0.5032784391043865,0,-0.0044838265507146455,0.3145974529376877
50000,0.03,85,0.013279151656502267,0,-0.003780502152089418,0.22791623572355243,0,-0.00015334565573856077,0.5581754964599739,0,-0.008197523362044525,0.06557483769493871
50000,0.03,86,0.011789809063653048,0,-0.004091775540965232,0.19309187525820853,0,-0.0001399456622211159,0.8774582378085456,0,-0.003982093545873212,0.37170135201912125
50000,0.03,87,0.014443298074381666,0,0.004334392974222765,0.16609228754547917,0,0.00016218683424002394,0.4874182732701893,0,0.007704244891062357,0.07896632089332714
50000,0.03,88,0.011698166243214644,0,-0.004466905355637846,0.15386763434590137,0,-0.0004824449111527356,0.5057387371435706,0,-0.001087460349424866,0.8075382082949144
50000,0.03,89,0.01208728018572797,0,-9.934000360085232e-05,0.9749128104643725,0,-0.000160630393737473,0.5835412169091093,0,0.0031449617172160074,0.48314670551130645
50000,0.03,90,0.011752317993509852,0,0.0016329697541903436,0.6012388303771545,0,-0.0001635919248536982,0.25400572630854334,0,0.0018318402088783891,0.6763074011274972
50000,0.03,91,0.013962959652697135,0,0.0026783907228269278,0.39396077531282203,0,0.0002635065650483907,0.4876904961129712,0,0.0009590685511546766,0.828568858451954
50000,0.03,92,0.012701379907879801,0,-0.003061638281403926,0.3297328650702567,0,-0.0001237555427288945,0.42273740640348767,0,-0.007485996417748515,0.09143101977676012
50000,0.03,93,0.01164470673610778,0,0.0009705813883052159,0.7591344862570806,0,0.00024751802885046933,0.5603577142762617,0,-0.004806795524047759,0.2749819436958542
50000,0.03,94,0.010440532824529024,0,-0.0016281611384704165,0.6058928121962618,0,-0.00039737001097119414,0.1874044600042022,0,0.0011475732366949547,0.7962603139828605
50000,0.03,95,0.011641919349986951,0,0.005697543328918721,0.07182940715074287,0,0.00031612093936249754,0.4648946044516138,0,0.002865012483428559,0.5192008165177473
50000,0.03,96,0.011763554079538562,0,-0.000573383323492044,0.8561688336960471,0,0.0003780980273821898,0.6078556590211581,0,-0.0008051318333309057,0.8566148487918132
50000,0.03,97,0.010706639108910359,0,0.0003555768676445168,0.9106130506700676,0,0.00018215140541828661,0.7666850004386228,0,-0.0034626607488166174,0.43435463573759403
50000,0.03,98,0.010424383506293126,0,0.0038853077440775094,0.21385558923097675,0,0.00038238997046882066,0.15550644429736526,0,3.232252126372369e-05,0.9942356822540109
50000,0.03,99,0.010561511193738469,0,-0.0045493008676866006,0.14942966585566544,1,-0.0003472030901198202,0.007496024915287225,0,-0.000719724137418905,0.8717483630185853
50000,0.03,100,0.010422980924176744,0,0.0016099441360232529,0.6039695476763398,0,0.00012934269612858933,0.5781398396056299,0,0.00040747103255444055,0.9267220759757816
50000,0.03,101,0.011744060534779926,0,0.0005584447991772409,0.8596806574173967,1,-2.917266212943899e-05,0.0021681374926589836,0,-0.0019738448517841564,0.6549107772254898
50000,0.03,102,0.014515266447779122,0,0.003250242322960892,0.3004503723384745,0,0.0002078641476292246,0.9874177687115093,0,0.005030578421922739,0.2564949398185295
50000,0.03,103,0.01258509194732124,0,0.003968575820941554,0.20468304016069672,0,0.0005246685178197149,0.733019620811943,0,0.005433980778897797,0.22029878054260632
50000,0.03,104,0.011016693878579984,1,0.0062030806514749735,0.04991323691170557,0,0.0005284068408049499,0.9892487525822394,1,0.01341901107599189,0.0027066304426058368
50000,0.03,105,0.01039533058105417,0,0.0012209665455532475,0.7004302703929719,0,0.00014802446671994404,0.9347555431082754,0,0.002071994217475765,0.6446068979334894
50000,0.03,106,0.010626978630142518,0,0.002399976859138646,0.44536050420200646,0,0.00028897355397320903,0.18737198529290466,0,0.002362461688134906,0.59417937023496
50000,0.03,107,0.011886227151433568,0,-0.00024435635299058955,0.9381365220949357,0,9.039325636850937e-06,0.2692437968578425,0,0.0052660986220082655,0.23739351968240116
50000,0.03,108,0.010720733957755345,0,0.0025827108984342257,0.4081274835544917,0,0.00027585338115740355,0.5100123465594468,0,0.006787818060695165,0.1251852751042617
50000,0.03,109,0.011207943735712376,0,-0.005753750328123156,0.07141985868743221,0,-0.00030185990438762357,0.05150209180640697,0,0.0031839709522581607,0.4724587960462113
50000,0.03,110,0.01186829944725897,0,0.0024202230456608275,0.44029827337971594,0,7.468419362887178e-05,0.23323166227217162,0,0.0006273616452798299,0.8879695835192257
50000,0.03,111,0.012092848772964026,0,-0.004335416252753627,0.16743642828996236,0,-0.0005279465423634156,0.20732683541181463,0,-0.005385307735620781,0.22442490360033063
50000,0.03,112,0.009799641346548248,0,0.0022085759160359745,0.4847592806716222,0,0.00026609764924119105,0.3623572238492607,0,0.002441664491206203,0.5839608494280797
50000,0.03,113,0.01296369923338638,0,0.0004119070790870976,0.8949577880662521,0,4.057702824112232e-06,0.6860090144710651,0,0.0013874248575800733,0.7518438007160656
50000,0.03,114,0.01073947387507974,0,0.0044369810076136055,0.15848672381616866,0,0.00011478709766612,0.3652765483612086,0,0.003980502119925056,0.3728451071167368
50000,0.03,115,0.011611963945170476,0,0.002431976393436091,0.4426565634430887,0,0.00034011841669856496,0.7308360560436966,0,0.0011794728412390255,0.7918615041492023
50000,0.03,116,0.011268665213252647,0,-0.0009454697290049587,0.7644705735757501,0,3.722558610142744e-05,0.9660293381222672,0,-0.006833513604047256,0.12649734395340623
50000,0.03,117,0.012970593886862967,0,-0.002664402324730712,0.3919019324508557,0,-5.322786232658072e-05,0.18454004407926206,0,0.0034457864069781176,0.43350482012614233
50000,0.03,118,0.010391044837521615,0,0.0002546876161659661,0.9353204214969825,0,-5.531496680387028e-05,0.9967563220545423,0,0.0010165189118938127,0.8187120693530349
50000,0.03,119,0.011625434006783869,1,-0.006790457875287019,0.032036785134642344,0,-0.00012368530156113086,0.7877948241430125,0,-0.00607907812829877,0.16332756725474418
50000,0.03,120,0.010279470399141432,0,-0.00025758022574182073,0.9349543555295052,0,-2.3745991606084425e-05,0.2250113945981811,0,-0.0014312540952359217,0.7461659520809232
50000,0.03,121,0.009891648375148242,0,0.0050106033807136565,0.10757390273589622,0,0.00018456722836712183,0.7626018440828458,1,0.00888194914971878,0.0434328409173244
50000,0.03,122,0.012229165528620935,0,0.0007205241963222894,0.8189452459456886,0,-0.00014072824719684065,0.6935249205987434,0,0.005166786827171039,0.2460580492284339
50000,0.03,123,0.010560626485190442,0,0.0005329874871107512,0.8650979123297297,0,-3.967835039719968e-05,0.5859062535569497,0,-0.002401442775032057,0.5878330177592951
50000,0.03,124,0.01080185016887162,0,-0.0024106155260988403,0.44323261124834434,0,-6.761427854693162e-05,0.2736381661363192,1,-0.00983652959046838,0.026617118569186988
50000,0.03,125,0.01270956166392466,1,-0.0065593892603501725,0.03846293307599184,0,-0.0005098851609797463,0.12712779827119358,0,-0.006840331232677707,0.1233304572041999
50000,0.03,126,0.011228368920092317,0,-0.0004969361188699963,0.8742522853700243,0,-1.6606765698651366e-06,0.6119631627122599,0,0.001006953668856491,0.8202597361922378
50000,0.03,127,0.011542972116879276,0,-0.00045748799860639334,0.8833831482797809,0,-2.231151726528231e-05,0.054450695289838924,0,0.0017501904946200899,0.6904100181436548
50000,0.03,128,0.010636201771958289,0,-0.0011190545358119818,0.7215029288439216,0,-0.000290780526754098,0.46608343399094,0,0.001296043899843666,0.7696376132090103
50000,0.03,129,0.0115174656546791,0,-0.004025898013617633,0.19726900275225148,0,-0.00035651701236868934,0.3120372336069265,0,-0.00665279507376344,0.13374535301649698
50000,0.03,130,0.010228605252779065,0,-0.0030080560728826225,0.33619741869872843,0,-0.0006243531769192564,0.2415166837053302,0,-0.007207429792650877,0.10321396767465134
50000,0.03,131,0.012573280139701232,0,-0.002466383921362958,0.43351815068702115,0,-0.0002039341311155978,0.664943441091771,0,-0.005201056826718413,0.239871170558561
50000,0.03,132,0.010556413588652986,0,-0.004900658499673896,0.1148720411901049,0,6.361604400735938e-05,0.6642794934710182,0,-0.002499576738200996,0.5698566343046911
50000,0.03,133,0.011156043221379842,1,0.007387224091685418,0.01781062680346512,0,-0.00014111052894631238,0.5475143215997306,0,0.006778102695896306,0.12443883945837267
50000,0.03,134,0.010148289507714844,0,-0.0027380580124171804,0.3884507883997784,0,-0.00018389953215335684,0.7349016638337951,0,-0.00016802763808710123,0.9698578526644315
50000,0.03,135,0.009856347360022607,0,0.004810812193634238,0.12701162920256362,0,0.0003496045166062227,0.5884246446639634,0,0.0010226332413873062,0.8183968762999815
50000,0.03,136,0.012108134178544396,0,-0.0029765021701195194,0.3440734117523253,0,9.079922152478891e-07,0.14150299956313406,0,-0.00477267428459561,0.2835902874048062
50000,0.03,137,0.013481905433873467,0,0.0017367504913256729,0.5831413995362866,0,5.2891133489515305e-05,0.6829166864660589,0,-0.00135050996095585,0.7623499674263732
50000,0.03,138,0.012703872325129721,0,0.0004054021101644055,0.8971063325589927,0,0.00015839374260680276,0.4795265937664317,0,0.004441079844118583,0.3179142909508752
50000,0.03,139,0.01114617629335845,0,0.0006066679981734149,0.8473830053061266,0,0.0003607679601993417,0.5618040248288347,0,-0.0007202247327287659,0.871384908173966
50000,0.03,140,0.012212659455900688,0,0.00021588038179656195,0.9454465181877132,0,-3.72654255608674e-06,0.9914790748824142,0,0.00042732283364716535,0.9239928450479582
50000,0.03,141,0.011579807555807465,0,0.004683933437472878,0.13326791967828375,0,0.00047522716129960545,0.39710990943447244,0,0.001625761864507901,0.7129103563277535
50000,0.03,142,0.010743288314336966,0,-0.004056422282303249,0.20112516394450802,0,5.731645368332695e-06,0.2906736158594717,1,-0.011794257255254273,0.008300338770064478
50000,0.03,143,0.011710611348707519,0,-0.0014275256956780003,0.6499133575189642,0,-0.00047423691580853307,0.6547235822647168,0,-0.005684720103594405,0.20229880513087628
50000,0.03,144,0.012882432385044551,0,0.0015482751290604073,0.6234353916721442,0,8.925950117279618e-05,0.3133112746542065,0,0.0015807548756243944,0.7216548419760977
50000,0.03,145,0.014527550047771285,0,-0.0017902344967756388,0.5694638220623605,0,6.097780501018268e-05,0.08989243444103268,0,-0.0007489453590064894,0.8660434891594695
50000,0.03,146,0.015104332059583123,0,-0.002385354204981026,0.44262784884804873,0,-5.0028183240249007e-05,0.36234397215906955,0,-0.0014095073364198676,0.7503152758205243
50000,0.03,147,0.010196821541601106,0,-0.001518210245039741,0.6324953111462843,0,0.00014906626698926655,0.7771090302768248,0,0.0031803200783019313,0.4759572958372136
50000,0.03,148,0.010526942300128714,0,-0.0005614948786392146,0.8599367462468804,0,-7.475897800563669e-05,0.17679112977683653,0,-0.004707509193319293,0.29281344162197853
50000,0.03,149,0.01284438275963165,0,-0.0038803742224735056,0.21495450804567554,0,-0.0004118321680607357,0.6107234877237979,0,-0.006372885724568477,0.150302044167915
50000,0.03,150,0.010560554986148404,0,-0.0009390259275553825,0.7654683735925405,0,-7.297665543095007e-05,0.35020327372415005,0,-0.001249193642337753,0.7778111619281051
50000,0.03,151,0.010119624592520388,0,-0.0022584754197040283,0.47239334094755725,0,-0.00033175665918394674,0.12465933316020239,0,-0.006370789241210519,0.15205825385288887
50000,0.03,152,0.013598763469370837,0,-0.0014313957432623553,0.6484534184257138,0,-3.9309364244318964e-05,0.9455568268284241,0,-0.001975042987808204,0.6580412886149278
50000,0.03,153,0.01059274780868588,0,-0.0035293177021068368,0.26485430915849373,0,-0.0003364260138217823,0.7558305399305396,0,-0.005608650469074607,0.21003491020685977
50000,0.03,154,0.01164550924481703,0,-0.0014816375231545384,0.6366437304345838,0,9.691533425761145e-05,0.9683162587400225,0,-0.00045664155934176977,0.9183106507339478
50000,0.03,155,0.010834479045890903,0,0.002831728314047208,0.36789855619760214,0,0.00033259574141961823,0.5510501794187515,0,0.0025116505838765823,0.5723293025445961
50000,0.03,156,0.012577937736665643,0,0.003137494683255352,0.32145453804380497,0,0.00012251299413963722,0.2710670424827816,0,0.002025781970401876,0.6473685581036485
50000,0.03,157,0.009899014081007079,0,-0.00231585981499356,0.46202415432187993,0,0.00012082325363227235,0.1795070876912589,0,-0.0007149343037881949,0.872527654719446
50000,0.03,158,0.011624637321698026,0,-0.0036154524975617413,0.24792279439324497,0,-0.0001397764308913483,0.36161217798476897,0,-0.0018899953522365604,0.6709585676906635
50000,0.03,159,0.010521294170546574,0,-0.004268220540758571,0.17662599937195386,0,-0.0002960207409189581,0.32700537410412445,0,-0.004734976459344364,0.28532546991321256
50000,0.03,160,0.01262358279966033,0,0.001664962130296977,0.5949528085412823,0,-4.8542186300621276e-05,0.41543964905548336,0,-0.0004224329356926767,0.9242186913422354
50000,0.03,161,0.013207907847705067,0,7.957889406942637e-05,0.9797307638876809,0,-3.300667462356362e-05,0.7114749121056549,0,0.0029287658109869753,0.5089401882588198
50000,0.03,162,0.014211413181033701,0,-0.0017188567767251763,0.5864777942504746,0,-4.6664899677153556e-05,0.6959049886942237,0,0.0005752675851310764,0.8968725814739371
50000,0.03,163,0.012880986687775398,0,0.004451753129536282,0.15765681255536687,0,0.00037156250106499985,0.32077174391561813,0,0.00135899189567832,0.7589409171114445
50000,0.03,164,0.011243233823443161,0,-0.0030310968166898677,0.3298770760315525,0,-0.00019141489590978464,0.6953890067039836,0,-0.0033211346218076144,0.45063809887602124
50000,0.03,165,0.011298181429333937,0,-0.005376491463960053,0.08826493703684057,0,-0.00038804909859947425,0.45543933992749297,0,-0.0017602891522240458,0.6908626844051025
50000,0.03,166,0.0108548464706282,0,-0.0003263239025282976,0.9175272488993602,0,-4.220160747706728e-06,0.3178680333654488,0,0.003708180488616371,0.4073198343365627
50000,0.03,167,0.011613563385466423,0,-0.004244693364311587,0.17490214677431024,1,-0.00027606678889045323,0.01633499018562312,0,-0.0010734416363184437,0.808394889366461
50000,0.03,168,0.012083030359456954,0,-0.0008006802975811385,0.8005346072542826,0,9.094233677715746e-05,0.5522502180461052,0,0.003183549997752036,0.4773870821167593
50000,0.03,169,0.011176307038492398,0,0.0019795105006063275,0.5300694486246135,0,0.00035150796118400645,0.93543363371466,0,0.0005542405156599653,0.9007597670119305
50000,0.03,170,0.012724036265036844,0,0.0033937448056729986,0.2768992359265209,0,0.00021215422144198716,0.606014750837741,1,0.009093600206279707,0.039426223065977935
50000,0.03,171,0.012122261710169075,0,-0.004706633694001006,0.13091000415255669,0,-0.0004334941876808002,0.5920906063602511,0,-0.003096120052625395,0.4854348595087751
50000,0.03,172,0.010749957738259491,0,0.0023929749211449905,0.44587526520198617,0,0.00029089211820003305,0.27011063035639027,0,0.004547099762145761,0.30604648285043085
50000,0.03,173,0.012185346217439863,0,-0.0012633398769035698,0.6889093971693244,0,-0.00037076180646579133,0.1394753228590634,0,0.0016548400277452075,0.7112029978113994
50000,0.03,174,0.012589006127139648,1,0.010177785428766451,0.0013047845623898838,0,0.0009464867417386656,0.22167102653383486,1,0.008947955427604879,0.04592265495573345
50000,0.03,175,0.013260830407660365,0,-0.0048206157899658006,0.12331984405654525,0,-0.00042107162165831973,0.9692574706046971,0,-0.003967179133374036,0.3705493447300101
50000,0.03,176,0.009437215193430893,0,-0.0003991851498109742,0.8994129621800008,0,-0.00027938274772447555,0.45296650586762843,0,-0.00346555118974557,0.4317514269919718
50000,0.03,177,0.010246789445199323,0,-0.0005254466630929288,0.8673831674190081,0,0.00018370203690560186,0.2788843752404605,0,-0.0054298608189744324,0.22217220405957194
50000,0.03,178,0.012596444389780748,0,0.0018952356506394398,0.5431529752932907,0,0.0003088077933577813,0.16042184947226001,0,0.00465900350444975,0.29025784927394127
50000,0.03,179,0.011541702271685836,0,-0.004654292355441482,0.13725915568957253,0,-4.2464678887128505e-05,0.8645068326609017,0,-0.007093987868597972,0.10872453959037838
50000,0.03,180,0.010506218009734452,0,0.0011415261843608455,0.7180666812963223,0,-0.0001311431610233995,0.997807878094974,0,0.0033374683281137143,0.4529899940075748
50000,0.03,181,0.011240953142554052,0,-0.00013631971897348378,0.9654942639093109,0,-0.00031193469905888607,0.12481250936070343,0,-0.0031458948100932913,0.4780942619745421
50000,0.03,182,0.011671997960892508,0,-0.0009732111773376336,0.7549643245852306,0,0.0002403743898485117,0.13994870547157467,0,-0.0015355647992719638,0.7291010826358726
50000,0.03,183,0.011330521726367912,0,0.0004380993783918532,0.8872945553574467,0,0.00018275357632450664,0.3279996462574901,0,-0.0024949387201008023,0.5708995991978905
50000,0.03,184,0.01376820227912822,0,0.0007480110111449294,0.8119789158042372,0,-0.00011569564941353106,0.6553972062346282,0,-0.0010489629611015981,0.8122454802071917
50000,0.03,185,0.013616760102084834,0,0.004176788122243833,0.1800967921314825,0,0.0003058035022571292,0.9834373270082788,0,0.003054756809268023,0.4896262986703066
50000,0.03,186,0.012630324694744254,0,-0.0002778246659266569,0.929727386863358,0,0.00010319687378042634,0.29036482621767123,0,0.006748959455843793,0.12839164847830714
50000,0.03,187,0.0120145714218756,0,0.0012074294890733917,0.700470376605079,0,-1.867177623169166e-05,0.34404675651453254,0,-0.0008624553824910028,0.8473476583825579
50000,0.03,188,0.010608853628309635,0,0.005170362730697956,0.10095117023045984,0,0.00036242293844687316,0.6862140165132729,0,0.00032811520226423723,0.9412467709602164
50000,0.03,189,0.0138211692118831,0,0.005759682958620805,0.06882251696020784,0,0.0005753816310024516,0.5506419895293351,0,0.00510914607233239,0.25024756295958916
50000,0.03,190,0.010771089307998293,1,-0.0067935135883978835,0.026866306123827233,1,-0.0003843204806688169,0.013026376311653376,0,-0.004578578703789419,0.29532603148038733
50000,0.03,191,0.011338063014597576,0,0.005487423344449791,0.0798063614689224,0,0.0005401035865383848,0.11699025381273798,0,0.00397926310678518,0.36927189982915554
50000,0.03,192,0.010613754265440985,0,-0.005595324656590851,0.07109756770923159,0,-0.00040000545290572,0.6346953199757625,0,-0.0005967425903346685,0.8924521723734153
50000,0.03,193,0.010027877973682119,0,0.001774020892184771,0.5716749091158073,0,-0.00012987371395090265,0.3404833330435767,0,-0.006533294199649921,0.14317539506884844
50000,0.03,194,0.010426099180389885,0,0.004851888925095895,0.12169101802810184,0,0.0001031830128236379,0.21208426311877449,0,0.0028818227139046646,0.5171166220679657
50000,0.03,195,0.012076741919417244,0,-0.0011525581583771258,0.7140206969055176,0,0.00014477974388022816,0.87828651617187,0,0.0017317733836242862,0.7003674051327818
50000,0.03,196,0.011240785098282259,0,-0.0006233966465849747,0.8423602537387795,0,4.905698117224036e-05,0.6397499874252441,0,0.0010223720112944063,0.817896522930404
50000,0.03,197,0.01041441822571938,0,0.0008997576259997814,0.77536551270899,0,0.0002570166474069965,0.3657565852107786,0,0.005578082527240609,0.20698865559976973
50000,0.03,198,0.012761374500103015,0,0.0008229044598728211,0.7949597745492405,0,-1.2959448799035056e-05,0.34730946516698524,0,0.0027655838876029645,0.533068585977557
50000,0.03,199,0.011820870435452678,0,0.0011904681477577848,0.7018647008884806,0,0.00035514124337982287,0.36763456857224086,0,0.00260713389354876,0.5523127497738399
50000,0.05,0,0.013840444010897571,0,0.0012544949541471299,0.6897909754961684,0,3.079031431122925e-05,0.6062929281722591,0,-0.005556860060300449,0.20806196291639478
50000,0.05,1,0.013317153201181459,0,-0.0037171468868996247,0.23765309982031682,0,-0.0002743351525463539,0.7434738680955019,0,-0.005296687972485503,0.2354822142801464
50000,0.05,2,0.009140029995405786,0,-0.00193549331329336,0.5340034046547575,0,4.299240570921231e-05,0.08808723122120365,0,-0.0018916836420795275,0.670608217052274
50000,0.05,3,0.01104474508944592,0,0.00020386443113971152,0.9478719392278203,0,0.00021198686429124437,0.2997321701358815,0,0.0014410152261627794,0.7456435176979888
50000,0.05,4,0.011554604280080764,0,0.0007492428613799805,0.8101167665129976,0,2.1923073956890145e-05,0.5152760685674302,0,0.006867651019751694,0.12245344804633293
50000,0.05,5,0.011249889103961736,0,0.0007777278158478478,0.8050739904748874,0,0.0002293910975585122,0.051557008419244155,0,0.0020180580335404973,0.648544128202077
50000,0.05,6,0.011601191977979314,0,0.002474979617429172,0.4337657535124313,0,0.00028887096081620355,0.06028593302508156,0,0.0023144168013678416,0.6018096086914734
50000,0.05,7,0.01279424548391665,0,0.0044245087478354955,0.1557951486408014,0,0.0002947535254932394,0.5845133460112406,0,0.004907805607894064,0.26441413088721333
50000,0.05,8,0.011468915335445262,0,0.0018117704705665938,0.5648204696117023,1,0.0001519025567777268,0.03922942334175339,0,-0.00044257562759160137,0.921177669479835
50000,0.05,9,0.011354332153592037,0,0.0030600402612862483,0.3244214883958565,0,0.0003484274410342523,0.8794621352823515,0,0.006080213530567832,0.16793132650648335
50000,0.05,10,0.011989814180217533,0,0.004126811992158886,0.19219384741915718,0,0.00038346468383126757,0.4949123155246419,0,0.005308021602290527,0.2321304962625016
50000,0.05,11,0.011123764448258104,0,-0.001971412950331522,0.5293992568003352,0,-0.00011005466641500883,0.3209720654765299,0,0.00547682950121018,0.2158065675942779
50000,0.05,12,0.011341456988729128,0,-0.003948606079467384,0.2103947307456733,0,-0.00027172020638165464,0.15366680959085155,0,-0.004925565077282325,0.2702370675239061
50000,0.05,13,0.010778392497282826,0,-0.002856524479524416,0.36068026906335826,0,0.00013378528107629528,0.840400480940926,0,-0.0019079907874901705,0.6658840544792293
50000,0.05,14,0.010876847918229906,0,0.0003007264234709732,0.923006557245778,0,-5.347707286412864e-05,0.5015304960863114,0,-0.003917675428384585,0.3774068437360022
50000,0.05,15,0.0134326408183456,0,0.0020879629006404178,0.5068714134597442,0,0.00022632081487440695,0.7816543616983888,0,0.0017282920866306948,0.6982781504233784
50000,0.05,16,0.010505054323185213,0,-0.0024169181115635385,0.4414450707443839,0,-7.651969017737648e-05,0.9755525069355603,0,-0.006669007358820983,0.13431073954758896
50000,0.05,17,0.0132901390526074,0,-0.0007538929250082219,0.8087199830239986,0,9.137207661901095e-05,0.8162361447156885,0,-0.0007686154201229157,0.861859845019378
50000,0.05,18,0.011784401390673995,0,0.004395593693146462,0.16123143729661946,1,0.00023032749569019652,0.025030953436484205,0,0.0044844541722741885,0.30954699839730315
50000,0.05,19,0.012334320586594638,0,0.0031563606323632056,0.32282454599008636,0,0.0002295545240413501,0.21842374219326677,0,0.0005548683846662285,0.9009443770931491
50000,0.05,20,0.013791167458030986,0,0.0061753923741026,0.051253634687950925,0,0.0003707657360479307,0.5769989140737146,0,0.007803026065326504,0.07881207488865787
50000,0.05,21,0.012130842384847924,0,0.0018377973420841758,0.5608159047043237,0,0.0003694934642239321,0.44210984960867283,0,0.0017989858497917798,0.6855181227311511
50000,0.05,22,0.01416167873752997,0,0.003899562792733542,0.21069895252306858,0,0.000282345909998669,0.09069002856107,0,0.0044174165960273164,0.3157674844271752
50000,0.05,23,0.011582998360037034,0,-0.002651137839571141,0.3983145255750221,0,-0.00011910778928547836,0.9042493873296803,0,-0.004342521641295706,0.3296015897520763
50000,0.05,24,0.01427767031349555,0,0.0004628719622041921,0.8841400080928576,0,4.882287027335595e-05,0.25660886867283517,0,0.000486893221818286,0.9134450210528324
50000,0.05,25,0.012822369557392408,0,-0.0012161544397755904,0.6994413943036394,0,-8.065185386992607e-05,0.844795800502592,0,-0.0047852169226821235,0.2811148991967087
50000,0.05,26,0.01328749200686792,0,0.001169392793804582,0.7118363370984002,0,2.1131420281467057e-05,0.7355845611686133,0,-0.0003930748650554092,0.9299002911544152
50000,0.05,27,0.012361408616945195,0,0.001496918007674965,0.6334223376767256,0,8.74753337609404e-05,0.23129030525948557,0,-0.00043430343961770246,0.922132817835272
50000,0.05,28,0.014608005827262058,0,-0.002010085778172999,0.5203234160808967,0,8.00918243693379e-05,0.21256992552491016,0,-0.0015567921934067509,0.7261797497551996
50000,0.05,29,0.011495673182680426,0,0.004506897949336159,0.15217898991290985,0,0.0003881379459770181,0.25801894617733434,0,0.0020421354769830104,0.6467580437415162
50000,0.05,30,0.011955743230922104,0,-0.0008446200732911022,0.7876482746773481,0,-0.0001519853890294397,0.6684482420614664,0,-0.00027668164152667345,0.9500320178303091
50000,0.05,31,0.012701894393807893,0,0.002554252885743163,0.4142270237556427,0,-6.873080404576661e-05,0.7661591768133519,0,0.008354944204358948,0.061059529624858326
50000,0.05,32,0.012721929037936877,0,-0.0048963921420491045,0.11900899481323188,0,-0.000582824191220397,0.7742133862856415,0,0.00555039823867706,0.21137113980963823
50000,0.05,33,0.01158944597219788,0,0.004216263781506923,0.1776138428927726,0,0.0003024354220148231,0.8332667264714305,0,0.0035142554488246463,0.42935029055415297
50000,0.05,34,0.01309943184519398,0,-0.0027556331216473723,0.37917503863314816,0,-0.000107390703168966,0.9133338203656043,0,-0.005314231660841283,0.23166878754622158
50000,0.05,35,0.013193074273221184,0,-0.00027467298490903974,0.9302467278783735,0,-0.00020508787887890743,0.89102801709436,0,-0.006474121290409004,0.14521738637744838
50000,0.05,36,0.010732043235896969,0,0.005941412680327052,0.05562097666844005,0,-0.00018105303522338872,0.6972692640750187,1,0.01245943698374334,0.004684763275251227
50000,0.05,37,0.010431115436960011,0,0.0006713714860985028,0.8308895502141926,0,1.9433821228814097e-05,0.6889981063506283,0,-0.0006002675334718097,0.8918304631883265
50000,0.05,38,0.012169985590509632,0,-0.0005506806781144718,0.8610962728539874,0,2.8502478335928168e-05,0.8337106321329739,0,-0.0015437807407114698,0.728006026772748
50000,0.05,39,0.011738301686180747,0,-0.001967178870326764,0.5323376465459442,0,-0.00014730819768741122,0.229056764851581,0,-0.007834624648401402,0.07758711897902167
50000,0.05,40,0.010189558706494035,0,-0.0011156944980411755,0.723637466094627,0,-0.0005198149878091037,0.5482129985330542,0,-0.004309484179786381,0.3310191824187293
50000,0.05,41,0.01090847529074159,0,-0.002846371964591303,0.3656592754496849,0,-9.365265294019053e-05,0.10100214527291107,0,-0.002339588461136547,0.5977893747669254
50000,0.05,42,0.010423168870454727,0,-0.0055959315663903315,0.06854109424794656,0,-0.00014683436660759027,0.19510896491529672,0,-0.006443402451232179,0.1427494600380654
50000,0.05,43,0.009690671900283807,1,-0.006249972585861692,0.045085122415695594,1,-0.00042191463604520534,0.036344230943297084,0,-0.004073994047888296,0.3577117919291919
50000,0.05,44,0.012675524596920026,0,-0.002451405062097779,0.43584301269195336,0,-1.1339990689460925e-05,0.9104425869453092,0,0.004078180728900519,0.3603451211543637
50000,0.05,45,0.011819424063248492,0,-0.004250569624038153,0.17473141553041602,1,-0.0004694378230347449,0.012291538775576316,0,0.0014514235885378895,0.7433520858268059
50000,0.05,46,0.010518389118965197,1,-0.007921676283417545,0.012326331352005946,0,4.384591219360477e-05,0.465228411360709,0,-0.007889732741028797,0.07752596509470626
50000,0.05,47,0.011867930178629329,0,0.003160062665137594,0.3145668009098586,0,-4.562544352397141e-05,0.0806493747817637,1,0.012091781428665812,0.006285544070610757
50000,0.05,48,0.012144689603446406,0,0.00021083586971298667,0.9473376210343794,0,9.265520240502872e-05,0.9551879328118444,0,0.004971525309075389,0.2699324991287254
50000,0.05,49,0.010408286164352777,0,-0.0002714588762999572,0.9309646716714544,0,-1.6506837579619334e-05,0.4343016040976928,0,0.006810426608104982,0.12311589249773025
50000,0.05,50,0.012937637876737053,1,-0.006943321384597796,0.027321261061021205,0,-0.0005773166827111112,0.7749780598897581,0,-0.006908757859938307,0.11981875701342651
50000,0.05,51,0.010529850884450546,0,-0.004120862261064983,0.19287082854610418,0,-0.0001684328035789077,0.7581710105077387,0,-0.0008201064931138473,0.8539794608061126
50000,0.05,52,0.01071134770692059,0,0.003984769452035695,0.21230049475230076,0,0.00032232679198013133,0.8961995634773735,0,-0.004073061392396722,0.362723742948455
50000,0.05,53,0.011966654421708,0,-0.0009318451338091697,0.766701675735278,0,-4.292453794333454e-05,0.8031204017344912,0,0.003184281987258391,0.47288079372092284
50000,0.05,54,0.012561822071741186,0,-0.00031969725232168956,0.9183229808250708,0,-1.94866892451729e-05,0.5262343442698103,0,0.007526746135979918,0.08649454317779255
50000,0.05,55,0.010516292743478785,0,-0.0013825596343010932,0.662527220960264,0,6.937835405487622e-05,0.6367786419471797,0,-0.0015348462108272917,0.7301896549975122
50000,0.05,56,0.011116518705293536,0,0.00217403485329528,0.4897249185039748,0,8.628906858411584e-05,0.9007939172891245,0,0.004844210385027335,0.2777662439508292
50000,0.05,57,0.011831117511921457,0,-0.002627046999464471,0.40416219383575613,0,0.0001484617521177001,0.08519459890067438,0,0.0025458803716373792,0.5662370116070954
50000,0.05,58,0.010637291775643452,1,0.0071577204401632065,0.023677963134621966,0,0.0005419135059229345,0.42593267749456665,1,0.009156925693717661,0.03953150004634439
50000,0.05,59,0.012439588829352841,0,0.003379943256457032,0.280450650675947,0,0.00018467985929503347,0.06476746456785598,0,0.0020768482403313894,0.6414548449071786
50000,0.05,60,0.010757695023171742,0,-0.0029234554111700938,0.3480329204524957,0,-0.0002894728165224587,0.6583638645774772,0,8.835035090509374e-05,0.9839803470800572
50000,0.05,61,0.009650519522087333,0,-0.0032995528928393405,0.29383209404210336,0,6.298591393548878e-05,0.9133641439253447,0,-0.003683468719661359,0.4091720574088866
50000,0.05,62,0.012416126565891377,0,0.004214094265322427,0.1771646313505799,0,0.00037215492496573907,0.957868948652315,0,-0.0013336084112466257,0.761694467288248
50000,0.05,63,0.01105111447395152,0,0.004533377659826239,0.14817972881798205,0,0.00015500242205669374,0.23576213072959973,0,-0.0002233549481685634,0.9598760282555873
50000,0.05,64,0.010786976443883855,1,0.012256928671526264,9.000862405874233e-05,0,0.0007210995525917054,0.4130162967609835,1,0.015618174984441749,0.00044302608349831824
50000,0.05,65,0.011271626823184569,0,-0.0009379820528944514,0.7651431402675934,0,0.00015627212587730535,0.5944838219258961,0,-0.007618060042278478,0.08696943555944285
50000,0.05,66,0.011325947790893064,0,-0.0013020452382161722,0.6794642585267605,0,-9.128684581146489e-05,0.6456055861632135,0,0.0003039409952692885,0.9454606696859553
50000,0.05,67,0.012671449861795641,0,0.003462687354853619,0.26994347149795916,0,0.0002696652984470211,0.8438127293830324,0,0.002007259347398452,0.6509116233133756
50000,0.05,68,0.011327725247571193,0,0.0016602236038096292,0.5984335217094168,0,-3.9427527890819355e-05,0.12663744478640582,0,0.0020622850449252563,0.6415166795777449
50000,0.05,69,0.011121381329761284,0,-0.0017713577895398294,0.5764950784089506,0,3.0482133370572128e-05,0.9347685933602932,0,-0.004536877806506064,0.30481143184512366
50000,0.05,70,0.011398375880783553,0,0.004669371365255838,0.12669878535832646,0,0.00039772066899939083,0.540923376671955,1,0.014231084694052272,0.0011835779363425227
50000,0.05,71,0.011151398197619053,0,-0.00011947880525573645,0.9691518544155799,0,0.00018130688386168323,0.2563612590047548,0,0.005234327533334575,0.2344086117734294
50000,0.05,72,0.010703749581000324,0,0.00308738972463447,0.3258280416620525,0,0.0004927038750419256,0.45317601222402715,0,0.00184868493464979,0.6767435957666821
50000,0.05,73,0.012434298743455271,0,0.002898926809792659,0.36174090596260056,0,0.0002529856660802794,0.2699047137569329,0,-0.00043911423076199827,0.9211452865392045
50000,0.05,74,0.013347973271434246,0,-0.0001075558912182619,0.9724078156802114,0,-0.00019679931821171593,0.919644656743043,0,-0.0033892246461056895,0.438933445717973
50000,0.05,75,0.013125051594648588,0,-0.0023758459800591034,0.4542060194828188,0,-0.00030989854667618763,0.1472979229925333,0,-0.00015226631155499943,0.972736121732499
50000,0.05,76,0.00904901087512923,0,0.0020607112173288028,0.518513218611188,0,0.0001530731003485254,0.6727912546147199,0,0.004630462173021264,0.30300300214399334
50000,0.05,77,0.013435963979477163,0,0.002605032577260028,0.4089394406979069,0,0.0002597010384630786,0.4157473040446167,0,-0.0020932547295783115,0.6365049108342117
50000,0.05,78,0.01104624174244695,0,-0.00455713463449383,0.14356544579023475,0,-3.869016331108818e-05,0.7957733762383916,0,-0.0009538552233298326,0.8304264250418532
50000,0.05,79,0.011252301646899604,0,-0.0005647308866645262,0.857897875333453,0,-0.00011778450792201881,0.7653465434461126,0,0.002604207581495974,0.5604561247836871
50000,0.05,80,0.009537979228634636,0,0.00019367433919832244,0.9512192753407138,0,0.00011427424320236292,0.43508451576252927,0,-0.004759325094385544,0.28884319022113336
50000,0.05,81,0.010618676250286362,0,0.0015017391546850373,0.6386610658669165,1,0.00012955006416340276,0.002662642824252881,0,-0.0013375545900810675,0.7640144186781459
50000,0.05,82,0.01232887813539254,0,0.005308171975480235,0.09200072703075021,0,0.0002646004495383024,0.5008321971496692,0,0.004863790798313208,0.2760274045604607
50000,0.05,83,0.012894772029383496,0,-0.0023004545450040453,0.4646111288007352,0,6.782790702067917e-05,0.9718288786398143,0,-0.004274933269865069,0.3336307914193498
50000,0.05,84,0.00900421951077654,0,0.003066575248168514,0.3282540181924192,1,0.00023746850642337232,0.021896506614211053,0,0.007154380113581877,0.10813792775289335
50000,0.05,85,0.010426966270454634,0,0.0006211158373535935,0.8419845845401025,0,0.00032427277432532664,0.9097141565156743,0,0.00018505007765899943,0.9666320421660314
50000,0.05,86,0.01240077198005127,0,-0.0005096172584011669,0.8711981993820679,0,-0.00034325813702780884,0.8791990844528415,0,-6.0710063834858575e-05,0.9891395907932876
50000,0.05,87,0.012982481917070552,0,0.0029368870396800995,0.3503350195795484,0,0.0001571653422756407,0.4370761332539481,0,0.004296944726907219,0.3356120181874698
50000,0.05,88,0.01207242248405999,0,0.004258688714968001,0.1715533548969997,0,0.00020008014992296274,0.5259680059439108,0,0.007957226627136577,0.0725509875082286
50000,0.05,89,0.009465988252168427,0,-0.0018692245199129394,0.5495302106715749,0,-5.457233766881171e-06,0.6435372029097012,0,-0.003196292141839136,0.4694849654311084
50000,0.05,90,0.011583484797312749,0,0.0031535952711213354,0.31592285793172575,0,0.0001736065685744134,0.558183629050645,0,-0.003869204658782021,0.38564343731057427
50000,0.05,91,0.014421937266884783,0,-0.0020644472570269484,0.5133927242345337,0,-0.0001235641418957933,0.14220039985535116,0,0.0010694664752496795,0.8100062004961843
50000,0.05,92,0.012904662450995476,0,0.0011924863011326108,0.708259673262424,0,0.0001810799531093561,0.6272390855273156,0,0.0023135703191610336,0.6053741095543395
50000,0.05,93,0.011126504622958498,0,0.0024722106290697835,0.42844139221228195,0,0.00016995328649465995,0.8101979293833613,1,0.00937171535360189,0.03506799693082909
50000,0.05,94,0.009962515871356195,0,0.00570985433581128,0.07116663855819172,0,0.00041386058806606074,0.7600837410153956,0,-0.00023656638090593235,0.9574317325269726
50000,0.05,95,0.010790784531319875,0,-0.0016931566890955323,0.5913464693273132,0,-6.304573955768262e-05,0.46505220498345423,0,0.0013563536928673054,0.7611772172054501
50000,0.05,96,0.012850244396457398,0,-0.005551606254257159,0.07968189195201929,0,-0.00028238741704964324,0.5189982384183299,0,0.002339256353517115,0.5982726312767055
50000,0.05,97,0.012159394559448778,0,-0.0014664792164122797,0.6388551602123376,0,6.383600914908447e-06,0.30950656313373526,0,-0.0009757112200619532,0.8247938135430064
50000,0.05,98,0.009226319361428726,0,-0.001072167421755935,0.7326739895710188,0,-8.898682492354744e-05,0.9454151224327955,0,0.00024313004854336663,0.9562531603835938
50000,0.05,99,0.012047296496971999,0,0.006026970236767817,0.05414175286818575,0,0.0005111524891764023,0.7553941971187672,0,0.005058334047660272,0.25379841270508
50000,0.05,100,0.011202461093573987,0,0.0010816847563516253,0.7312164983950481,0,1.9323302202863856e-05,0.12034015010281796,0,0.004476946077358979,0.31521880529920965
50000,0.05,101,0.01382336365443655,0,0.00202021572124371,0.5231870610657401,0,0.00011569284534118438,0.9699131188835639,0,0.0023086317534744896,0.6032252830443364
50000,0.05,102,0.011561647195583303,0,-0.0013849220953511487,0.6606016944024345,0,-0.00016386800778327217,0.6492769466045922,0,0.005585318164982432,0.20706860825548137
50000,0.05,103,0.012612656531062649,0,-0.00014105639506822388,0.9637445429223594,0,-0.0003395952887295966,0.20699718737296802,0,5.0504089372804557e-05,0.9908706814060549
50000,0.05,104,0.011300734591510894,0,0.005798060399437814,0.06445790367685308,0,0.0003941852902285068,0.5574261406228314,1,0.009107633310784244,0.03947282088329578
50000,0.05,105,0.010528171881388576,0,8.83911229744196e-05,0.9773368186374635,0,0.00018929966973849682,0.9677476934071236,0,0.0007476333631916198,0.8640886777630974
50000,0.05,106,0.01209379637601977,0,-0.0036857520129288937,0.2371167101421649,0,-0.0002912569675400486,0.13643272218478608,0,-0.0037764704529685837,0.39403942304468687
50000,0.05,107,0.0100909200937305,0,0.0011250353772180213,0.7196457772859816,0,-4.291158831401935e-05,0.5218139383985836,0,-0.000863416980567887,0.8455170081623045
50000,0.05,108,0.010793924034440525,0,-0.0008232320182248964,0.7932422938614961,0,3.461702823234173e-05,0.8977110454150753,0,0.0021704943240479406,0.6243190283277607
50000,0.05,109,0.012779875497200287,0,0.003311379197893231,0.2891210947892604,0,0.00028278754961956845,0.22120217896513394,1,0.008773672510487262,0.045289306027743455
50000,0.05,110,0.01144030720994458,0,0.00039634538629116235,0.8989602011664537,0,4.449015154497688e-05,0.3099998916255168,0,0.0009603783483813963,0.8270566912059552
50000,0.05,111,0.009713727980410652,0,-0.005041128112204234,0.10910459589428906,0,-0.0005699237664010702,0.05001049243566713,1,-0.01131245258158073,0.012248908509994735
50000,0.05,112,0.011920277882173308,0,-0.006095693286848101,0.052002252847089626,0,-0.0005619532187339865,0.8441214146101312,0,-0.007596134220197264,0.08673556163119474
50000,0.05,113,0.009324256109227833,0,-0.0005868573178657762,0.8520371903247839,0,-0.00014724589331650186,0.25288012256404546,0,-0.006126815483579559,0.16705216844054543
50000,0.05,114,0.011460837483947226,0,0.0026604739042177363,0.4009007106683732,0,0.0002046625281220556,0.699905781222409,0,-0.0006448402075399062,0.8844875509693446
50000,0.05,115,0.013328047748331115,0,0.002026437006382255,0.5158730433560921,0,0.0003757435018990729,0.921167174319549,0,-1.1044036694846148e-05,0.998013380184783
50000,0.05,116,0.01204270047907465,0,0.0015964203780837523,0.6075110388166157,0,0.00017299910626872306,0.28359785246811786,0,0.005929307323075879,0.17563846804269306
50000,0.05,117,0.010341337894008595,1,-0.006872287002267271,0.02778512192982192,0,-0.00016811209679118248,0.2087155057985578,0,0.001696391520225618,0.7022779396834613
50000,0.05,118,0.010380237425690554,0,-0.001890361325149675,0.5479795317583157,0,5.2544054920321414e-05,0.43944109902815454,0,0.0019346497287507152,0.6624067389415131
50000,0.05,119,0.01081335949118933,0,-0.002497972693609069,0.4287231886524464,0,-0.00020342280282911762,0.20513689527914247,0,-0.0006552578653583552,0.8830852728037711
50000,0.05,120,0.01059807811152356,0,-0.0029705457318386047,0.34195203947178765,0,-9.76955731544567e-05,0.6930275688961296,0,-0.0025957896757965787,0.55863493097104
50000,0.05,121,0.009407637817865891,0,-0.0028058844773407618,0.37393980523150183,0,-0.00040025683625008305,0.4562588774228544,0,-0.0011972427140489517,0.7881804497952853
50000,0.05,122,0.011526406300310033,0,0.004540554188949754,0.1517019874438252,0,9.114714845341247e-05,0.5173759812906353,0,0.007500135105146294,0.09152982511333328
50000,0.05,123,0.01363739489447302,0,0.0029705226024622543,0.34551074918507163,0,0.0002719634459977793,0.8767440928664014,0,0.0020927846098228045,0.6396401330118366
50000,0.05,124,0.009942749261345314,0,0.003148934943195731,0.3184909920458401,0,0.00020854232533331724,0.10725469725537318,0,0.004023331460912676,0.365592054598494
50000,0.05,125,0.010898940551927513,0,-0.002569263804034336,0.413438912884055,0,-0.000252294313806466,0.6286765350200267,0,-0.004838559060533163,0.27524202144660437
50000,0.05,126,0.009270166523061202,0,0.0049933038238341165,0.11202320806025519,0,0.0005137322521486466,0.726445868208091,0,0.007118393549905819,0.11078670374689353
50000,0.05,127,0.013116124131268015,0,0.0035235675704371654,0.25384089140246857,0,-0.00013095971826020816,0.050998097997088654,0,0.0031639837586501674,0.47137986898236606
50000,0.05,128,0.011504474264885578,0,0.004580197659464359,0.14525811410854522,0,0.0003550475810318733,0.4209295309784151,0,0.00033359581345634927,0.940162809965388
50000,0.05,129,0.012290534414867797,0,0.0015527726575077548,0.6261428094222367,0,1.0617182046590402e-05,0.7872097998908564,0,-0.007596722817422234,0.09001180678709078
50000,0.05,130,0.012479454646506745,0,-0.004687919957621988,0.13260975209227271,0,9.15168496115718e-05,0.13309692999053913,0,0.003207746261053354,0.472516290797548
50000,0.05,131,0.011920522605074903,0,0.004558016906721812,0.14465120221140962,0,2.7603369754499496e-05,0.5071488313722172,0,0.0011975275853141794,0.7865592271076436
50000,0.05,132,0.009988462068057096,0,-1.0035014851565867e-05,0.9974288184454596,0,-0.0005189327647941663,0.770579007915225,0,0.0022952120421224406,0.6034445681031133
50000,0.05,133,0.011825583405490645,0,0.005342306532689275,0.08795786920562476,0,0.0004427801926822785,0.5638198462491929,0,0.004445261136694813,0.31707561632375
50000,0.05,134,0.012543536054259855,0,-0.002059918575886979,0.5117815084356419,0,-6.267613566213846e-05,0.5477199108388318,0,-0.003949050670511167,0.3748487461008526
50000,0.05,135,0.013242939097635655,0,0.0016899867528921315,0.5916036211000689,0,-0.0001257560333423512,0.9042671190396984,0,-0.0038249831458925425,0.38951210709716977
50000,0.05,136,0.012162171392167498,0,-0.0010832785981807766,0.7307016229803593,0,-4.95062176492265e-06,0.849553772813729,0,-0.00025203586586517487,0.9548739302426739
50000,0.05,137,0.010621604376620046,1,0.007213719970122247,0.021508696518049045,0,0.0003225353832134927,0.9488725907913618,0,0.005769979519091449,0.1943040657102143
50000,0.05,138,0.013375305111590918,0,-0.005261113622587954,0.09321699935952871,0,-0.0006040818512616684,0.2238151583111001,0,-0.00640671204430353,0.14755204628801902
50000,0.05,139,0.011788095213791866,0,-0.003672744676537473,0.23864846348017518,1,7.722997799608056e-06,0.030291167765576166,0,-0.0036330732234017534,0.40866804304731474
50000,0.05,140,0.011601942601309916,0,-0.0019129869870124787,0.5420940181905844,0,2.877705498465228e-05,0.42610681275030116,0,0.0016976827625737486,0.701973277156384
50000,0.05,141,0.011761145823667718,0,-0.0011972210671544943,0.7012250057725302,0,0.0002225896159296637,0.7196938797066166,0,-0.0006022996444900135,0.8922192978274659
50000,0.05,142,0.01269687403973779,0,0.005161402953966166,0.09986607217033058,0,0.0004101514944420166,0.25467040435775345,0,0.006938235069802681,0.12002655191957623
50000,0.05,143,0.013499553624451436,0,-0.001635028468526926,0.598275249902849,0,-0.0005552224061202071,0.10387251362758643,0,-0.0071578850454265255,0.10409848887641837
50000,0.05,144,0.0129862633084012,0,-0.003439402679119201,0.2717808575788751,0,-0.0003020091560419239,0.5828954057972431,0,-0.0026035075900737517,0.5570014843667822
50000,0.05,145,0.010328685007410124,1,0.010178840655528671,0.0009156420541266443,0,0.000579113683408184,0.5635208340683071,1,0.013401248483752943,0.0024116007037093394
50000,0.05,146,0.011078413323629263,0,0.0012441091503666026,0.6930607003991611,0,-0.0002364239962828402,0.7449582422171964,0,-0.004968039572458379,0.2614749667646284
50000,0.05,147,0.012273497985616671,0,-0.0015708892206382557,0.6170946766106855,0,0.0002588155515290071,0.48224472033554633,0,0.0054819821610544595,0.2159923854579829
50000,0.05,148,0.010788034518368916,1,0.006949026640794719,0.02474677639029247,0,0.0003459795683826494,0.9484662676634628,0,0.0037593899598002472,0.39362539385290674
50000,0.05,149,0.010678683255790163,0,-0.0028238358543203456,0.3733020143077711,0,-0.0003571373142872944,0.3678314216021725,0,-0.0003675003121557461,0.9347071472451932
50000,0.05,150,0.012098661425210105,0,-0.0006099814315606391,0.8446295341163153,0,-0.00023396095143266653,0.32431527504784385,0,0.0015685417445784416,0.7203276425782513
50000,0.05,151,0.012621865704306422,0,-0.00023201462811220402,0.941239652412097,0,-0.0002430478922703411,0.7041350100374378,0,0.002703551720782485,0.5446851123235776
50000,0.05,152,0.011911441823235386,0,0.004780560845026442,0.1321398544358981,0,0.00017113515514494848,0.3827041590383602,0,0.0019535021532393797,0.6622413877561921
50000,0.05,153,0.011043876725102635,0,-0.0013806400404158474,0.6582917510318478,0,-0.00029252576780589994,0.26738150808465777,0,0.002360112431196332,0.5922149359063813
50000,0.05,154,0.010844745745819895,0,0.005878545381528155,0.06371257792255725,0,0.00018068751920839098,0.3547899302474933,0,0.005861969993869083,0.18746636638933847
50000,0.05,155,0.009082849475510708,0,0.0006390141796445005,0.8385141316662547,0,0.00013174183402779195,0.4565824914585892,0,-0.004183886695197645,0.34557176173541104
50000,0.05,156,0.011095918008399666,0,-0.005868246869740262,0.061860906439840484,0,-0.00030429013803490146,0.767085387320263,0,0.0001245590560683895,0.9775404884571472
50000,0.05,157,0.010407097647007384,0,-0.0010508294946007671,0.7354375363717898,0,-0.00021395168232874256,0.5569034700305402,0,0.0025045649289533794,0.5714127506046054
50000,0.05,158,0.011205250155427041,0,-0.0011120796672489238,0.7214077103634604,0,-7.884484354976847e-05,0.7096437637559783,0,0.002730598085569946,0.5385813233449974
50000,0.05,159,0.010741068277029087,0,-0.002585525067582331,0.4125251705257814,0,-2.2260217965357474e-05,0.20695502863428572,0,-0.004878277919683017,0.2760520509057751
50000,0.05,160,0.012749842152124638,0,0.0036393413278983707,0.25022299605370607,0,0.00021978676742166829,0.4117619744146943,0,0.0026390697339595103,0.5521264771460939
50000,0.05,161,0.010921253836024538,0,-0.003178503362430125,0.3066056226869786,0,-0.00011050964408853923,0.5735220731444122,0,-2.545699722561088e-05,0.9953849578533807
50000,0.05,162,0.010249885187897356,0,-0.0012411228105269692,0.6956134042472246,0,2.7734020649399555e-05,0.8788043626440551,0,-0.001114674625908068,0.8029778232870808
50000,0.05,163,0.013512793155044044,0,0.0036030702473108475,0.25264933036502724,0,0.0007289937350037467,0.9423369957648783,0,0.005177412694984284,0.24395757367154244
50000,0.05,164,0.011162475511300536,0,-0.0008197544823873048,0.7957010982719791,0,0.00036873726712836023,0.9826870366195237,0,-0.0026047847735585347,0.5591306975478534
50000,0.05,165,0.01008182739410469,0,-0.0009731152873648518,0.7546280729125123,0,3.201975447331909e-06,0.7279928231058648,0,-0.0015717924595878244,0.7231131754295331
50000,0.05,166,0.01258952154778934,0,0.0010354317594009842,0.7397029621384654,0,-1.5206905722210908e-05,0.43499830894733216,0,0.002101724711377523,0.6351636322800387
50000,0.05,167,0.011285099221180839,0,-0.0025369646103376724,0.4174372757009971,0,1.3780936304634838e-05,0.24829487542176198,0,-0.0022759649720789717,0.6057033406464056
50000,0.05,168,0.013073379150592613,0,-0.002067751095923633,0.5111562754856251,0,0.00019559475599200708,0.10328605750316311,0,-0.0018090391108888508,0.683302694081046
50000,0.05,169,0.012617560344473406,0,-0.0035218650278632533,0.26457567636352425,0,-0.0003845232753324429,0.3427227696342534,0,-0.003850747380760103,0.3854576565469956
50000,0.05,170,0.012554175289951666,0,0.00022487205162666896,0.9432853582808127,0,0.00011775327138272259,0.15480122731466217,0,-0.0038915215936904364,0.38205726422610786
50000,0.05,171,0.01179940586451238,0,0.004133807356224849,0.1856709501524646,0,0.00032446119369265226,0.367923082136563,0,0.004802895022028811,0.2771109870895397
50000,0.05,172,0.012903867104822088,0,0.004602691866958742,0.1420296366978568,1,0.0005838985407909508,0.0242337869416559,0,0.006364855031202279,0.1520739249471617
50000,0.05,173,0.01175280558559511,0,-0.00038914422991399313,0.9016849464717935,0,-0.00035427191976839895,0.3425414312196404,0,-0.0026764288385950357,0.5446402592411337
50000,0.05,174,0.009509735097862081,0,-0.00441114342300388,0.15926472588795837,0,-0.00021495326476731117,0.21805223021150721,0,-0.005591468592814159,0.2082317910712644
50000,0.05,175,0.011804778265442791,0,0.0023304402172765267,0.46050243628744303,0,5.4248113500276465e-05,0.17572934295930254,0,-0.0006777749974862794,0.8789063717374551
50000,0.05,176,0.010287815705072804,0,0.004340850007447761,0.16120056876988276,0,0.00012699264575783857,0.47724039524257655,0,0.004713157055195654,0.28457326997614013
50000,0.05,177,0.01186049459636595,0,0.004650164034587348,0.1373805613712874,0,0.0006538435521029027,0.4334126739405668,0,0.006996185771655857,0.11374967895727141
50000,0.05,178,0.012472740126540007,0,0.004415452970343152,0.16487505642252434,0,0.000265872366856475,0.7342370064257026,0,0.001571554840774394,0.724875435157873
50000,0.05,179,0.010779434273359848,0,0.0006315641132073314,0.8416094112735799,1,8.041689418628294e-05,0.005803679047530874,0,0.0055414526153583585,0.21659112287288554
50000,0.05,180,0.012023831671332585,1,0.008831460091867157,0.004292098609789742,0,0.00046176994092889264,0.626196989323987,1,0.011930690491820085,0.006665974661589317
50000,0.05,181,0.01334776895852189,0,-0.0014806283825055144,0.6358522520367346,0,0.0002181417633054727,0.826290236716041,0,-0.007271987852620106,0.10110130173137123
50000,0.05,182,0.010504064793693367,0,-0.0010076049138888843,0.7512478910364124,0,-0.00020806138607059287,0.6746400576061917,0,0.0003898940027929759,0.9305268088941663
50000,0.05,183,0.01333027450050174,0,-0.00022378915770066888,0.9437692549700982,0,-9.584560682698153e-05,0.26435862058446324,0,0.00725791423060745,0.10430949320259213
50000,0.05,184,0.013368120126747065,0,0.0022381680863066845,0.47608580845090287,0,0.00021865177276862274,0.156986011349866,0,0.004750561455239593,0.28594053457724267
50000,0.05,185,0.010365789917630026,0,-0.0004094517630516707,0.8961218604221304,0,2.78405431199032e-05,0.43077908726886616,0,-0.0001944104022988519,0.965082380087734
50000,0.05,186,0.009921396227878194,0,-0.0005393515093141244,0.8631683061339166,0,0.00011338661446619144,0.5155863290043204,0,-0.004817603399768954,0.2770023210814093
50000,0.05,187,0.012754424105292528,0,0.0019593648119338673,0.5362682468601783,0,0.0001710391317048975,0.31165959469152793,0,-0.002178022213762235,0.6264604754126757
50000,0.05,188,0.010761959294668479,0,-0.0020255501746288414,0.5188126000215803,0,-0.00036642278242462697,0.5066988482247369,0,-0.00403093855276007,0.3641510916504742
50000,0.05,189,0.012583731949258065,1,-0.011676834490640844,0.00018119536977627824,0,-0.0005944490132228379,0.8862057381161936,1,-0.010265077361965195,0.020657208200047558
50000,0.05,190,0.013653978761327828,0,0.0017989324283922952,0.5661509166801204,0,0.00024293519598435725,0.28649660424347956,0,-0.002014245710873213,0.6495344175222786
50000,0.05,191,0.009677840237389011,0,0.002971216646431894,0.3498005979931319,0,0.0004572897209339533,0.8787306321714957,0,0.005967702370750731,0.1848452116060242
50000,0.05,192,0.009439358310610692,0,-0.0038879541528460465,0.21766589756667784,0,-0.00015086011376529398,0.33749588607733816,0,-0.005678451865462733,0.20467071573474116
50000,0.05,193,0.010439575238286907,0,0.004141989977588008,0.18755830840623075,0,0.0002502055136396159,0.29149030059349523,0,0.004545424882886449,0.3056024427648594
50000,0.05,194,0.012749027160745769,0,0.002140163455636173,0.49628241499495296,0,0.0002540984059709434,0.10744281607971584,0,0.002779757786579057,0.529086334456675
50000,0.05,195,0.014474595252409513,0,0.005920687360504069,0.05720575288801835,0,0.0005981692610505388,0.49677742731319097,0,0.008505450683746422,0.05442571478937927
50000,0.05,196,0.011677611397505873,0,-0.00047594761355979683,0.8792762895444786,0,-3.9078180830502195e-06,0.8583584853363627,0,-0.0007631071563358904,0.862850609418955
50000,0.05,197,0.012585709654701472,0,-0.0023882901152207834,0.445007753515963,0,-0.00030975907400684053,0.5481287007096746,0,-0.002254907382542256,0.6109393771923943
50000,0.05,198,0.010393021089833268,0,0.0016474292123871254,0.6028433795155004,0,0.0002636343652621453,0.8157054548039332,0,-0.00010364798720371128,0.981493699876207
50000,0.05,199,0.010165070518950693,0,0.004815017621123758,0.12715914298683229,0,0.00014282953427210344,0.517645192278092,0,0.004918443550318933,0.26917498395792944
50000,0.1,0,0.011523063822654743,0,0.004706771638299427,0.13484896319070033,0,0.00040735875723402806,0.5060630398462251,0,0.0063255882934455535,0.15705683824971262
50000,0.1,1,0.011962093944997294,0,0.004261009458728629,0.1784266479463961,0,-2.8806671659147277e-05,0.9619915371274386,0,0.004529784858508173,0.30824155916400076
50000,0.1,2,0.012085140160160813,0,-0.003828942688937434,0.22078322209121187,0,-0.00032334474667258405,0.8007314791857671,1,-0.01466650133231889,0.0009164204318632651
50000,0.1,3,0.01184872950566163,0,-0.0033134826061170133,0.2953485710774187,1,-0.0002733258063637332,0.03404597512760388,0,-0.0002220119528472206,0.9603941998969361
50000,0.1,4,0.01268674842439824,0,-0.003839129992987965,0.21727126298164123,0,-0.00042898609279056995,0.3661861274192272,0,-0.007135674461291523,0.10559427985721076
50000,0.1,5,0.012211293689401936,0,-0.0010265873299177676,0.7425823812402738,0,-0.00015522369040986685,0.8428014503638976,0,0.001971353733175992,0.6570554298220646
50000,0.1,6,0.011759415791462056,0,0.0016122926128198743,0.6072156559461572,0,6.962352504671293e-05,0.51289323254923,0,0.0048712103430217785,0.27404175931229235
50000,0.1,7,0.011749959413563786,0,0.006183249035220443,0.05204290589116808,0,0.00030218822739909516,0.9740731692815543,0,0.0004201732184343245,0.9247388849325766
50000,0.1,8,0.013430208755911714,0,-0.0019173486340430563,0.540450473250949,0,3.9243000724404555e-05,0.19519159726031676,0,-0.004133324048857256,0.35245685262699866
50000,0.1,9,0.012873735900592239,0,-0.002573374915819021,0.4124265882140752,0,-0.00020668682593935148,0.9479688618762391,0,-0.0026795642413395826,0.542831773095328
50000,0.1,10,0.010227952373671662,0,-0.0009744656948388779,0.7549816707474717,0,0.0002737947257992413,0.7365353496079006,0,0.002869208759932386,0.5136765919913868
50000,0.1,11,0.010997621143090233,0,0.0008707654701361608,0.7818405358355189,0,0.00012986776211132176,0.46926536540912656,0,0.000880680757572748,0.8430543923280983
50000,0.1,12,0.011445201746188498,0,-0.0019421226244915935,0.5336186607949565,0,-8.552044597330293e-05,0.7350396479227906,0,0.0005572126197333114,0.898850017245809
50000,0.1,13,0.011421707233600111,0,0.003560423455812871,0.2614743721066096,0,5.3713944532827215e-05,0.18260277553825865,0,0.004852337822303338,0.2730794013285224
50000,0.1,14,0.011965605953334874,0,0.00149572886876338,0.6347261831005138,0,-3.135747127084418e-05,0.8142571284507873,0,0.0017244120008308352,0.6978853104779329
50000,0.1,15,0.012332397383372459,0,0.006009266900357731,0.054456503158412224,0,0.0004438816763791473,0.7130483403886186,0,0.0006419549611544994,0.8855441823630801
50000,0.1,16,0.011178180844672602,0,-0.0016259568967557632,0.6043161508583647,0,-0.00017321036688786628,0.5421884725074277,0,0.002831888435635297,0.5229879799190662
50000,0.1,17,0.010082822368442042,0,0.003930063491826213,0.21046470133921963,0,-6.624360328825211e-05,0.503607920407282,0,0.008349885108362154,0.062220911846985416
50000,0.1,18,0.012507952519010258,0,0.004464686415211284,0.15292185335703712,0,0.0005759274316394425,0.5895087374267466,0,0.002094370442310442,0.6374669282776865
50000,0.1,19,0.009230802793488126,1,0.00784805431181055,0.013236403778550952,0,0.0005690464090528231,0.43864917811516935,1,0.010711910813373166,0.015606459787334336
50000,0.1,20,0.012164102201079104,0,-0.00022797228480037545,0.9420311311009996,0,-2.196937053227889e-06,0.5425544851237136,0,-0.0007516682006335358,0.8654302362631944
50000,0.1,21,0.010197829125556727,0,0.001721794649783083,0.5845440647597457,0,5.963053243812325e-05,0.6222408706313394,0,-0.0013858956057156671,0.7544148665474469
50000,0.1,22,0.009363516684562248,0,-0.001208431580563407,0.6986834014441305,0,7.550756367707871e-07,0.2466282676104632,0,-0.002602296049931538,0.5585465620957915
50000,0.1,23,0.011555632733700466,0,-0.0020723915187567236,0.512145611115612,0,-0.00027195916006029315,0.17195893702685106,0,-0.0028221957737088296,0.5273536539759051
50000,0.1,24,0.011629915985692048,0,-8.686504196473745e-05,0.9777422665112936,0,2.903212332733502e-05,0.23081054214796903,0,-0.005152139834348946,0.24438982687907404
50000,0.1,25,0.011696103612366834,0,-0.0004878163582177959,0.8756787048564003,0,0.0002517757044997285,0.28353882827328447,0,0.0029609065735660823,0.5065071282685711
50000,0.1,26,0.010778603118890267,0,0.0015883523606862243,0.6178122287177197,0,0.0002456733014265921,0.33933969713611367,0,0.0042542767096689915,0.3412096275537103
50000,0.1,27,0.009961168837500972,0,0.004030340378868364,0.1893769519141796,0,-0.00011110195112447453,0.39061604792114935,0,0.0018820600085932041,0.6677530741374008
50000,0.1,28,0.011427548840056315,0,-0.001037629052848092,0.7397777047336627,0,-0.00034098991458714455,0.6322057376497316,0,-0.0034113546981557616,0.4426499358149335
50000,0.1,29,0.011981284187442088,0,-0.0009764503822414093,0.7585752448033729,0,-0.00022153347959299807,0.6830915034356471,1,-0.008899921704184806,0.04644367322346728
50000,0.1,30,0.01149705549462911,0,-0.004400845297028039,0.1608945841701043,0,-6.333492049453899e-05,0.9405102083996921,0,-0.007441918902728779,0.0930677635750164
50000,0.1,31,0.01269773136950793,0,-0.004145894652069663,0.19247445625394025,0,-0.00019757302987744496,0.8274443404759307,0,-0.003916917319009563,0.37609882503489556
50000,0.1,32,0.010139783615364918,0,0.0019225589675814485,0.5432089907565678,0,-0.00010838330859319659,0.7892532705350974,0,0.001634676139518746,0.7150221144735287
50000,0.1,33,0.012293091893197005,0,0.0050192157216283955,0.10818741375929256,0,0.00035158424688814394,0.6066569989694465,0,0.0038800145512594875,0.3811677405591354
50000,0.1,34,0.012856932495686318,0,0.0011479696780984027,0.7131069959210146,0,-8.151049994691115e-05,0.12399254629866874,0,0.0013551755026047834,0.757931968495801
50000,0.1,35,0.014965109407437656,0,-0.0009201534912110941,0.7713135860617226,0,-0.00014383022503021943,0.24734316792937228,0,-0.0026480272986720756,0.5525121207214566
50000,0.1,36,0.0142033623456372,0,0.005708091981475438,0.0671841986490071,0,0.00022295613720028223,0.7628156567555309,0,0.007908783768995929,0.07329676894690448
50000,0.1,37,0.011192473080633257,0,-0.0002904803799966606,0.9264773462552642,0,9.403055909159035e-05,0.2397455309925367,0,-0.00032815204441861913,0.9411966897029296
50000,0.1,38,0.01055124184909024,0,-0.0008495132050120007,0.7875166893543641,0,-7.160040515149732e-05,0.9949929597139813,0,0.0029689332176893878,0.5035422406530039
50000,0.1,39,0.011528557754742794,0,0.0005964525764508768,0.8500404366866245,0,-0.00010409327236634783,0.2408227500845066,0,-0.003672979643062723,0.409895958878732
50000,0.1,40,0.012632708266694876,0,-0.0033106485948649414,0.2897420731688563,0,-0.00041513374748372095,0.20532538872686823,0,-0.003077815322925142,0.4890370019710122
50000,0.1,41,0.010959746577055573,0,0.002362797145781669,0.453436757022198,0,0.0003030024533259184,0.8689385433933934,0,0.0025320182281959786,0.5662776181887277
50000,0.1,42,0.012289898416747195,1,0.007654831998906881,0.015048013730738715,0,0.0005711127106142576,0.22548900623805335,0,0.004389437846712392,0.32305372179518577
50000,0.1,43,0.01022255476767955,0,0.00496698463363052,0.11159798771276754,0,0.0002325963648734518,0.4684645078093246,0,0.004075274316912247,0.35647692594576497
50000,0.1,44,0.012282413818479415,0,0.0015953420259582044,0.6100624156172739,0,1.2295916344985414e-05,0.5101143995007026,0,0.0015065137945974702,0.7339081508940025
50000,0.1,45,0.010493228047459797,0,-0.001671236893633181,0.5923080157814093,0,0.00033377312640809904,0.32022668494730766,0,-0.004286217912979174,0.33270365909662536
50000,0.1,46,0.011245896086416374,0,-0.0025975560509259024,0.4047488494314109,0,-0.00024666704187362767,0.8668084924434788,0,0.0003910265466726297,0.929271770049265
50000,0.1,47,0.012208938810180852,0,0.0011857942423886625,0.7041349794909152,1,0.0002454953419975222,0.042555709505759376,0,0.0011345235450851965,0.7956401080430688
50000,0.1,48,0.009888281625472733,0,0.005274973696232559,0.09147736533690136,0,0.00029406305588689397,0.16773386967237358,0,0.0035962274535741227,0.4153876341531568
50000,0.1,49,0.011819505084107179,0,-0.0021767061499197824,0.49049420760273643,0,-0.00037345050031190036,0.4772224433688166,0,-0.0036438440724643898,0.4127207332944681
50000,0.1,50,0.012554032458525849,0,-0.000662510703150476,0.8323070383283926,0,-0.00019420693104444867,0.801015119440323,0,-0.003651973064903076,0.41100945721884985
50000,0.1,51,0.010923223507026954,0,0.0017309800398075926,0.5869016504949822,0,0.00017428010054838157,0.33091867169958133,0,0.0008659258373332329,0.8471256031623289
50000,0.1,52,0.011124458375402196,0,0.0038676427249467404,0.21328968548749444,0,-0.0003898546736060551,0.9500482853858965,0,-0.008163712695083144,0.06711457634085381
50000,0.1,53,0.012119248233842929,0,0.0008565604565146628,0.7840702690261967,0,0.00016835845927312844,0.7636678602212588,0,0.003631853326550711,0.4095647503755089
50000,0.1,54,0.01172429103536846,0,-0.004122094698735611,0.19158669198619419,0,-3.772301529648705e-05,0.7225494924228832,0,-0.008099032822123523,0.07112543675257522
50000,0.1,55,0.012195841250863312,0,-0.00036260417804209895,0.907882938305368,0,-4.916401281872401e-05,0.41578535422093754,0,0.001333402229462461,0.7627394719536663
50000,0.1,56,0.013166928545271624,0,0.0019935352031976703,0.5237219725846742,0,6.17411647341969e-05,0.21073596968243447,0,-0.001838368616852164,0.6771316414072025
50000,0.1,57,0.013384700580353282,0,2.388737249208535e-05,0.9938955769542728,0,-0.00028950259505964893,0.7690625896437346,0,0.0028731509406412703,0.5120302432900414
50000,0.1,58,0.011619921643050642,0,-0.00221790962188255,0.4813608087530238,0,-0.0001153537757936973,0.37286870695269636,0,-0.004796089833801663,0.28317029385889503
50000,0.1,59,0.010448629117907265,0,0.0023223232112164938,0.4605553152533576,0,0.0002556006992262885,0.08488920884835882,0,0.0010067912380115683,0.8200254758818752
50000,0.1,60,0.01023723121941332,0,0.004254153129436818,0.18014484091106875,1,0.0003812443043752433,0.04405073320832387,0,0.0037618779594197054,0.4000996471370082
50000,0.1,61,0.010036145768831129,0,-0.0031476983501805087,0.3148650992484555,0,-0.0003120310420250567,0.314311941775699,0,-0.00638714690528401,0.1469959208825962
50000,0.1,62,0.012732451744994855,0,-0.001100938872185072,0.7271296804281502,0,-0.00026647655375180827,0.9642881177071931,0,0.001091643415532268,0.8061934318774063
50000,0.1,63,0.013400734697619208,0,-3.737422883761944e-05,0.9905273033601769,0,3.6019556071430325e-05,0.6873707530667141,0,-0.002519415623298796,0.5709511762899991
50000,0.1,64,0.010629352602311687,0,0.005515843586597461,0.08209854082613431,0,0.00047688578132925593,0.09013844106567082,0,0.003809095078914007,0.39292247526783386
50000,0.1,65,0.012780480478387098,1,0.007306097806077711,0.019520696459749312,0,0.0004624084432802367,0.6254498145195064,0,0.0018213192506487106,0.6811772258171098
50000,0.1,66,0.012064337997780209,0,0.00042324496243730095,0.8923800639440362,0,0.00016077613630886928,0.3356372013041189,0,-0.0002999917026970906,0.9460108830163649
50000,0.1,67,0.012244218958513924,1,-0.006739557711243998,0.032803813864633005,0,-0.00044484844322620885,0.3569077560007302,1,-0.010291388120430716,0.02064895736807413
50000,0.1,68,0.012392766849817919,0,0.0036712635741756234,0.24564077416204638,0,0.0003308976223175302,0.2688164168975826,0,0.004391823708748708,0.32596666981951006
50000,0.1,69,0.00990193889646668,0,0.002765226618222607,0.3731004724078686,0,-9.041515211219782e-05,0.5023269864283006,0,2.443305957443569e-05,0.9956025084940299
50000,0.1,70,0.011362833319911829,0,-0.001388896527836622,0.6594376351103772,0,-8.516104722265417e-05,0.3302288232663375,0,-0.0019198260779750322,0.6651737190841419
50000,0.1,71,0.012992114034237369,0,0.001981164199881989,0.5279790900285254,0,0.0001487194043813806,0.22051541020604293,0,0.003788735945277285,0.39600805302178965
50000,0.1,72,0.010583195543066509,0,-0.0004288541919140283,0.8906995976952138,0,-0.00014618761773883606,0.13949016811327497,0,0.0012603577933016923,0.7755996322679388
50000,0.1,73,0.009628535080017795,1,-0.007371482893285275,0.021351782972526403,0,-0.0005091803860778949,0.27304627722948904,0,-0.006130546748845629,0.1699646709871377
50000,0.1,74,0.011988857068674431,0,-0.002730195527253431,0.3844610793075779,0,-0.0001155048703183366,0.911095390610376,0,0.0017385329717605107,0.6938597918572394
50000,0.1,75,0.011567616054657743,0,0.0038757769970517147,0.21774118821205093,0,0.00018205601603745914,0.4012604492838112,0,0.006521575178146208,0.146024894659061
50000,0.1,76,0.011514163022436456,0,-0.0033398885274879622,0.28746811185330506,0,-0.000396396871125559,0.22251546746190698,0,-0.0027044099771182965,0.5388673415262434
50000,0.1,77,0.012614999949469824,0,-0.0002813280270538124,0.9282708448984421,0,-6.636018582059381e-05,0.21557815313012418,0,-0.00047953762531667804,0.9131434242961556
50000,0.1,78,0.011333032172659107,0,-0.001496338135997686,0.6328189057967306,0,-7.115470909602791e-05,0.7103865657714529,0,-0.002750316758683119,0.5341277518881522
50000,0.1,79,0.011755024249232839,0,-0.005220792589183798,0.09277495468432567,0,-0.0003271579631106098,0.4019684214915866,1,-0.010188126094670229,0.02132817129838668
50000,0.1,80,0.010449905763487848,0,-0.004471341502734229,0.14980077477853918,0,0.00010499251011757261,0.9011973660420958,0,-0.004408159724124253,0.3184280854162914
50000,0.1,81,0.012816308316613694,0,0.004817513228767377,0.12256350980897247,0,0.00037386579925965745,0.49948239129047556,0,0.0008855628084278996,0.8406721889151212
50000,0.1,82,0.013116911082503641,0,-0.0006241569830219662,0.8442404192658228,0,-4.070647602445382e-06,0.34963831149853275,0,0.0024126404807144988,0.5893950532197056
50000,0.1,83,0.010963168321141834,0,0.002585885859478627,0.4108488386617849,0,0.00010145069308447088,0.7286126782279814,0,0.000313634709633894,0.9438631042771755
50000,0.1,84,0.011386279493515613,0,0.003336147735728927,0.2903391980235775,0,0.00022760901174738685,0.6868645754960659,0,0.002042589550426608,0.6476856454690929
50000,0.1,85,0.01155214238284352,0,0.0002930685834503291,0.9259654693159864,0,-0.0003100211885169647,0.172490628800533,0,0.0015797760551477273,0.7208188553557267
50000,0.1,86,0.010610096141680207,0,0.002753505763680055,0.3764888294604928,0,-6.162155900630052e-05,0.950834849225994,0,-0.0022290555318210765,0.6141992991596767
50000,0.1,87,0.012692592481695056,0,0.002300259741851718,0.4624307085610303,0,0.00034386970943299055,0.21338198636024697,0,0.0070654399468423786,0.10924414624644577
50000,0.1,88,0.010188875399795265,0,-0.0003396697532665415,0.915024119540518,0,-0.0002825091951196179,0.9126932329704174,0,-0.0019482030019485578,0.6623298128861816
50000,0.1,89,0.008560374273251237,0,0.00018934588156368026,0.9515409905703089,0,0.0003802389673501625,0.133737281257839,0,0.002919632244732669,0.5063566382431824
50000,0.1,90,0.011424786156914881,0,-0.00140794105036983,0.6565670227095738,0,-3.861271262687142e-05,0.2225844190687497,0,0.000690161516884762,0.8773934588524174
50000,0.1,91,0.010694999513836444,0,0.0030895457356466837,0.32691217174862774,0,0.0004315437968947556,0.6420888529273108,0,0.00341539694105228,0.4431014065675827
50000,0.1,92,0.009646144027885674,0,0.001121882301257936,0.722403316093102,0,-0.00010097054377328068,0.5577762563553865,0,0.00625691954547919,0.16159076065894995
50000,0.1,93,0.01120435851150279,0,0.004422585997762687,0.16032492286131203,0,0.0001368221344877423,0.3072721191826292,0,0.0013251482471484935,0.7664528414667298
50000,0.1,94,0.012210418689237348,0,0.0008377061957691016,0.7907507153792077,0,-0.0002149253900041906,0.05598984853519873,0,-0.0008143083473717316,0.8538427742119074
50000,0.1,95,0.012330974030579646,0,0.003724739285750294,0.23766074668131526,0,0.00021667095157813725,0.9312808901132854,0,0.0017254995671064617,0.6978363423252758
50000,0.1,96,0.014020203725893141,0,-0.0017086978209676432,0.5866069908328938,0,-0.000374264183149912,0.36943116805172227,0,0.005470080013949798,0.2165826465088194
50000,0.1,97,0.011735277787127999,0,-0.0006227652192676742,0.8440767953498831,0,2.8980087498587965e-05,0.8976380897409072,0,-0.0014390025868512984,0.7483813697381475
50000,0.1,98,0.012790925913526563,1,-0.0063151050638320235,0.043008286563979294,0,-0.0005131197521481876,0.7432189633894684,0,-0.006912915066782194,0.11560855740461824
50000,0.1,99,0.012214844028207555,0,-0.002613387111025504,0.40366824590557737,0,-0.00027905753607568773,0.25127923193947743,0,-0.0019238204439468412,0.6646216606270521
50000,0.1,100,0.011126811851565534,0,-0.0006706866539492378,0.830336110394889,1,-0.00023120058874997313,0.0008033236172249048,0,-0.006542308486820195,0.14294094385176437
50000,0.1,101,0.012015086471232903,0,0.002936691600423567,0.35560914863036186,0,-5.346365574260042e-05,0.8421675083167848,0,0.00021945115624238685,0.9606398195219567
50000,0.1,102,0.01279435594356745,0,0.004153828650104271,0.19360480827942253,0,0.0005679032126403163,0.25646026323499727,0,0.00641419338763497,0.15503171786723807
50000,0.1,103,0.010542091554704393,0,0.0010898831057011753,0.7287587588955811,0,-9.970577926961266e-06,0.6469017650765099,0,0.003005853866281675,0.5016192937850976
50000,0.1,104,0.012891311732762697,0,0.00035415642337739,0.9093252055462575,0,-9.19293880497881e-05,0.20222166823107068,0,-0.001685899873649667,0.7031767687741913
50000,0.1,105,0.012962249201691662,0,0.005287815790375453,0.0890368931337068,0,0.0004732566697615711,0.9861371664265842,0,0.006513465332444598,0.14003440023712888
50000,0.1,106,0.011409110959707957,0,0.0023948739339352968,0.4460917535248624,0,9.719106529687726e-05,0.6963594122680759,0,0.000916414763165242,0.8368123543993495
50000,0.1,107,0.010806507145392254,0,0.003599916017622739,0.2520167964374268,0,0.00020873155853228548,0.06686780701397932,0,-0.001667715072130718,0.706576450972594
50000,0.1,108,0.011451859810213091,0,-0.0003161799141961039,0.9202402099265918,0,3.329485474599758e-05,0.7506532473640802,0,0.00044987459709609887,0.9188862781165612
50000,0.1,109,0.011470715229194968,0,-0.0017875214044730035,0.56477637430593,0,-0.00018355032126850913,0.7090284010176038,0,0.003428430055558388,0.4368886552631063
50000,0.1,110,0.012468043266134793,0,-1.388698196400453e-05,0.9964940800946483,0,7.344927868466819e-05,0.13414184906236826,0,0.004582254351652295,0.3053037924209054
50000,0.1,111,0.01195770428070344,0,-0.00016041655815295975,0.959402950492443,0,-4.605406150447098e-05,0.7881127882713299,0,0.0020126266246129816,0.648931449732904
50000,0.1,112,0.011834393324723072,0,4.382218441917725e-06,0.9988888569126491,0,7.733634134104555e-05,0.9149986757725779,0,0.003758380464412195,0.39711559704364074
50000,0.1,113,0.012264528088978835,0,-0.0005436876905393416,0.8621928700024858,0,-0.000109143165142705,0.6960516235368657,0,0.0033008215944939903,0.4536679189567252
50000,0.1,114,0.010513268783919743,0,0.0001554419340689842,0.9607685872928446,0,0.0002986968388698093,0.8866251826687974,0,-0.0031557830915471953,0.4822867098602843
50000,0.1,115,0.011918693245057774,0,0.002303226769997136,0.4639455322127549,0,-0.00012144564456226759,0.5830841532247268,0,-0.001580372382323203,0.7215016323917838
50000,0.1,116,0.011348354061227413,0,0.0030236616974192946,0.33293285895437663,0,-0.0001569824240999667,0.6422453520531156,0,0.005046384419521216,0.2537729921869808
50000,0.1,117,0.010552456695304323,0,0.000525529774819494,0.8674839152102073,0,-0.00021918665807794057,0.12168337469039969,0,-0.0017092234183632357,0.6975984043837761
50000,0.1,118,0.012723669679924726,0,0.0035991612415651295,0.24780095124303816,0,0.00045243034877287893,0.9140512662413198,0,0.007314986607586263,0.09786364346620582
50000,0.1,119,0.011112562633592091,0,-0.001251475603745902,0.6905261676540584,0,-4.633485718923081e-05,0.5774864763583363,0,0.0015777487638287723,0.7242079299765156
50000,0.1,120,0.01284865224341289,1,-0.0065028637091465655,0.039317831875580946,0,7.151546932604092e-05,0.6658033813202944,1,-0.009634687812423687,0.028814875387000678
50000,0.1,121,0.011447790057517707,0,0.0021943985257644265,0.4877697340846384,0,0.00033498368742973023,0.6628851447576374,0,0.002333494482684391,0.6007296408083846
50000,0.1,122,0.01180837695938769,0,-6.703460450544114e-05,0.9829057209488493,0,0.00010393682816599276,0.5088415754204488,0,-0.002980658284981152,0.5024153588637463
50000,0.1,123,0.012387466238025587,0,-0.0013403535815442913,0.6694270879081663,0,-0.00022917463451788662,0.1845984603108144,0,-0.0031265209528858777,0.4787616769963634
50000,0.1,124,0.010828632431527837,0,0.0045318626356813715,0.15141665531517845,0,0.00024988991935713203,0.3423781568897024,0,-0.0019282080120457531,0.6650179241504193
50000,0.1,125,0.010766238285790118,1,0.007039236185974898,0.025109823663749465,1,0.0008366813971302942,0.02025214438302314,0,0.00479198421197495,0.2816099699475022
50000,0.1,126,0.010754450204473333,0,-0.0022036953995385896,0.4777663670782223,0,-0.00011158264342506044,0.9322490143793956,0,-0.0021523635485596842,0.6259077330205647
50000,0.1,127,0.011805362259302789,1,0.007191083368366345,0.021590138385180972,0,0.0008285085800535387,0.27992820365714377,0,0.006842968916248036,0.12354181223698515
50000,0.1,128,0.012020573618557646,0,0.004626449417060375,0.14151483133270817,0,0.00014695769680788447,0.11384537556319607,0,0.0035843036345096276,0.4207671117010051
50000,0.1,129,0.010163555833694505,0,-0.0001051212366643343,0.9733959187282675,0,0.00011731812779878465,0.3526768369151646,0,-0.0034883934913247563,0.4361755934712286
50000,0.1,130,0.013178869378859445,0,-0.0037542148012657288,0.2289641780608246,0,-0.00010329238557914287,0.2756109745585603,0,0.0002887123640915604,0.9475601930641089
50000,0.1,131,0.01301265351935438,0,-0.0008095893159478782,0.7972810329176012,0,0.00011590958725691273,0.23231530735465866,0,0.002284442986135981,0.6098150428208821
50000,0.1,132,0.011501109669733414,0,0.004374714172404373,0.16538295262685637,0,0.00025112290067476903,0.1780556733879859,0,0.0016908196107495617,0.7023347257112338
50000,0.1,133,0.01136852828541274,0,0.00013479205696582014,0.9658193726264882,0,0.0001237024728429782,0.16464760698613978,0,-0.0026120967972939556,0.5567661689761145
50000,0.1,134,0.011402275202904183,0,-0.004947973527463701,0.11577153746180176,0,-0.00012547571938465338,0.41142934471752823,0,-0.0075533127380827125,0.0885982870962435
50000,0.1,135,0.011697166667576989,0,-0.0006700651500722741,0.8316404859839649,0,-9.932800290133128e-05,0.865571045770467,0,-0.0012199680693262844,0.7837740216225653
50000,0.1,136,0.011333622396276343,0,0.0019382652297139365,0.5379990345925657,0,-0.00020856153031782593,0.6833488223359998,0,-0.0015301727179319242,0.7305021597972787
50000,0.1,137,0.01193852913764612,0,0.0024343562994947254,0.43999742200480807,0,8.975730561296289e-05,0.16467272189275173,0,-0.00030121328066736884,0.9457928601190466
50000,0.1,138,0.012749924061214103,0,0.001235167169309922,0.6925490656903746,0,4.3172505782691004e-05,0.6217822404729277,0,0.0032374148956445734,0.46571732127246435
50000,0.1,139,0.010947052588019276,0,0.0008617830388730339,0.7826980542276852,0,0.0001355980644628742,0.6639070374867673,0,0.003808836327159427,0.3923483675182896
50000,0.1,140,0.012978268117722269,0,0.00502391650102442,0.11427056354196977,0,0.0006112345615143653,0.7304034965745569,0,0.006400699416188388,0.15188807882516475
50000,0.1,141,0.012291294766875351,1,0.006387767664413019,0.04242209358874403,0,0.0004747815251793327,0.16333907914899093,0,0.003461703341900702,0.43380406888510104
50000,0.1,142,0.011388128137929039,0,-0.00023987634997110432,0.9391522591502635,0,-5.895261117481683e-05,0.45619672848041337,0,0.0032286683245520667,0.4666434242867916
50000,0.1,143,0.012005643198546004,0,0.0051324294294311235,0.10477031758572207,0,0.0004910883246888617,0.8577583333737805,1,0.009348993893841714,0.03618893363176109
50000,0.1,144,0.012597032045852075,0,-0.006157102139039968,0.05068239562299443,0,-0.000528731987459836,0.10410064583559431,0,-0.006935317237502441,0.12011647752000289
50000,0.1,145,0.010486627447820075,0,0.0006798538666531852,0.8293490518117436,0,-0.0004912754747012359,0.2942839582208482,0,0.0030646896108464505,0.4937069062955185
50000,0.1,146,0.012581971804406364,0,-0.0011285682668963502,0.7200758797169866,0,8.98988459763834e-05,0.7515902054554637,0,-0.0023682649161992034,0.5896796331876843
50000,0.1,147,0.011184615704283038,0,0.004473921497102813,0.15241084512524417,0,0.00033606611761621016,0.321583212754495,0,0.00292758651986291,0.5113417763413706
50000,0.1,148,0.012621598872543181,0,0.004366454205100216,0.16164229151620377,0,0.00014853192583192258,0.10752840101217753,0,0.0035437341366693536,0.42176471672918714
50000,0.1,149,0.011537606394090894,0,0.0031119428803741524,0.3238747818326724,0,0.00027836164813152396,0.3914925006264739,0,0.002560724225043295,0.5655758291799924
50000,0.1,150,0.010462507951471035,0,0.002913452011583891,0.35953246565329144,0,0.0003652737256148843,0.7376664184431128,0,0.0038600995477561274,0.38825795364010574
50000,0.1,151,0.011203108709074684,0,-0.00042805511606675993,0.8907821650453789,0,0.00013493692583866514,0.9479793320072731,0,0.005666275205678,0.20097772092332758
50000,0.1,152,0.010745852976839533,0,-0.0017896352446945861,0.5733730499829588,0,4.6390506006137166e-05,0.5613396504527448,0,0.0008758942494252545,0.8443690557851056
50000,0.1,153,0.009350826808020313,0,0.0002973249218919395,0.9248606983451639,0,0.00012625873475907148,0.6516839468981378,0,0.004373233869154641,0.32703689663755875
50000,0.1,154,0.014879722806437923,0,-0.0033302112826766716,0.2909565696194696,0,-0.00026051848613396387,0.22066879289808583,0,0.0017301553153101826,0.6954495735133708
50000,0.1,155,0.010336011095991715,0,-0.0032392153621304993,0.3058860320247972,0,-0.0003660222128570483,0.5985857750687902,0,-4.672111046950334e-05,0.9916500989636035
50000,0.1,156,0.015116237223387853,0,0.0004607283123791286,0.8827825120022391,0,0.0003149004179848015,0.6796961087258417,0,0.00037177469462620373,0.933255966124871
50000,0.1,157,0.013807750636125351,0,0.0018040431278809731,0.5651354597463694,0,0.00027382730758991055,0.4824273853230414,0,0.006790694650536105,0.12672531338300633
50000,0.1,158,0.011797529785242842,0,-0.0017393490920538253,0.5816780183568551,0,-2.1591759070624635e-05,0.16806292987542792,0,-0.00030822723243343063,0.9444479267492395
50000,0.1,159,0.011573743020097905,0,0.001890970772153134,0.5427478451924581,0,0.00013942846907102687,0.3903340336744128,0,0.004823046869156281,0.27670677019726814
50000,0.1,160,0.012722110026061495,0,0.004873418420949912,0.12014424527082458,0,0.00040403013409548585,0.49696632320136924,0,0.002262573756233576,0.60894155586664
50000,0.1,161,0.012086892941564413,0,-0.0018323219138353722,0.5594533723930658,0,0.00013297874469308987,0.7488507492977402,0,-0.0019765485550266183,0.6568017333250236
50000,0.1,162,0.010494676575799246,1,-0.006201805106797866,0.0497574185648986,0,-0.0005511025111972724,0.9337046411542268,0,-0.003791331092391109,0.3952374640745695
50000,0.1,163,0.011363183389413365,0,-0.00038629529411914477,0.901388074737422,0,6.318507609251858e-05,0.8594922728291001,0,0.003709814984335317,0.39989578404618287
50000,0.1,164,0.011472921757668881,0,-0.0013882701720643932,0.6571081949206565,0,-0.0001612787946558045,0.8443334921590306,0,-0.0016871103657653918,0.7018991299612433
50000,0.1,165,0.012741678790203012,1,-0.00655967156893399,0.03626924524643693,0,-0.000410261363353194,0.1502577126948782,0,-0.007059181090895784,0.11019248200537672
50000,0.1,166,0.011035415951299088,0,0.003690509024810269,0.23803900581728182,0,4.797487807360747e-05,0.2986951285857662,0,0.0029681516012847976,0.5026468035056586
50000,0.1,167,0.010078586361191638,0,0.004749872607642748,0.12787319019919433,0,0.0002487560659115194,0.25455470961102455,0,0.00716874635590294,0.10176569820616228
50000,0.1,168,0.010278498333669736,0,-0.0013839378856958524,0.6614913783426544,0,-9.061639630784433e-05,0.11995781355176982,0,-0.0040774250313003494,0.3602491161166783
50000,0.1,169,0.013456386667093872,0,-0.0018406436904840244,0.5574474905833688,1,4.10441068469293e-05,0.0005485501032258533,0,0.00011043082130010015,0.9798575518929493
50000,0.1,170,0.012368737737747167,0,-0.00017453058953943376,0.9554770222874776,0,0.00023743707330163902,0.2645790665537068,0,0.0018457242265284887,0.6741506902877757
50000,0.1,171,0.013467995755046371,0,-0.000182928872792536,0.9531781549946039,0,0.00019664861989439545,0.44779379538547426,0,0.0027695144165565473,0.5290035843087124
50000,0.1,172,0.01396980233235884,0,-0.005134756112755085,0.09835684104751029,0,0.00010877550617632416,0.5625647596157856,0,-0.002830841597158929,0.5201006495166718
50000,0.1,173,0.010235309817115774,0,-0.005188576013348782,0.09844712650304235,0,-0.00048730483919496106,0.6870100636046883,0,-0.004116657299069092,0.3512861350901192
50000,0.1,174,0.010414274157947436,0,0.00012495952131638774,0.9681070355064644,0,0.00023061787775325432,0.9841335612755404,0,-0.0002294215637982886,0.9586397544217642
50000,0.1,175,0.01293105553471708,0,-0.0027408725228689704,0.38546300144569146,0,0.00013556414998489141,0.14957279245792732,0,-0.00118585370616318,0.7899748065497327
50000,0.1,176,0.010130944612086717,1,-0.007920925702251209,0.01163650027539633,0,-0.0005221749483983786,0.13250269276687676,0,-0.006884493147857657,0.12162532679922614
50000,0.1,177,0.011023680785390557,0,-0.0015534634195863996,0.619871825329569,0,-5.123024618541207e-05,0.74177385103833,0,0.006829649565219873,0.1276429110102998
50000,0.1,178,0.011787370870519249,0,-0.0035414684544418868,0.25815677148231236,0,-0.0002829116121776973,0.8984676276135638,0,-0.005289659105069086,0.23117668283517273
50000,0.1,179,0.009086855019718239,1,-0.006396180589477343,0.039589473382129974,0,-0.0002606580844857189,0.7324409541941174,0,-0.005512632626289456,0.20785421559695308
50000,0.1,180,0.012752458651142029,0,0.0021850240490138718,0.48165962640487625,0,1.6898642523510776e-05,0.6331912722783672,0,0.0034407192871806647,0.4318895928349038
50000,0.1,181,0.012228343049001812,0,-0.0028126239646457346,0.3701199196824744,0,-0.00023653368584951185,0.7017120055440835,0,-0.007080474378956363,0.11053943310952398
50000,0.1,182,0.009500431015937404,1,-0.006228101362177814,0.04316954524230919,0,0.00019006214266222276,0.346494199843729,0,-0.004429187656590882,0.3145994475405014
50000,0.1,183,0.012461823133126522,0,0.0028012784057340552,0.37364562302768844,0,0.00011871806397668285,0.6532037004506568,0,0.00499137009435916,0.2646332404429698
50000,0.1,184,0.012876754400238354,0,-9.063685258506134e-05,0.9770109787011051,0,-0.00028707869872415294,0.6370335314672593,0,0.004046952284616294,0.35969730695364244
50000,0.1,185,0.011174774840559754,0,0.0020984055389656675,0.5019773561813945,0,0.0003351075029511628,0.24827844894272788,0,0.002171232552507192,0.6230795276382879
50000,0.1,186,0.01076935488911831,0,-0.0005895399106901739,0.848647894883924,1,0.0002468146839282814,0.03260650775754803,0,0.0023935303929382146,0.5833966612586741
50000,0.1,187,0.012916365883283073,0,0.0027607091625574177,0.38156155144109083,0,0.00037248275733654617,0.7913297354875902,0,0.003998933246057688,0.3691111369978959
50000,0.1,188,0.012793238344846428,0,0.0048737637054492074,0.12329448921550067,0,0.00023741362262229634,0.5753165556677802,0,0.008008518874072794,0.07321345648967764
50000,0.1,189,0.009655692058861512,0,-0.0037240320462083904,0.23497737614550687,0,-5.883706830498513e-05,0.9048426027660816,0,-0.003327699589110467,0.4548483755348536
50000,0.1,190,0.011781749319424913,0,-0.005332620637460906,0.08708121486196851,0,-0.0001660700139407003,0.29373076347973304,0,-0.005854802384311486,0.1855488975509362
50000,0.1,191,0.01353888568450457,0,0.005257074039155702,0.09417902711910636,0,0.00011687253958278515,0.08505129237300302,1,0.011997251641507329,0.006785609772818526
50000,0.1,192,0.011843174401287106,0,-0.0021541028312773514,0.49435235558958834,0,-0.0002805422490576658,0.5144945296245703,0,-0.0027346169239783587,0.5377657978145673
50000,0.1,193,0.011192128046239345,0,0.0010540309082316273,0.740045299316004,0,5.9601067018003256e-05,0.45864918949559386,0,0.0035865520626167913,0.42425513215427335
50000,0.1,194,0.01217368651258026,0,0.00011401764472174247,0.9710567696746158,0,-6.768059013883941e-05,0.9916354218311321,0,0.0058201866195215,0.19095788566724706
50000,0.1,195,0.011676325407687026,0,-0.003318231946956119,0.2899773203197943,0,-0.000205016229512767,0.5597961955959592,1,-0.009568628791651235,0.03100219808799044
50000,0.1,196,0.011660336814797447,0,0.0010886768082367113,0.7278947864317611,0,-7.145787391694672e-05,0.7000720144729335,0,0.0028880133916193897,0.5127044484721579
50000,0.1,197,0.009264831293540754,0,-0.00013027072593240174,0.9672695423661934,0,4.9737254840379175e-05,0.23059776047427094,0,-0.0024851562052776717,0.5777347526952055
50000,0.1,198,0.011444676958774965,0,-0.003184413031304972,0.315116725084641,0,-0.0001669918503979833,0.2383648257485791,0,-0.0037284400603169155,0.4053788174523444
50000,0.1,199,0.010671815993566208,0,-0.003048146055160223,0.3289103521785477,0,2.2274540150598288e-05,0.8195277767032774,1,-0.012106814955653682,0.00653970963659375
